ID	gene_id	CHROM	POS	REF	ALT	QUAL	FILTER	PRECISE	SVTYPE	CHR2	END	PE	MAPQ	CT	CIPOS	CIEND	SRMAPQ	INSLEN	HOMLEN	SR	SRQ	CONSENSUS	CE	seqnames	start	end	width	strand	source	type	gene_source	gene_biotype	gene_name
DEL00000184	ENSBTAG00000015875	5	106889056	T	<DEL>	.	PASS	TRUE	DEL	5	106889681	0	0	3to5	-4,4	-4,4	60	0	5	3	0.963636	TCTAAGACCAGCGGGAGCCCTTCCTGGGCAGAGATGAAGAACTGTGCTGGCGGTGATGCAGCCAGCTGCCCCCTGGACAACAGCTTGACCAACATCCAGTGGCTTGGAA	1.97032	5	106886687	106900663	13977	+	ensembl	gene	ensembl	protein_coding	FOXM1
DEL00000185	ENSBTAG00000015875	5	106889831	A	<DEL>	.	PASS	TRUE	DEL	5	106891425	2	60	3to5	-4,4	-4,4	60	0	4	3	0.97541	GAAGAAAAGGAGAATCTTCACCTGGAGCAGAGTCAGGCCAAGAGCCCTCAGGTGGAGAGGCCCCCTGCAGCGTCAGCACCCTGGCCGGACTCCGTGTCTGAACGACCCCCATACTCCTACAT	1.94729	5	106886687	106900663	13977	+	ensembl	gene	ensembl	protein_coding	FOXM1
DUP00000190	ENSBTAG00000024888	6	5432986	T	<DUP>	.	PASS	TRUE	DUP	6	5800660	35	60	5to3	-1,1	-1,1	60	0	0	14	0.97449	GGGTGCACATTATGGGCACAGCCCTTTACCCTGTACTTATCAGAGAGCTTTGCTAGAACAGCATCCAGCCAGGCTGCAGAGCACGGACCTGTTGTAAGTATAGGTGGTGCCAGTCTGTAATGTTTTTATGTTCAAAGTTTTCTAAAATTGGCACTGTTTAAAATTTAAGACTGAAAACAACAGTAATGTAAGTA	1.97475	6	5745779	5894011	148233	+	ensembl	gene	ensembl	protein_coding	PDE5A
DEL00000202	ENSBTAG00000007522	6	26177708	G	<DEL>	.	PASS	TRUE	DEL	6	26179225	2	60	3to5	-1,1	-1,1	60	0	0	3	0.977099	TTTTAGTCAATAACAAACTATAACTGAGATTAGAACCCTAGATTTTAAGCTTCAAAGAGGCCAAAAAGTGCCCATTCATTTTCAGTGAATATCAGCCACATGTGTTATGAAATTCAGATGTCTTAGATGAC	1.91721	6	26124919	26275541	150623	-	ensembl	gene	ensembl	protein_coding	RAP1GDS1
DEL00000263	ENSBTAG00000030259	7	81127670	A	<DEL>	.	PASS	TRUE	DEL	7	81128724	0	0	3to5	-8,8	-8,8	60	0	7	3	0.98	AGCAAGCTAAAGAAGCTATTGATTTCTTTTTATCCCAAAGAAAATAAATATATAATTTAAAATCCCTCCCAAGAACTGCAAGAGCTAATTAGGGACACTC	1.87528	7	80980518	81243270	262753	+	ensembl	gene	ensembl	protein_coding	RASGRF2
DEL00000309	ENSBTAG00000020238	9	11302564	T	<DEL>	.	PASS	TRUE	DEL	9	11302653	0	0	3to5	-3,3	-3,3	60	0	2	3	0.98913	TTCCTTTGTGAAGAACAGTCCTGGGAATCAGGCAAACTTTAATGGCTGCTGTTAGAAGTAAAAGAACAGGAAGAGGTATAAAAATAATACTT	1.90593	9	11090230	11695382	605153	+	ensembl	gene	ensembl	protein_coding	RIMS1
DEL00000329	ENSBTAG00000020829	9	66460452	G	<DEL>	.	PASS	TRUE	DEL	9	66460807	0	0	3to5	-11,11	-11,11	60	0	10	4	1	GTATGAGGTGGTTGGATGGCATCATGGCATCACCAACTCCCGAAGCTTGCTCAAACTCATGTCCGTCGAGTCAGTAAAGCCATCCAGACATCTCCAACAAGCATTATACCACC	1.98298	9	66006739	66619640	612902	-	ensembl	gene	ensembl	protein_coding	PTPRK
DEL00000389	ENSBTAG00000046684	10	100868530	A	<DEL>	.	PASS	TRUE	DEL	10	100961024	0	0	3to5	-3,3	-3,3	60	0	2	3	0.952941	TGTTCAAAAGCATCATGGCAGTGGCAGCGTCAATGTCAGGATATTGCAGGAGGGCTCCGTTCCTCTTGAAGAAGGTTCTGCCT	1.99051	10	100831725	101280707	448983	-	ensembl	gene	ensembl	protein_coding	FOXN3
DUP00000445	ENSBTAG00000003934	12	36292504	T	<DUP>	.	PASS	TRUE	DUP	12	36292557	0	0	5to3	-2,2	-2,2	60	0	1	3	0.981481	AATTCAATCTTTTTTAACCTTCAGGGAGGATTTTTGTTTACATAATTAATACATAATTCAA	1.76746	12	36270996	36321788	50793	+	ensembl	gene	ensembl	protein_coding	PSPC1
DEL00000491	ENSBTAG00000049977	13	35846908	A	<DEL>	.	PASS	TRUE	DEL	13	35847154	0	0	3to5	-11,11	-11,11	60	0	11	4	0.986301	TGCAGTGAAAGATTCCATGCAACATAGAGACAACCCTGAGTGCCACAACTAAGACCCAAGGTAGCTAAATAAATACATTTTTTAAAAATTAATGAAAGATATACAAATTCTCCACCATGGATACTGCAAGCATTTCTGAGTGAATT	1.9079	13	35846916	35847133	218	+	ensembl	gene	ensembl	snoRNA	U3
DEL00000491	ENSBTAG00000054730	13	35846908	A	<DEL>	.	PASS	TRUE	DEL	13	35847154	0	0	3to5	-11,11	-11,11	60	0	11	4	0.986301	TGCAGTGAAAGATTCCATGCAACATAGAGACAACCCTGAGTGCCACAACTAAGACCCAAGGTAGCTAAATAAATACATTTTTTAAAAATTAATGAAAGATATACAAATTCTCCACCATGGATACTGCAAGCATTTCTGAGTGAATT	1.9079	13	35846916	35847134	219	+	ensembl	gene	ensembl	snoRNA	NA
DEL00000525	ENSBTAG00000006702	14	56292685	G	<DEL>	.	PASS	TRUE	DEL	14	56293706	0	0	3to5	-5,5	-5,5	45	0	4	3	0.990099	ATATTGAGAAGAAACTTAATCAGAATAGTAGGTCAGAGGCTCCTAACTGGGCAGCTCAGGACTCTGGCTTCTACTGAAGAACTATACAGAAAAATTGAAAA	1.92785	14	56245887	56293897	48011	+	ensembl	gene	ensembl	protein_coding	EIF3E
DEL00000526	ENSBTAG00000014051	14	57236781	A	<DEL>	.	PASS	TRUE	DEL	14	57237110	0	0	3to5	-3,3	-3,3	60	0	3	3	1	ATAAATGAAAATTTTAAAAAACACAATTTATCATATTTCCTTCCCTTTAAACTGGTTGATATCTGTGGGCTGACTCTTGCTTCATAAGGTCTCCAGAACATATGTTAAAATTGTCAACACA	1.88031	14	56984054	57285247	301194	+	ensembl	gene	ensembl	protein_coding	ANGPT1
DEL00000604	ENSBTAG00000010718	16	60203076	T	<DEL>	.	PASS	TRUE	DEL	16	60204137	0	0	3to5	-5,5	-5,5	60	0	4	3	1	AGAAATGACAGTAAGACCAATAGCTTTCATCAGCCAGTACCTGATGTTGTTCTCCATTTGTGAATTCTTGTTTCATTTTCTTTTTCTTATTTTTCCTCTGAGGCATTTTGTTTGTATGAATTTGCATCCCTAGT	1.86988	16	60124735	60284409	159675	+	ensembl	gene	ensembl	protein_coding	RALGPS2
DEL00000609	ENSBTAG00000008944	16	76354916	A	<DEL>	.	PASS	TRUE	DEL	16	76355003	0	0	3to5	-9,9	-9,9	60	0	8	4	1	CAAGAGCAATGTTAATCCCGTCAAATAATCCACTTGAATTTACTGAGCACCTACTGTATACCAGGCAGTGTTCCAGGCACAAGGCTTAGTGAGAACCTAGACAGAGAATGTCCAAGATCTCGT	1.97718	16	76188124	76401805	213682	+	ensembl	gene	ensembl	protein_coding	CRB1
DEL00000780	ENSBTAG00000015839	22	51826823	G	<DEL>	.	PASS	TRUE	DEL	22	51826990	0	0	3to5	-3,3	-3,3	60	0	4	3	1	TTACTTAAAAATGCATGAACAAGCTGTTCTTTATCATTGGAACCAAAGGAGCCTAAGTGTAACTTGGTCCAGAGGAGATTTATCATCAC	1.94871	22	51814681	51907742	93062	+	ensembl	gene	ensembl	protein_coding	MAP4
DEL00000824	ENSBTAG00000031792	23	28917723	A	<DEL>	.	PASS	TRUE	DEL	23	28917791	0	0	3to5	-4,4	-4,4	60	0	3	3	0.991228	TACTCCCCAAAGGCATTTCTAACTATAAATATTTTTAAACCTAGACAGGTACATTCAAACTGAAGCCCCTGGTACACTGGTGCCCTTGCTGTTTTGAGAGCCACATGAATGAAC	1.96586	23	28917109	28920535	3427	-	ensembl	gene	ensembl	protein_coding	POLR1H
DEL00000988	ENSBTAG00000048576	29	24208970	T	<DEL>	.	PASS	TRUE	DEL	29	24209105	0	0	3to5	-5,5	-5,5	60	0	4	3	0.974576	TACTTCCTAATTCAGTCCTCACCTGCCGCCCAGCAATGTCAGTGTTGTTATTCCCATCTTATAAATGAGGTATAAAGAGTTAAGAAGCTCTGTATTTAAGTATTGCCACTGGATTTCA	1.95445	29	24002708	24295209	292502	-	ensembl	gene	ensembl	protein_coding	NA
DEL00001006	ENSBTAG00000018569	X	5092598	C	<DEL>	.	PASS	TRUE	DEL	X	5093276	0	0	3to5	-6,6	-6,6	60	0	8	3	1	GAAAAAGAGAGACCTGGAGTTCTTTTTTACCCTCTTTAAACTCTGCCTTTAGTACGCAGTGCCCTAGAGT	1.97972	X	5084763	5130143	45381	-	ensembl	gene	ensembl	protein_coding	CUL4B
