CHROM	POS	ID	REF	ALT	QUAL	FILTER	PRECISE	SVTYPE	CHR2	END	PE	MAPQ	CT	CIPOS	CIEND	SRMAPQ	INSLEN	HOMLEN	SR	SRQ	CONSENSUS	CE	SV_LENGTH
1	18418521	DEL00000015	T	<DEL>	.	PASS	TRUE	DEL	1	18418921	0	0	3to5	-6,6	-6,6	60	0	7	3	0.950355	ATGGAAAATTTTAACAAAGTTTAAAGGAAATATAAAGTTTAAAATGGAATGAATAAAAATCTCTAGAAGAAGGATAAAAATAAAGAAAAAGCATATAAAATACACAGAAAATAGTAAAAGCTTCTAACATTAGTCATT	1.64428	400
1	61202763	DEL00000036	T	<DEL>	.	PASS	TRUE	DEL	1	61204167	0	0	3to5	-7,7	-7,7	60	0	8	3	0.976378	ATTGGTTGAAAACACAAAAATGATAATACAGCAAAATTGTATATAATATACACACACAAATATAAACAATATAGAGAATTCCAAATATACACAATTTCCAATATACTTGGTAAATATTCCCATTACC	1.73862	1404
1	107125778	DEL00000051	T	<DEL>	.	PASS	TRUE	DEL	1	107125901	0	0	3to5	-1,1	-1,1	60	0	0	3	0.983193	AAATTTTCAAATTAAAGATATGCTTTGTATAACTTTTGAAGAGGGGAACAAAGCTAGATTTATTTTTTAATTTTAATTTGCTTGCAGAATTCATTGGATTCTCTACATATATAATTCAT	1.77825	123
1	121939289	DEL00000055	T	<DEL>	.	PASS	TRUE	DEL	1	121940011	2	60	3to5	-8,8	-8,8	60	0	7	3	1	GAAACCTAATAATTATCTCTCTAGATAATTGTTTGATATTGGCTAAATAAGTAGAAATTTTATG	1.77852	722
1	151104570	DUP00000064	G	<DUP>	.	PASS	TRUE	DUP	1	151104660	0	0	5to3	-2,2	-2,2	60	0	1	3	0.961538	CTTCTATGTCTGCCATCATGTTGTGACTTCCACAAAGCATCTTTGGATGGATAGAGCTTTTCAGCCACACTTTCCAACC	1.95589	90
2	4628180	DEL00000072	G	<DEL>	.	PASS	TRUE	DEL	2	4628412	0	0	3to5	-12,12	-12,12	60	0	12	4	0.993243	TTATATGATTCCAGTATATGACAAAGGTGGCATGCTGAGTTAGTGGGGAAATATTTTAAAACAGAGTTTTAACTCTGTATACCTTATTCCAAACTGGTTTCTTTAGAAATTAAGAACATAAATGTAAACTATGATGCATAAAAGCACT	1.87968	232
2	11551727	INV00000076	G	<INV>	.	PASS	TRUE	INV	2	11555316	0	0	5to5	-5,5	-5,5	60	0	4	3	0.985714	TTGTAACTCACATCTATAAATCCTGTATTTATTTGTCAAATAATAAGCAGTCAGTAATCAGACATGACTG	1.87665	3589
2	56682638	DEL00000088	T	<DEL>	.	PASS	TRUE	DEL	2	56682738	0	0	3to5	-7,7	-7,7	60	0	7	3	0.985294	TAATCAGCTTATATATGGAAATAGATGTTTCTGACACTTACCACCGCCTTCTATCAAATCTAAGTAACTTTTTATTTCTATATGAGCACTATACTATATATATTATATGTATGGCTATATATACTATAATATTTAG	1.81099	100
2	67497778	DEL00000092	C	<DEL>	.	PASS	TRUE	DEL	2	67499083	3	60	3to5	-7,7	-7,7	60	0	6	3	0.986111	TGAGCTTAGGATTTCCAAAGGAATATCCTGAGGCAGCAAGGGACAAGGGTTCATCTCTGTTGATTAGACTCG	1.97974	1305
3	23872172	DEL00000144	A	<DEL>	.	PASS	TRUE	DEL	3	23873052	0	0	3to5	-7,7	-7,7	60	0	9	4	1	GGTGTGCTGCGATTCATGGGGTTGCAAAGAGTCAGACATGACTGAGCGACTGAACTCAACTCAACTCAACTCATGTTTTGATAATTATCTCTGCTGTTGTATGGGGTGGTGGTTTCTTCATTTTCAGTGCCGTATATTTTTC	1.9509	880
3	60241751	DEL00000172	T	<DEL>	.	PASS	TRUE	DEL	3	60241816	0	0	3to5	-4,4	-4,4	60	0	3	3	0.988889	GCGTGCTAAGTCGTTTCAGTCGTGTCCGACTCTTTGCCATCCTTTGCCATGCTGTCCTCCAGAAGATCTTTCCAACCCAAGAATTGAACT	1.9637	65
3	79475457	DEL00000178	C	<DEL>	.	PASS	TRUE	DEL	3	79475819	0	0	3to5	-11,11	-11,11	60	0	11	3	0.992308	GAAAGCGAAGTCCGCTCAGTCGTGTCCGACTCCTATCGACCCCATGGACAGAGGAGCCTGGTGGGTAAAGTCTGTGAGGTCACAAAGAATCAGACAGGACTAAGCGACTGAGCACAAGCACGCATAATCA	1.96315	362
4	2814688	DEL00000192	T	<DEL>	.	PASS	TRUE	DEL	4	2814892	0	0	3to5	-6,6	-6,6	60	0	5	4	0.985075	ATTAAATTTAATCAAACAATTGGAAAAAAATAAAAACTGCAAAAACATTGTGTGTGTGTGTTTAAAAAACACAAGCAAAGGAAAGAAAGTAAATGAGATCTAATTTTAAAAAAGCAAAATAACTATAACAAAA	1.65721	204
4	26232921	DEL00000202	T	<DEL>	.	PASS	TRUE	DEL	4	26235154	0	0	3to5	-5,5	-5,5	60	0	5	3	1	GAATTTATGGGGTAGACCTGCTAAGCAACTCAGAGAGTCTGTGTTAGGCTTTTCTAGAGGAAGTTAATACATATATAGGCCCTTTCTAAAAAGTCTGTATGGCATCAGAGAAGACGAAGCATGTTGACACAT	1.95753	2233
4	64504984	DEL00000213	T	<DEL>	.	PASS	TRUE	DEL	4	64506280	2	60	3to5	-10,10	-10,10	60	0	9	3	1	CATTTATTGTACACCTTATTTCCATTTTTATTACATCACTCCACCTCAGATCATCAGGCATTAGGTCTCAGAGGTTGGGG	1.94182	1296
5	92172781	DEL00000286	G	<DEL>	.	PASS	TRUE	DEL	5	92181685	0	0	3to5	-7,7	-7,7	60	0	6	3	1	AATGCATCAGTATTGGCTCATCAATTGTAACAAGTGCCAGATGCTGATAACAGGGAAAACTGTATGCATGTGGGGATACAGTG	1.95535	8904
6	5432986	DUP00000305	T	<DUP>	.	PASS	TRUE	DUP	6	5800660	33	60	5to3	-1,1	-1,1	60	0	0	11	0.972067	AGCCCTTTACCCTGTACTTATCAGAGAGCTTTGCTAGAACAGCATCCAGCCAGGCTGCAGAGCACGGACCTGTTGTAAGTATAGGTGGTGCCAGTCTGTAATGTTTTTATGTTCAAAGTTTTCTAAAATTGGCACTGTTTAAAATTTAAGACTGAAAACAACAGTAATGTAAGTAAC	1.96728	367674
6	86949653	DUP00000357	C	<DUP>	.	PASS	TRUE	DUP	6	86961428	6	60	5to3	-6,6	-6,6	60	0	5	3	1	TGGTCTGCACAGGATTGCTGTATTAACACATAGTAAACATAATTTTCAGCTATTGAAATAATCCTTCCTAATTGACCCTAGTTAG	1.9227	11775
6	109018670	BND00000367	A	]1:6043133]A	.	PASS	TRUE	BND	1	6043133	0	0	5to3	-1,1	-1,1	60	0	0	62	0.969828	CGAAGTGGAGAAGGGTTCCATGTGAACAGCAGTTGAACATGGGTCAGTCGGTCCTGAGAGATGGGCGAGCGCCGTTCCGAAGGGACGGGCGATGGCCTCCGTTGCCCTCAGCCGATCGAAAGGGAGTCGGGTTCAGATCCCCGAATCCGGAGTGGCGGAGATGGGCGCCGCGAGGCGTCCAGTGCGGTAACGCAACCGATCCCGGAGAAGCCGGCGGGAGCCCCGGGG	1.89971	-102975537
6	109368978	DEL00000369	C	<DEL>	.	PASS	TRUE	DEL	6	109370017	4	60	3to5	-3,3	-3,3	60	0	2	4	1	CAATTTAATGAGATTGTTTGGAAATTTCCTTTGCAATTTCTTTGTATTGTATCCCTCGTCCATGAAGCTTGGGATGATGATAAAAAACACTCATATTTATTGAAAACTTACTATATGAATGGGTAGTACTATTCAAGTTTGTTGTTGTTTA	1.85895	1039
7	10966552	DEL00000395	A	<DEL>	.	PASS	TRUE	DEL	7	10966840	0	0	3to5	-12,12	-12,12	60	0	14	6	0.974684	TTACAAAGTTAGCTTTGTAAACCTAGAAATTCATTAGTATATATATTTTAGGAATTAATAATTAATTAAGCATTTATTTTTATGATAGATTTTATTTATAAGTTTAAACAGAGAGAATTTTGTGTAATGACACACAAAATTATATATACTCTACCTTG	1.72409	288
7	28857963	DEL00000407	C	<DEL>	.	PASS	TRUE	DEL	7	28858320	0	0	3to5	-3,3	-3,3	60	0	2	3	1	CAAGAGTGAATATCAACATTTTAGGACTTGGTGAACGGCAAATTTGGCCTTGGAGTACAAAATAAAGCAGGTCAAAGGCTAACAGTTTTGCCAAGAGAACTCACTGGTCATAGTAAACAC	1.94488	357
7	34544872	DEL00000408	A	<DEL>	.	PASS	TRUE	DEL	7	34545468	2	60	3to5	-11,11	-11,11	60	0	13	3	1	GTACACCAGAAACTAACACAACATTGTAAAGCAACTTTACTGCTGTGAAAATTAATCTTAAAAAGAGATCACAGCTTTTAAAATTGTCTATGGGAAACTCTTTATACTGGT	1.88897	596
8	4561660	DEL00000440	T	<DEL>	.	PASS	TRUE	DEL	8	4562743	8	60	3to5	-2,2	-2,2	60	0	1	3	1	ATGCATGTTACTTGTCCATTTGTTCTGGTTTTGTCCAATTACCATAGCCATTTTGATTGCTTCTCCTTTAGATATTTTTAAAAATTGGATTCATGCAGGGCAGACATCAAGTCTTCTTGACTAATTCT	1.88712	1083
10	27675705	DEL00000576	A	<DEL>	.	PASS	TRUE	DEL	10	27675851	0	0	3to5	-5,5	-5,5	60	0	6	3	0.971429	GGCTCAAATTTCATTTTTAATTGAAATATAGATTAATTTACAATGTTGTGTACATTAGATATATAGTTGTGTGCATATGTTAATTCCAAACTAATAATTTAATCT	1.75036	146
11	3515953	DEL00000608	T	<DEL>	.	PASS	TRUE	DEL	11	3516021	0	0	3to5	-2,2	-2,2	60	0	1	3	0.992537	ATTTCTAGTTTTATTTCACTGTGATTGGAGAATATATTTTATATGATTTAATCTTAAAACTTTTAAGACTTGTGCTTTTACATGTGGTTTATCCTGAAGAGAATGTTCCATGTGCTTAGGAAGCATATGTATTC	1.82377	68
11	5886957	DEL00000611	T	<DEL>	.	PASS	TRUE	DEL	11	5887286	0	0	3to5	-13,13	-13,13	60	0	12	3	0.964706	AACGCAGTAGCTTAGGAACTTCGTGCCTTAAGATGTTTCTGGAATTTTTAAAATCCCAGCTCGCTGAAGTATTTTGTTTCGCCTT	1.95066	329
11	37952512	DEL00000627	T	<DEL>	.	PASS	TRUE	DEL	11	37952893	0	0	3to5	-5,5	-5,5	60	0	5	4	1	AGCTATCAGCAAAAATAAACTTTGAAAAAAAAAACTTTAACCCATACCTCACATCATATATAAAAATTAACCCAAACTGGATCACAGACCTAAATGTAAACCTAAAATTATAAAATCCTTAGGGGA	1.76453	381
11	46283118	DEL00000636	T	<DEL>	.	PASS	TRUE	DEL	11	46284672	0	0	3to5	-2,2	-2,2	60	0	2	3	1	ATTGATCCTCCTCCAGCATCGGCCTCAGGATGCAGGCAGCCCTGGAGATCACTGCTCGCTACTGCAGCCGGGAGCTGGAGCAGTA	1.96274	1554
12	57755272	DEL00000682	G	<DEL>	.	PASS	TRUE	DEL	12	57755344	0	0	3to5	-1,1	-1,1	60	0	0	3	0.988235	ATGTGAGCATGGGGACTATAGGCTGATGTGAAGATGGACCTTTCAAGCTAGATAAGTAAGGCTAAGTCACCTCTCTCACCATTT	1.98375	72
13	4890694	DEL00000711	G	<DEL>	.	PASS	TRUE	DEL	13	4890960	0	0	3to5	-2,2	-2,2	60	0	1	3	1	CATTTTCAAGCCCATCCATCACCCAGGAGATACCAGGGGTAGGATTGGAACTCATATCCTTATAAAGCAAGAGGGCTTACAATCTCACAAAACAACAGTATCAAAT	1.94073	266
14	33919968	DEL00000757	A	<DEL>	.	PASS	TRUE	DEL	14	33920312	0	0	3to5	-5,5	-5,5	60	0	6	3	0.991228	AACAAATCTTAAAAAAAGAAAAAGTCTCCACCATTGAGAGTCCAGTGGTTAAGACTTTACTTTCCAATGCAGGGGGTGCGAGTTCGATCCCTGGTCAGGGATCTAGTCTACATG	1.9798	344
15	20754304	DEL00000791	G	<DEL>	.	PASS	TRUE	DEL	15	20754490	0	0	3to5	-3,3	-3,3	60	0	2	3	0.971429	ACTGTACTGCAAGTTTGGGCCAGAAAAATAATCCAAGAAAAAGAAATAAAAGACATCTAGACTGGAAGGAAGAAGTACAACTATCTTGTTCACAGACAACATGAC	1.86661	186
15	45846738	DEL00000798	A	<DEL>	.	PASS	TRUE	DEL	15	45860052	0	0	3to5	-4,4	-4,4	60	0	3	3	0.965116	GAGAATAAAGACACAAGGAAGAAAGAACAGAGCCTGGGTTCTGAAAGTTCACATCAGAAGAAATTTCACACTGTCCCCAGTGTATGT	1.92686	13314
15	48501498	INV00000815	T	<INV>	.	PASS	TRUE	INV	15	48597944	0	0	3to3	-1,1	-1,1	60	0	0	3	0.984375	AGCTAACTTTATTTTCTCAGAATTATAAACATTAATAAGCTAACTTTATTTTCTCAGAATTATAAACATTTCTCCAATGTGTAGTTTTGAGGATTATTTGATTGAAATTTATGTCACATTTAACATTT	1.76057	96446
15	56985086	INV00000822	A	<INV>	.	PASS	TRUE	INV	15	56985400	0	0	3to3	-7,7	-7,7	60	0	8	3	1	ATTAAAAGACACTTTCTCCTTGGAAACAAAGTTTATTAACACAATGATACCACGAGTGCTCTTCCAACACTGATAAAAGGGTAAAGACCCTCA	1.91009	314
18	28471991	DEL00000925	T	<DEL>	.	PASS	TRUE	DEL	18	28472665	0	0	3to5	-7,7	-7,7	60	0	6	3	1	AAATGTACTTTTTCAGTGTATATTTTCACTTTTAAAAAGCCCTGTTTTGTGCTTTACAATAGATTGAATGAAACC	1.84355	674
19	12541807	DEL00000982	T	<DEL>	.	PASS	TRUE	DEL	19	12542838	0	0	3to5	-5,5	-5,5	60	0	5	3	0.99	CATTGGCAGGCAGATTCTTAGCCCCCTGGACCACCAGGGAAGGCCAAGCTATTGTTTCTTGACTGCTTTTCCTTTATCCTTGCTTTCCCTCTCCTGTTTT	1.91748	1031
20	27071583	DEL00001003	C	<DEL>	.	PASS	TRUE	DEL	20	27071648	0	0	3to5	-2,2	-2,2	60	0	1	3	0.966292	TTTAAATCAGAGAATACAGATGAGTTCAATATACTATCAAAAATAAGATATCATCAAATACTTTAGATACCAAAACAATTAAGCTG	1.76059	65
20	56384484	DEL00001025	A	<DEL>	.	PASS	TRUE	DEL	20	56384578	0	0	3to5	-2,2	-2,2	60	0	1	3	0.992647	AAGTATATTTGTGAAGAATATATAATGTATCACAGCTGGCTTTACTTTTAAATCATACCCTAATAAAGCAAATTTCTAAACATTTGATTTTTTAAAAAAACAATCAACACAGGATCCTCATTAGTTACTTTTTTC	1.80399	94
20	61276520	DEL00001028	T	<DEL>	.	PASS	TRUE	DEL	20	61276585	0	0	3to5	-1,1	-1,1	60	0	0	3	0.966942	AGGATCTTTCTTCCCTTGATGGGTGGAGTTTAAACCAGGATCTTTTTGATAGCATTTAAATCTCATTCTGCTAAAGGAAATCCATGGTGAGCCATGTGACCACATTCTATTTTATCCTTGA	1.94466	65
20	63321514	DEL00001029	G	<DEL>	.	PASS	TRUE	DEL	20	63321586	0	0	3to5	-3,3	-3,3	60	0	2	3	0.981982	GGAGTTGGCCATTCATCCTGCCACCAGACAAATGAACATTGTGCTGCCAGAGAGAGTAGAGAATGCCAGAGAGATGCTAAAGTCAAACTCCCGGACTAATTCCATCTGAGA	1.97623	72
23	38727085	BND00001170	A	A]5:28408738]	.	PASS	TRUE	BND	5	28408738	0	0	3to3	-5,5	-5,5	49	0	4	9	0.979487	GTAATGGAGATAGAATAGAATAGTTATACAGGTAGTTATAAAAGTCCCAGTAGGGGATTATAGGTAGAAAGGGGAAACCTGGGGATAAAAAAGAAAAAAAAATGTATTTAAGATCATCACTTGACCAAGAGAAATTATTAAACATGGCAGTCTCAACTGAAAATGAAACAAATGAAGAATTCGATTTGAAAAAAA	1.79215	-10318347
27	21201764	DEL00001278	G	<DEL>	.	PASS	TRUE	DEL	27	21201834	0	0	3to5	-4,4	-4,4	60	0	4	3	1	ATTAATGTGTGTCTTGATATGTTTATCCTTGAGTTTTCAACCATAATTTCTTCAAAAATTTTCTCAATGCTTTTTTTTCT	1.72956	70
X	18689062	DEL00001376	T	<DEL>	.	PASS	TRUE	DEL	X	18690179	3	60	3to5	-1,1	-1,1	48	0	0	3	0.976	GGGTGTGAAAAAATCATGCCTGGGAATTGAACATGAGCTATTCCTTTGTTAGGCTAGTGTGGTGACTAAAATGCTAGACACTTCTGTCATGAAGTGGCCCCTTTTCCTCTGCACATAAATACATA	1.97705	1117
X	26164249	BND00001379	C	C]22:20949437]	.	PASS	TRUE	BND	22	20949437	0	0	3to3	-4,4	-4,4	60	0	5	5	0.993378	CCTTGACAAGCCACTCATACAACCCCACCCACAGTGAGGAACCTCCACAATAAAGAGGAACCACAAGCTGCCAGAATACAGAAAGGCCACCCCAAATACAGCAATCTAACTGATGCTGAAGCTGAAACTCCAATGTTTTGGTCACCTGATG	1.91949	-5214812
X	26164251	BND00001380	A	A]17:23385657]	.	PASS	TRUE	BND	17	23385657	0	0	3to3	-2,2	-2,2	59	0	1	5	0.97351	GCCACTCATACAACCCCACCCACAGTGAGGAACCTCCACAATAAAGAGGAACCACAAGCTGCCAGAATACAGAAAGGCCACCCCAAATACAGCAATCTAACTGATGCTGAAGCTGAAACTCCAATGTCTTGGTCACCTGATGTAAAGAACT	1.90996	-2778594
NKLS02000723.1	9797	DEL00001491	T	<DEL>	.	PASS	TRUE	DEL	NKLS02000723.1	14468	0	0	3to5	-3,3	-3,3	60	0	2	3	0.992481	CAATATCAAACTGCCATCTTTCAAGGACCTCTCCACTTTCAATGTTTGAGATGACTACCACCAGTTTCTGAACTGAACACTTGTATAACTATTCTTTTAGTTGATCCACATTATTTAGGTATTTTATGAGCTC	1.90818	4671
NKLS02001289.1	27195	DEL00001549	A	<DEL>	.	PASS	TRUE	DEL	NKLS02001289.1	27338	0	0	3to5	-4,4	-4,4	60	0	3	8	0.989637	GGTGGCTTTCTTGCTTTTTAAGCATTTAAATGAATGTGGTATTTCAGACTTTTGATTTTATTTAAATGTTTATAGGTACGGTAACTTTTCCAACTGTTAGTAAGAATTTTAGCATTGCAGCTGGCCTTGTGCATGTCCATCACCAAAGGTCAGCCTGCTCAAGGAAATTTCCTTCAGAACACTGGATCACTCC	1.94158	143
NKLS02001289.1	32148	DEL00001550	C	<DEL>	.	PASS	TRUE	DEL	NKLS02001289.1	37184	27	60	3to5	-6,6	-6,6	60	0	9	5	0.953947	GCCAATCATTCTGATTTGCCTGGTTCACAGGCCATTTTGGTATATCTCAGAATCCTCTCATGTGTGTGCACACATCTCTTACCCAAGTGGATTTTACCAAAAAGGCATCTGGATAGAGACAGCATCCCATGACATCGTTCCCCTTTCAGTC	1.97433	5036
NKLS02001289.1	95141	DEL00001559	T	<DEL>	.	PASS	TRUE	DEL	NKLS02001289.1	96770	8	7	3to5	-3,3	-3,3	35	0	3	3	0.976744	TTTAGCTACTCTGTTTGGTGATTTCCATTATTATGTATTCTTATGTATTATCTGGTCTGCTGTTTACATTTTGTGTTTCTCATATC	1.73326	1629
NKLS02001383.1	46839	DEL00001578	T	<DEL>	.	PASS	TRUE	DEL	NKLS02001383.1	49511	10	32	3to5	-1,1	-1,1	60	0	0	4	0.975207	AGAATACTGGAATGGGTTGCCATTTCTTTCTCCAGAGGATATGTAAAGTCTTCCAGAAACATTGTGTACATCATTGGGGACATTGGCTCAATCCTTTGTGCCAAAAGATTCCACATGCCT	1.97849	2672
NKLS02002108.1	26733	BND00001639	G	]5:459616]G	.	PASS	TRUE	BND	5	459616	0	0	5to3	-2,2	-2,2	24	0	1	7	0.980645	GAAATGTGTAACTCTTTCATAAAATGCTTTGAGCCTCTTAGAAGCCCCTAAATAAATAGGAAGATGTGGGAAAACAGAAATGAATATTCTCTGTAAAAACAAAAAATAATGCCTGAAGAGACATATAAAATACAAAATAATTATGTGTAATAATA	1.81134	432883
NKLS02002208.1	7801573	BND00001677	A	]NKLS02001160.1:15478]A	.	PASS	TRUE	BND	NKLS02001160.1	15478	0	0	5to3	-7,7	-7,7	60	0	9	16	0.968254	CATTCAGTCCAGTTCCAATTTCAACCTAGGTCTGAAGCAGAATGGAAAGAGAGCTTGCTGTGGAGGTAGAATCCAGACTTCAAGTCTCAGAGGCAGTCCTATGATGGCGGTGGAATAGGTCGGGGAGACCACAATCTCCCCCACAAATTCATTGAAAGAACATTTGAACCCTGAGCAAATTCCACA	1.98557	-7786095
