CHROM	POS	ID	REF	ALT	QUAL	FILTER	PRECISE	SVTYPE	CHR2	END	PE	MAPQ	CT	CIPOS	CIEND	SRMAPQ	INSLEN	HOMLEN	SR	SRQ	CONSENSUS	CE	SVLEN	POS2
1	4765386	INS00000001	T	<INS>	180	PASS	TRUE	INS	NA	4765387	0	0	NtoN	-7,7	-7,7	60	34	6	3	1	AGTGTCAATATACCTTTTTCTCTTTCTGGCTTACTTCACTCTGTATGAGTGTGTCTCTAGGTATGACAGTCTCTAGGTATGACAGTCTCTAGGTCCATTCAAATCTCTGCAATTTCATTCCTCAGGTATGGAGGCT	1.93712	34	NA
1	11891691	DEL00000003	T	<DEL>	180	PASS	TRUE	DEL	NA	11891806	0	0	3to5	-7,7	-7,7	60	0	6	3	1	CAAATAAATTAAATTTTTTCATTCTGTAAGTTATCTTCTTATTTTATTGACTGTTTTGTTTTCTGTGTGTGTTTTTCTTTAGTTTGATGTTATCCAACTTTTTCATGTTTGATTTTATT	1.61877	NA	NA
1	25996475	DEL00000010	A	<DEL>	119	PASS	TRUE	DEL	NA	25996849	0	0	3to5	-2,2	-2,2	41	0	1	3	0.990741	AAATCACCCCCTACCTATGACTTTAAGGCAATTGAGAGGATTTTGGGGGAATCACGGGCTACTGTCGCAAAAAAAAGATGTCCTTTTCATTATACTGGACTGGAATGC	1.9818	NA	NA
1	36064222	DEL00000013	G	<DEL>	180	PASS	TRUE	DEL	NA	36091430	0	0	3to5	-8,8	-8,8	60	0	8	3	1	TGCGGTGGTGGCGGCGTCGGGATCAGCAGTCGGGATTACTGCCGACGCTTCTGTCAGGTGGTTGAAGATTATGCTGGAAGATGGCAGGTCCC	1.91988	NA	NA
1	41341612	DEL00000015	C	<DEL>	180	PASS	TRUE	DEL	NA	41342018	0	0	3to5	-8,8	-8,8	60	0	7	3	0.990654	CCTCTCTTAACTTCTCATCCTCATTTCAATACAATCCAAAAGATATTTTCAAAGCATGCTGGCATCATAGGCTCCAGACACACTAAAGCATTTGCTTCCTTTCCCTG	1.89816	NA	NA
1	139109068	DEL00000042	A	<DEL>	240	PASS	TRUE	DEL	NA	139109093	0	0	3to5	-3,3	-3,3	60	0	2	4	0.972727	TCAGCTTAAGCATCAGTCCTTCCAATGAATATTCAGGACTGATTTCCAAGAAGTCCAAGAGACTCTCAAGAGTCTTCTCCAACACCACAGTTCAAAAGCATCAATTCT	1.93815	NA	NA
1	151413704	DEL00000044	T	<DEL>	180	PASS	TRUE	DEL	NA	151413868	0	0	3to5	-14,14	-14,14	60	0	14	3	0.976923	AAGTAAGCAAATAGAATGATACCATGCAATATGTGTATATATATATATATATATCTCCAGGAGATAATTAAGGACAGGGAAGCCTGACTTGCTGCAGTTCATGGGTCACAAAGAGTCAGACATGACTT	1.92075	NA	NA
2	25667155	DUP00000052	A	<DUP>	180	PASS	TRUE	DUP	NA	25667271	0	0	5to3	-2,2	-2,2	60	0	1	3	0.97479	ATAGTTTTGATCAAACTATTTTATTTGATAGTTCTAAAGGTCAAAAGTGCTTGAAAGGATTATGATTCTCTAAGGATTCCTTCTGATTGGAAATTCTATGTTTGTGGGCCACCAAAAATAGTTTTG	1.87264	NA	NA
2	37802583	DEL00000057	C	<DEL>	240	PASS	TRUE	DEL	NA	37802684	0	0	3to5	-9,9	-9,9	60	0	8	4	1	CAAACAAGCCCACAAGATCAAATGCTTCCTGATAAGGCAAAGATGAGCCAATGAGTTAATAGGGTTAAGAGAAACAGGGATGGGGAGTGGGGTTCAGGATGGAGGGGACACATGTATACATATGGCTGATTCATACTGATGTA	1.92829	NA	NA
2	46186327	DEL00000060	C	<DEL>	180	PASS	TRUE	DEL	NA	46186358	0	0	3to5	-4,4	-4,4	60	0	3	3	0.974684	AGAGTAGAACACGACTGAGCAACTGAAGTGAACTGAACAGAACTGAATGAGTCTTTGCTGAATCATTACTACAATGT	1.93519	NA	NA
2	60563610	DEL00000068	C	<DEL>	180	PASS	TRUE	DEL	NA	60563639	0	0	3to5	-3,3	-3,3	60	0	3	3	0.984496	AAAAATTATACAATGGAAACTTCATAACTAAAACTTTCTCTTATATTCATCTTAGATTCTGAATTACACCATTTTCCTTCTCCATAGCATGTGTTATCTTCCTGGAATCTTCTTTACTCTGTCACTTTG	1.82526	NA	NA
2	64239300	INS00000069	T	<INS>	180	PASS	TRUE	INS	NA	64239301	0	0	NtoN	-4,4	-4,4	60	29	3	3	1	AGATGGATATTCAAACGCTGACTGGGTGTCCGTTGTGTACCATCAGCTGAATTTGAAACCATATCCCCTTGTTTTTTGCATAATTAACATCTAA	1.95449	29	NA
2	87548115	DEL00000075	C	<DEL>	180	PASS	TRUE	DEL	NA	87548463	0	0	3to5	-20,20	-20,20	60	0	20	3	1	TACCCTGGAATCTTCAGAATAAAGATCTCCAATCATACAAGGGTGCCTAAAATAAATTCTAGAATTGCTAATATCTTTAACTAACATCTTGCCACCTGTACAAGT	1.9033	NA	NA
3	18435603	INV00000097	G	<INV>	180	PASS	TRUE	INV	NA	18445393	0	0	5to5	-2,2	-2,2	60	0	2	3	0.975	AGGAACATTTGAGAAACACTCTTGCTCATCAGCAACACACCTAAGAACAATCCTAAGGGAGGATCCCTGCTGCACATA	1.94244	NA	NA
3	75869371	DEL00000120	A	<DEL>	300	PASS	TRUE	DEL	NA	75871187	2	60	3to5	-2,2	-2,2	60	0	1	3	0.986486	AAACTCTCTTCTAACTTAAGCAATAATTAGTATTAGACTCTAGAGGTAAATTGAGATTCAGCTAACACAGTTTG	1.89196	NA	NA
4	49401720	DEL00000145	C	<DEL>	180	PASS	TRUE	DEL	NA	49401747	0	0	3to5	-5,5	-5,5	60	0	5	3	0.974359	AGCAGCATACCTTTATATATACATATACACTCATATATATATATGTATATGTATATCTTATTTTTACCCTTTTGGGACTAATTACACTATATTAAAATAATTGTGCTGTATACAT	1.77017	NA	NA
4	82099145	DEL00000151	T	<DEL>	360	PASS	TRUE	DEL	NA	82101303	3	60	3to5	-13,13	-13,13	60	0	12	3	0.989583	ATAAAATCTTGATTTTTATTTTTGACAATCTAATACACATTAGTTTTTAATATTTTTTTAAATGAAGTTTTTTTCATGAAAATTTTTGGAATGAAC	1.62963	NA	NA
4	90393752	INS00000155	T	<INS>	180	PASS	TRUE	INS	NA	90393753	0	0	NtoN	-10,10	-10,10	60	30	10	3	1	GAGTATTCTAACACAAAATTGAAAAAGTTCTAATAGAAAATAATATAAAGAAATATATTCACACACAATGGTGAAAAAGAAATATCCAGTGTAAGTGGGTTTAAATACAAATAAGAACTGCTAATTTC	1.76175	30	NA
5	3424842	INS00000173	T	<INS>	240	PASS	TRUE	INS	NA	3424843	0	0	NtoN	-5,5	-5,5	60	26	5	4	1	AAGTCTTTGAGACAAGGGCCTATTAAGATTCAGTCAAAATCAATCTATGGGTAATTAGCTGAACACCAAACACTGTTGTTCTCCCTGGCTTAATGTAGCTCACCAGTAAAGGAGGGCCAAGGAT	1.97552	26	NA
5	38752321	DEL00000183	C	<DEL>	420	PASS	TRUE	DEL	NA	38753447	3	60	3to5	-13,13	-13,13	60	0	13	4	1	AAAATAACCTATCACTTTAACTGGGATTAAGATATCGTACTAATATTCTTTCAATTCTATTCTTGTTTCAGGATAGCTGTGACTTTTAAAATCCTTTAATTCTGTTTTTGCAGAGAAATACTTATACAATAGACAATACTATAAGTG	1.84026	NA	NA
5	40394680	DEL00000186	T	<DEL>	240	PASS	TRUE	DEL	NA	40395001	0	0	3to5	-16,16	-16,16	60	0	15	4	1	CACATTCACTTTTTTATTCCATTTGTTCAAATTATCATCTAAAAATGTCAAGCTTTGGATGATGTCCAACTAATAATAAGCATATAATACCTATTTTATATTCTAATCACATTACTAACTTAACTCAC	1.77014	NA	NA
5	51559930	DEL00000189	G	<DEL>	170	PASS	TRUE	DEL	NA	51559975	0	0	3to5	-3,3	-3,3	60	0	3	3	0.979592	TCCTTTGCTAGCACTTCCTCCTGTTCCTGTATATATATATATAACCAATATTTCATGGGGAATAGATGGAGAAACAGTGGAAACAGTGTCAGACTT	1.95393	NA	NA
5	101760574	DEL00000207	T	<DEL>	180	PASS	TRUE	DEL	NA	101760644	0	0	3to5	-3,3	-3,3	60	0	2	3	0.98913	CACAATAGGCATCACATTATGCCAAGATCCACACTTTATAGTTCTATGCCGAGTCATCTGATGTGAACTGTCGGCTCATTGGAAAAGTTCCT	1.97804	NA	NA
5	102229937	DEL00000212	G	<DEL>	180	PASS	TRUE	DEL	NA	102229962	0	0	3to5	-7,7	-7,7	60	0	8	3	0.981651	GGGTCGCAAAGAGTCGGACACGACTGAGCGACTGAACTGAACTGATGTATATATATATATATATATATATTGCTTGTGGTATCCCATATGCAGTATGTATTCTGTTC	1.95052	NA	NA
6	5432986	DUP00000218	T	<DUP>	2280	PASS	TRUE	DUP	NA	5800660	29	60	5to3	-1,1	-1,1	60	0	0	9	0.970414	TTACCCTGTACTTATCAGAGAGCTTTGCTAGAACAGCATCCAGCCAGGCTGCAGAGCACGGACCTGTTGTAAGTATAGGTGGTGCCAGTCTGTAATGTTTTTATGTTCAAAGTTTTCTAAAATTGGCACTGTTTAAAATTTAAGACTGAAAACAACAGTAATGTAAG	1.96103	NA	NA
6	11322804	DEL00000224	C	<DEL>	180	PASS	TRUE	DEL	NA	11323351	0	0	3to5	-12,12	-12,12	60	0	13	3	0.978873	GCCACCAGGAACCAAAATGATTTATGTGTGCTAGACTATGGGGAAAAAAATACTTTGACAACACTGAAGTTGGGAGAGTTTGTAGATGAACAAGAACTCTAATGCACTGAGGTGGAATATAAAATGATGCAGCAACTTTGGA	1.92075	NA	NA
6	76334486	DEL00000245	C	<DEL>	180	PASS	TRUE	DEL	NA	76334979	0	0	3to5	-17,17	-17,17	60	0	16	3	1	AAACTGGTCCACTCATTAATACAGAAAAACAACTGGCAGATGAAGGCAGCTGTGGCCTTTTGATAGAGCAGTTCTCACCTCAGTTCCCACTCAGCCTCACTTTCTTGTTTATATTGT	1.97596	NA	NA
6	109018670	BND00000253	A	]1:6043133]A	3693	PASS	TRUE	BND	1	109018671	2	60	5to3	-1,1	-1,1	60	0	0	60	0.969298	GAAGTGGAGAAGGGTTCCATGTGAACAGCAGTTGAACATGGGTCAGTCGGTCCTGAGAGATGGGCGAGCGCCGTTCCGAAGGGACGGGCGATGGCCTCCGTTGCCCTCAGCCGATCGAAAGGGAGTCGGGTTCAGATCCCCGAATCCGGAGTGGCGGAGATGGGCGCCGCGAGGCGTCCAGTGCGGTAACGCAACCGATCCCGGAGAAGCCGGCGGGAGCCCCG	1.90693	NA	6043133
6	110722860	DEL00000254	C	<DEL>	164	PASS	TRUE	DEL	NA	110723445	0	0	3to5	-9,9	-9,9	60	0	8	3	0.990099	CAGGTGGCTCAGTGGTAAAGAATCTGGCTGCCAACGCAGGAAATGCAGGTTCCTTCCCTGGGTCTCCCGCATTGCAGGCAAACTCTTTACTGACTGAGCCA	1.99413	NA	NA
7	23796617	DEL00000266	A	<DEL>	300	PASS	TRUE	DEL	NA	23798758	2	60	3to5	-3,3	-3,3	60	0	2	3	0.992701	CTGATCCAGGGAGTGAAACCATGTCTCCTACATTGGAAGGTAGATTCTTTACCACTGAGACACCAGTTGCATATAAAAAACTAAGAGATAGTGTGAGCAAAATTATGTCCTAAAACATATAGAAATGTAATATAAAG	1.91111	NA	NA
7	93733814	DUP00000280	A	<DUP>	180	PASS	TRUE	DUP	NA	93734522	0	0	5to3	-3,3	-3,3	60	0	3	3	0.977444	TTTAACCTCTGAGCCACCAGGGAAACCCTTACTTGGTTATACTCCAATACAAAATAATAAGTTAAACACACACACATACATATAATGGGGTATTAGTCATTTAAAATAATGAAATAATGCCATTTGCAGCAAC	1.88561	NA	NA
7	94365964	DEL00000281	G	<DEL>	240	PASS	TRUE	DEL	NA	94366007	0	0	3to5	-13,13	-13,13	60	0	13	4	0.956897	CCATGATTAAATGTTCCAAACTTGCCTCCCCACCACCAGTATATATATATAACTGAATCGCTGTGCTGTTCATCTGAAACTAACATGATATTGCAAGTTGACCATACTTCAGTT	1.93068	NA	NA
7	99946234	DEL00000282	T	<DEL>	180	PASS	TRUE	DEL	NA	99946291	0	0	3to5	-9,9	-9,9	60	0	11	3	1	GTTGTTTAGTTCAACACACCTTTAACCGCAATACAAATAGAAAAACAGGTGTTGCAGCTGAAATATAAATATTCTCCTCTAAACATTAAATCTAACCC	1.87675	NA	NA
8	1185192	DEL00000289	T	<DEL>	180	PASS	TRUE	DEL	NA	1185225	0	0	3to5	-9,9	-9,9	60	0	8	3	1	TGGTCTGCGAATCTTTGGGAGAACACACGTGTGTGTGTGTGCGTGTGCTGGAGGCTAAGCACACAGAGCAGACATCCCA	1.977	NA	NA
8	20455078	DEL00000302	A	<DEL>	180	PASS	TRUE	DEL	NA	20455440	0	0	3to5	-3,3	-3,3	60	0	3	3	0.968504	GAATGAGATTTTGGGTCAAGCAATATGCTATGTGTAGTATATCAGTAACATCAGAGATCTTTCTGTGATTCAGCTTGGTGTTTCATTTCCCATATGTCCACCATGGTGCCTTGTACTTGCATCG	1.95066	NA	NA
8	26534960	DEL00000304	T	<DEL>	240	PASS	TRUE	DEL	NA	26535327	0	0	3to5	-26,26	-26,26	60	0	26	4	0.972789	GTATAGCGTATACAGAGGTGGAGGAACTCACTAGAGAGGCGGTGAAATGGCCAGAGAAGTGGGAGGAACTGAACAGCCCCAAACTGGGCAACTGCAAACTAGGGTGGTTATGAGCACTCCACTGGCAACAGTCAGGTCAAGACTT	1.94482	NA	NA
8	34789057	BND00000309	C	C]6:5445762]	1500	PASS	TRUE	BND	6	34789058	26	60	3to3	-25,25	-25,25	60	0	27	3	1	CAGGTCCCTTTTCGGGCGCCATCTGCCCGTGCCAGCCGGCAAAGTCGATCAGGTCCCAAGAACGTGCGCGGCGCGGCTGAGAAAGAAAACTATAGCAAAAGAATTCTACAACAAAGA	1.95901	NA	5445762
8	77452156	DEL00000319	G	<DEL>	172	PASS	TRUE	DEL	NA	77452254	0	0	3to5	-12,12	-12,12	60	0	14	3	1	GTTTATCACAACAATAAAAAAATGTGACTGAGGAAAAAGAAAGAAAGAAAAAAGCTCAAAAGCTTAATTGAATTTCTTAGTG	1.75178	NA	NA
9	6243760	DEL00000339	T	<DEL>	180	PASS	TRUE	DEL	NA	6244158	0	0	3to5	-9,9	-9,9	60	0	8	3	0.991525	TAATATCCCTATAAAGCTTACTCTATAATGATCTTAAAACTTTCAGATAGTTTTAAAAAGGAAGACAGGAGTGGAGAGCTCCTCTGTAAAAAGTGATGGAGATCTTCCTTGGTATAAT	1.90958	NA	NA
9	7544794	DEL00000341	T	<DEL>	180	PASS	TRUE	DEL	NA	7545058	0	0	3to5	-14,14	-14,14	60	0	13	3	1	GTCTTTTCCACGCTGTGTTCATATGCATATATATTCACAGAGTGATTCGTGACTGTGCAGGTAACAATTAGAAAGTGTTGATTTAAAAAGAGTGAAAATTCTGTGTACAAATTATAAAT	1.89329	NA	NA
9	10814022	DEL00000343	T	<DEL>	420	PASS	TRUE	DEL	NA	10815403	4	60	3to5	-16,16	-16,16	60	0	15	3	1	CCAAGAGCAATTGCACAATACAGTTTGCCATTTCATTCTTTTTTAAAAATTGCTTTGTCCTTTGGGGACTTTTATCTTTGATAATA	1.87066	NA	NA
9	46938960	DEL00000353	A	<DEL>	180	PASS	TRUE	DEL	NA	46939032	0	0	3to5	-11,11	-11,11	60	0	11	3	0.990099	ATGTGTTCTTTGATAAATTTTCTTCCAAGTTATACCTAGTTAAACTTTCAGGTAAACATATGTTCAGTTCAGTTCAGTCACTCATTTCTGTGCGACTCGTT	1.88705	NA	NA
9	54906403	INS00000356	T	<INS>	180	PASS	TRUE	INS	NA	54906404	0	0	NtoN	-2,2	-2,2	60	34	2	3	0.960526	TTAGACACAATCTTTCTAAATCTTAGTTTAGTGTTTATATAGTTCAATGTTTATATTAGTTTATATTAGTTTCAATTAGTTTATATTAGTTTATATTAGTTTCTGCCGTCACAAGATGCCACAGACTGGATTGCTTGAAATGAGATA	1.81321	34	NA
9	80369217	DEL00000363	G	<DEL>	240	PASS	TRUE	DEL	NA	80369387	0	0	3to5	-3,3	-3,3	60	0	2	4	0.986301	CTAAAATTATTAAACTTACAAAATAAAAAAAAAACAAAATTAAATTTTAAAAATATTAGAACCAAGTATAAAATGACAAGTCACTTTCACACAGCTATGATGAAAATGGGAAGTGACCTGAAAATAGGGATCATGTATAATAAAA	1.70097	NA	NA
10	11064688	DEL00000376	T	<DEL>	240	PASS	TRUE	DEL	NA	11064720	0	0	3to5	-3,3	-3,3	60	0	2	4	0.986486	ATGAATATTGTGTACCATAAGTTATCTTAACACCTGACTATTATTTATATATTCAACCAAATTCTTCTATACTTTTTGGCTTAAAATTACAAGGATAAATTCAAATACTCAATTATACATTCTTCATTGGAATCACAAGTTCAAGTTA	1.7947	NA	NA
10	63544319	DEL00000407	T	<DEL>	180	PASS	TRUE	DEL	NA	63544361	0	0	3to5	-3,3	-3,3	60	0	2	3	0.992366	TGTGACATATTTTTTAAAATATTGTAAATATTCTTTTATTGTTTTCTGGTACCAAAATTTAGTATGAAATAATAGGGAACCAGCCTAATTTTTGAACTCTTTCTTTTAACTTGAATTCAATAAATTTATC	1.75315	NA	NA
10	70644449	DEL00000414	G	<DEL>	180	PASS	TRUE	DEL	NA	70644504	0	0	3to5	-3,3	-3,3	60	0	3	3	1	AAAAAGGAAAAAAGAAAGGAGATGATCAGTTTTTCTTTGTGGAAATAATCTTTGGCTTAACTGAGGCAGTGAAAGAAGGGATGAATGAAGAG	1.79258	NA	NA
10	74751675	DEL00000415	G	<DEL>	180	PASS	TRUE	DEL	NA	74751949	0	0	3to5	-2,2	-2,2	60	0	1	3	1	GGATTTGTTGCATAGGAAAGAAGACTCATGGTGGCTGAAGCCAAGTTTGAGGCTGTGGGTCAGACTAAAATCTTAACCTGAAATCTCCTGCTCTACTTTGTATCCTTCTAGTAA	1.97565	NA	NA
11	23460327	DEL00000433	C	<DEL>	180	PASS	TRUE	DEL	NA	23460619	0	0	3to5	-3,3	-3,3	60	0	2	3	0.988506	TTCACAATCAAAATTATAAAGAAGAAATGACAGTGAGATGCAGAAAAATCTTTTGACAAAATTCAACATCAACATGATAAAACTGTC	1.7892	NA	NA
11	33039733	DEL00000434	T	<DEL>	180	PASS	TRUE	DEL	NA	33039806	0	0	3to5	-14,14	-14,14	60	0	13	3	0.97541	AAAGTAGCACCAAAGATAAAATGCTCTAAGTCTACATATATATATTTTTTTCCTCCCTGGCCACTATGTTTCAAGTACTGAATATCAAGTTGTTTCAGAGTTTCATCCTTTTATTGTTTAGG	1.89158	NA	NA
11	80523322	DEL00000452	G	<DEL>	180	PASS	TRUE	DEL	NA	80523350	0	0	3to5	-28,28	-28,28	60	0	27	3	0.993103	TTATAAGACAAAAAACAAATGCTAAATGGAAAAATCAACCAGCTTGAATAGGTGGATTGGTAGGGTAGGGATATGTTGTTTTTGCTTTCTTTTTTTCTCTCTATTCTGCTGAAGCAACTTGGGCTATTCATAATTTCAGAAGCTG	1.91678	NA	NA
11	91373939	INS00000457	A	<INS>	180	PASS	TRUE	INS	NA	91373940	0	0	NtoN	-14,14	-14,14	60	29	14	3	1	TTCTAGCTTATTCTTGTGGTTTTTCAGATACATATATTTTTTATATTTCAGAAATATAAAAAAATTTTTTTATATTTCTATCACAGTTTTACACATTTAATTTTATTTTTATATTT	1.56661	29	NA
12	3133741	DEL00000462	C	<DEL>	480	PASS	TRUE	DEL	NA	3136415	4	60	3to5	-15,15	-15,15	60	0	16	4	1	CCCATCATAGAATAAAATCCAAAATCCTACTATAGCTTATCAGTTCCTGCAAGAGATAATCCCTGGCTACTTTTCAAATTCAACTCATGAGTCAATGAGCATCAGCCTCACAGATCCCCTTGATTTTCCTCAAATTC	1.9074	NA	NA
12	5007466	DEL00000465	T	<DEL>	180	PASS	TRUE	DEL	NA	5007662	0	0	3to5	-8,8	-8,8	60	0	11	3	0.990826	ACTTAAAAAACAAAAAACAAACAAAAAAAGAATAACTTTCCATTGCTATATATTTTTTAAAGTGATTCTTAATATTGATCTGAGAGTTTGGCATTCAATACTGTACCCC	1.80351	NA	NA
12	8103315	DEL00000467	T	<DEL>	180	PASS	TRUE	DEL	NA	8103342	0	0	3to5	-7,7	-7,7	60	0	7	3	1	AATGGGAAGAAATCCAGAAAACAGTGAATATATATATATATATACATACATACACACACATATGTATTTATATAT	1.73876	NA	NA
12	44103849	DEL00000477	A	<DEL>	122	PASS	TRUE	DEL	NA	44103949	0	0	3to5	-3,3	-3,3	39	0	3	3	0.972973	GACTGAATATCTTTGGTGACTAGCAAAGAATACCAAATACATTTGTGTTATTTTTGCTTTTGGTATTTTAAGTTATTTTTTATTTAAATTTTTTTAAAGTTAAAACTGAACCATGTCTGTGTTTTGAGAAGTTGCATTATATATAT	1.7593	NA	NA
12	71560184	DEL00000498	C	<DEL>	360	PASS	TRUE	DEL	NA	71560893	2	60	3to5	-8,8	-8,8	60	0	7	4	0.983471	TACATGAAAGGGTGATGATTTCCTTTATCATGGACTTTTGCTCTGCAGACACAACTCACTTCATAGTTTAATTCATCATCTTTGGATATATTATTTACACATAACTTTAAAAAAAATAAAA	1.85038	NA	NA
12	74136475	DEL00000500	T	<DEL>	180	PASS	TRUE	DEL	NA	74136851	0	0	3to5	-4,4	-4,4	60	0	4	3	1	AAGCTGAAGGGACTTCAGTAGGTCCCCCACTTAACTAAGAAGTCACTAGGAAACTTCCTGAAGCTTTGGTAATTGTGGACAAGTTGGAGCTTTCAGGAAAATCCCAGA	1.9817	NA	NA
12	77293175	DEL00000501	T	<DEL>	180	PASS	TRUE	DEL	NA	77293203	0	0	3to5	-2,2	-2,2	60	0	1	3	0.991667	AGTGATAGTCGTTCAGTCGTGTCCGACTTTTTGAGGCACTATTGCAGGCCAGAAGACTGGAGTGGGTGACCATTCCCTCCAGGGGAGTCTTCTGGACCCAAGGATGAAAAGTGAAAGTCG	1.98515	NA	NA
13	345215	DEL00000506	T	<DEL>	239	PASS	TRUE	DEL	NA	345243	0	0	3to5	-45,45	-45,45	60	0	48	4	1	TCCCATGAAGACTAATTAGGGTAATCCTACAATTAATATCTGGCCTTAAGAGATATCAATGAATAGCTGGCCTTAAGAGATACTGGGCTTCCCTGATAGCTCAGCTGGTAATGAAT	1.96693	NA	NA
13	1720605	DEL00000509	A	<DEL>	300	PASS	TRUE	DEL	NA	1721780	2	60	3to5	-3,3	-3,3	60	0	2	3	1	AATTTTAGAAAATCACATAGACAGCAAGAAGTGCAAGAGATTGGAGAGGGTGGGCAGGATGCTATACGCTTTCTATATTATGTATTTGCATGCGTTT	1.92386	NA	NA
14	48184408	DEL00000542	T	<DEL>	180	PASS	TRUE	DEL	NA	48184483	0	0	3to5	-23,23	-23,23	60	0	23	3	1	GAAGTAGAAACTGATATTATACATATATAATGATATATGTGTATATACATATATCATCAGCAGTGTTACAGACTCTGTCTGCAA	1.8594	NA	NA
14	58698819	DEL00000547	A	<DEL>	180	PASS	TRUE	DEL	NA	58699142	0	0	3to5	-12,12	-12,12	60	0	11	3	0.981132	GTGTGTTCTCTTCCTTTCTAAACTTCTGGAATCCTCCTTTTCTGGTAGCTTAGTGATGCATTGAAATACCTTCTTAAGGTACTTTATCCAGAAATTTTAGCTTTTG	1.87965	NA	NA
14	73656423	DEL00000553	T	<DEL>	152	PASS	TRUE	DEL	NA	73656886	0	0	3to5	-11,11	-11,11	46	0	11	3	0.989011	TACAACATATTAAAATATCGCCTAGCCCTTCAGGCTCCTCTGTCCATGGGGTCACAAGGAGTCAGGCACGACTGAGCACGGCACACCGCAC	1.9704	NA	NA
14	75125473	DEL00000554	G	<DEL>	180	PASS	TRUE	DEL	NA	75125511	0	0	3to5	-2,2	-2,2	60	0	1	3	0.982143	AAGAATACTGGAGTGGGTAGCCACTCCCTTCTCCAAGGGATCTTCCTGACCCAGGGACTGAATGCAGATCTCCCACATTACAGGCAGATTCTTTACCATCTGTGCCACCAGG	1.99147	NA	NA
15	2671836	DEL00000565	T	<DEL>	180	PASS	TRUE	DEL	NA	2679276	0	0	3to5	-9,9	-9,9	60	0	10	3	1	GTTTATAATATTATAATTTTATAAAATATAAATTTTAATTTTAAATATAAAATTAAATTATAAAATATAAAATATAATAAATTAAAAATGTAAAATATAT	1.10696	NA	NA
15	5281997	DEL00000571	T	<DEL>	180	PASS	TRUE	DEL	NA	5282160	0	0	3to5	-19,19	-19,19	60	0	19	3	0.983871	TATTTGAAAAACATAATTCAGTTACAGGATATAAGGATAAGATAACACATGAGGGTAACAGTGAAGTAAAGACTTAGAACTGGGGTAGTTCTAATAAGGACACGGATTTTTCCTTACTGGCATC	1.90241	NA	NA
15	9102081	INS00000576	T	<INS>	180	PASS	TRUE	INS	NA	9102082	0	0	NtoN	-1,1	-1,1	60	30	0	3	0.959459	AGAAAATTTAATATATTCAAAAAATGCTAACTAAGCAATGTAAAGTATATGTTCTTACTAGGATACTATAAATTCATTTTCTTCTATTATAATGAAAGGTTTGTGTGAGGTTTTTGTTTCTTTGTTTTTTTGTTTCTTTGTTT	1.72816	30	NA
15	9317603	DEL00000577	A	<DEL>	180	PASS	TRUE	DEL	NA	9317631	0	0	3to5	-11,11	-11,11	60	0	15	3	0.984733	ATTGTATATAAATATATAATAATTTATATATTGTTATATATAAATATAAATATATATATATATATATGCTGCTAAGTCACTTCAGTCGTGTCCGACTCTCTGCGACCCCATAGATGGCAGCCCGCCAGG	1.89096	NA	NA
15	19001787	DEL00000582	T	<DEL>	180	PASS	TRUE	DEL	NA	19001905	0	0	3to5	-7,7	-7,7	60	0	7	3	0.981308	AGGGAGGAAATATTTTCTCTAGAAATGTGTTTCTGTTTTACATTTTTCAATATATATGCTGATTGAAAACAGAACTGTGTATTCAAGGGTAATTAGACTAGCAGGAG	1.87192	NA	NA
15	83941241	DEL00000614	G	<DEL>	110	PASS	TRUE	DEL	NA	83941684	0	0	3to5	-24,24	-24,24	31	0	25	3	0.991736	GAGAAGGAAATGACAGCCCACTCCAGTATTCTTGCCTGGATAATTCCCATGGACAGAGGAGCCTGGCAGGCTCGGACAGTCAGACGTGACTGAAGCGACTTAGCACAGCATACCAAAGGAC	1.96652	NA	NA
16	13136709	DEL00000624	G	<DEL>	180	PASS	TRUE	DEL	NA	13136847	0	0	3to5	-9,9	-9,9	60	0	14	3	0.99	TATCATGAATTATCCAGGCAGACCCAACCTAATCATTCAATCCTTAAAAGTGGAAGAGGGGGGCAGAAAAGTGGACCAGGGAGGTACAGTATAAGAAGC	1.93159	NA	NA
16	22675344	DEL00000632	A	<DEL>	180	PASS	TRUE	DEL	NA	22676148	0	0	3to5	-15,15	-15,15	60	0	14	3	1	CTTCAGATGAGTTCTTGTTAAATCTGAGTCGGAGCAACTTTCTTGTTTCTAGACTTCTTTGGCTTTCTCTGAGAAAGTTTC	1.90063	NA	NA
17	4878614	DEL00000652	A	<DEL>	117	PASS	TRUE	DEL	NA	4884069	0	0	3to5	-4,4	-4,4	50	0	3	3	0.99187	AAGAAACAGTTCAGTTCAGTAGCTCAGTCATGTCCGACTCTTTGTGACCCCATGAACCACAACACGCCAGGCCTCCCTGTCCAACATATATCATTAGTTTTTCATCCATAACCATATTCTCTT	1.93568	NA	NA
18	14188311	DEL00000695	T	<DEL>	180	PASS	TRUE	DEL	NA	14188413	0	0	3to5	-7,7	-7,7	60	0	8	3	0.972028	TCTTTTGTAAAAAGCACCAAGTCTGTTTCTGGTTATTGATACACAAGCCAGTGACGTGGTAGTCATTTCTCCTTCATCTCACCTCGGGGTACTTGTTCTGGTGTTCTTTTCACCGTGTGTGCGTATGAATGCGTGCATTTGCA	1.94629	NA	NA
18	21696738	DEL00000702	A	<DEL>	180	PASS	TRUE	DEL	NA	21696772	0	0	3to5	-17,17	-17,17	60	0	16	3	1	GGACACTTGTTGCTGCAGTTTGCTAACATTGATAACAGATCCTTTTACTGTTTTAAAAAACAAAACTTGCTTAGAGTCTTTATTATCATTATAGTCTGTATTACTTTGTTGCTTTACTTTGTGACATTT	1.85359	NA	NA
18	47169873	INS00000708	T	<INS>	152	PASS	TRUE	INS	NA	47169874	0	0	NtoN	-19,19	-19,19	54	28	18	3	1	GCATTTTTTTCTCTTTAATGGTTAAAGGAGATGAATAATGTATGATGGTGACTACAGCCATGTATAATGCAGATGGTGACTGCAGCCATGAAATTAAAAGATGCTTGCTCTTTGGAAGAAAAGTTATGACCAACTTAGACAGCA	1.92873	28	NA
20	11555272	DEL00000745	T	<DEL>	413	PASS	TRUE	DEL	NA	11557351	5	60	3to5	-13,13	-13,13	60	0	12	3	1	ATGTTTCTTTAAATGTCTGGCCTATTGCTCAGACACGGCTTTTAAAATAATTGATCCCTCCTGTTGATTTGAGATATTTTTAGCATATGGTAAGT	1.89343	NA	NA
20	28513466	DEL00000751	A	<DEL>	180	PASS	TRUE	DEL	NA	28513566	0	0	3to5	-2,2	-2,2	60	0	1	3	0.980583	GCATGTACACACACAGGCACCAAAATTAGTAGTGTATATTCTCTTTGACTGAGCAAACCCTACAATATATGTACAATAATATATGTGTAAGGATTATTCATTT	1.90129	NA	NA
20	31544197	DEL00000753	A	<DEL>	180	PASS	TRUE	DEL	NA	31544380	0	0	3to5	-17,17	-17,17	60	0	17	3	1	TTATAAGAGTGGTTATAAAGGTTCTCTGTGAGAAAAGTGTGTCTTTAAAGGGAGGCCTTCTTCTCAAAGACAAA	1.91663	NA	NA
21	673172	BND00000783	C	]8:10297075]C	539	PASS	TRUE	BND	8	673173	0	0	5to3	-16,16	-16,16	60	0	15	10	0.972527	GGATCCTGGTTTGCCCAGAGCTGTCCTGGTTTTAGCACTAAAAATCCCACATCTGGGAAAGCTCGGGGTTGCTGAGCCTTATATGCTGCTGCTGCTGCTAAGTCGCTTCATTCGTGTCCAACTCTATGTGACCCCATAGAAGGCAGCCCACTCAAATGAACTTGAAATGAAAAAGGAGACGT	1.99956	NA	10297075
21	35210345	DEL00000804	C	<DEL>	480	PASS	TRUE	DEL	NA	35212170	5	60	3to5	-15,15	-15,15	60	0	15	3	1	ACTATGTGTGACAAAAAGCCTCAAATCAGGAGGGCTTCTGGAACTTATCACAGTGTATCTGACTTGCCAACACACACAAGACAACTCTTATCTTTATAAGACCTATTAGACACTTAGGGAAATGACATTCTCCAGGCAC	1.95999	NA	NA
21	38584168	DEL00000805	T	<DEL>	240	PASS	TRUE	DEL	NA	38584226	0	0	3to5	-6,6	-6,6	60	0	10	4	1	AATACTGTGAATACTTGATTCTCAGGTTTAATGACCTGAGAAATGAAATTTCATCAAGAAATTGAAATTATATTAAGAATGTATGTAATTCAGGCAGTTTTGTTCTGAGAACTAAATAAAGATTTAAGAGAATGGAATTTTAAT	1.79643	NA	NA
22	26713196	DEL00000825	T	<DEL>	180	PASS	TRUE	DEL	NA	26713495	0	0	3to5	-11,11	-11,11	60	0	10	3	1	TTCTATCTAAGATAAATTGACACATGTTTTTAAAATATAAAAGAACAATAATGTCTGGAGAAACACTATTTTTTATTTATTTGTTTTTTAATTTGAGTGCAAGGGCTTTAAAATATTGTGTTGTTTTCTGTC	1.76544	NA	NA
22	47616188	DEL00000829	C	<DEL>	180	PASS	TRUE	DEL	NA	47616533	0	0	3to5	-15,15	-15,15	60	0	14	3	1	GGATTTGAAAGTTGGATAGAAGATCTGTGTTTTTCCCTCAGCTTTCAAAATGCTCTTTCACCCCATCCGCACGGTGGAGGACATCCGACCCTCCAGCAGAAGGCCTGGCCGCAC	1.99373	NA	NA
23	26537713	DEL00000855	A	<DEL>	180	PASS	TRUE	DEL	NA	26537760	0	0	3to5	-6,6	-6,6	60	0	6	3	0.965812	TCTTTCTTTCTCATGGCTGAGTAATATCTCATTATATATATATATACACACAACCTCTTCTTTATCTATTCATCTGTCAATGAACACTTAGTTTACTCCTTTGTCTTGGCTATTG	1.81897	NA	NA
23	38727086	BND00000874	A	A]5:28408738]	463	PASS	TRUE	BND	5	38727087	0	0	3to3	-5,5	-5,5	60	0	4	9	0.954082	TAGAATAGAATAGTTATACAGGTAGTTATAAAAGTCCCAGTAGGGGATTATAGGTAGAAAGGGGAAACCTGGGGATAAAAAAGAAAAAAAAAATGTATTTAAGATCATCACTTGACCAAGAGAAATTATTAAACATGGCAGTCTCAACTGAAAATGAAACAAATGAAGAATTCGATTTGAAAAAAAAAATA	1.7765	NA	28408738
24	28498190	INS00000891	G	<INS>	180	PASS	TRUE	INS	NA	28498191	0	0	NtoN	-4,4	-4,4	60	39	5	3	1	ATTCCTTTGAGAAACAAGGGAAAGGCATAGTCATTGTTGTCAACCTCTTACTACTTAAAATGAGTATTAAAAGCATTATTAATTGTGGGGCTTCCCTGGTGGCTCAGCAGCAAAGAATTCA	1.95537	39	NA
24	62192121	DEL00000896	A	<DEL>	108	PASS	TRUE	DEL	NA	62192259	0	0	3to5	-3,3	-3,3	27	0	2	3	1	TGTTCCTAGTTCTTTGAAAGATACTATTGGTATTTTGATAGGGATTGTATTGAATCAATAAAGAAACACAAGGTGGAATCAAGATTGCCGGGAAAAATATCAATAACCTCAGATATGCAGA	1.89448	NA	NA
26	15715985	INS00000914	A	<INS>	180	PASS	TRUE	INS	NA	15715986	0	0	NtoN	-2,2	-2,2	60	41	1	3	0.979592	TTTCACTTTTTTTGCAATTATGAATTAAACCACTGAACATTCTCAGATAGGTGAAGATAGGTTTTAATTTCTCTTGGGTAAACCTAAACTATTTTGTAAAGCATTGGGCAAGGTGT	1.89265	41	NA
26	29766962	DEL00000918	A	<DEL>	180	PASS	TRUE	DEL	NA	29767132	0	0	3to5	-5,5	-5,5	60	0	4	3	0.984615	AAAAAGTTTTAAAGGCACAGAATTCCAGAACCAACCAATGTTAGGAATAAAAGAAGTGTTAGCTAACACATCTCCTGCTTGGCAGGCTTATTCTTTACCACCGAGCTACCTGGGAAGCCCCAGCTTCACT	1.96892	NA	NA
26	46834731	DEL00000924	T	<DEL>	180	PASS	TRUE	DEL	NA	46834776	0	0	3to5	-5,5	-5,5	60	0	6	3	1	ATGGGTTTTATACCCAGCTAGTAGAGCCAGGTCTTCCTGGCTAGGATGTTGAAATTCCAAATCACCTTGTTCAACTTTTGAAACACGCTGTTTACATTTTAATTGGTTCT	1.94858	NA	NA
27	6219484	BND00000932	G	[1:6042885[G	6387	PASS	TRUE	BND	1	6219485	84	60	5to5	-2,2	-2,2	60	0	1	24	0.956731	GCCGGCGCCGGCAGTCGGAGAGGCGCGAGAGGGACGGGAGCCCGGGGCGCGGGGGGGCCTCAAGGAGGAGAAGGGGGGTCACCCCTTTCCCCCCCCCAAACACCCCCCCACCCCACCCCACCCCCGCGGACGCTACGCCGCGACGAGTAGGAGGGCCGCTGCGGTGAGCCTTGAAGCCTAGGGCGCGGGCCCGGGTGGAGCCGC	1.74412	NA	6042885
29	49716199	DEL00001009	C	<DEL>	180	PASS	TRUE	DEL	NA	49716237	0	0	3to5	-11,11	-11,11	60	0	11	3	0.955357	CAAGTCTAGACACTTCTGCTGGGTCATGAGTCAGTGGTGGCTGCTGCTCCCTGGAGCCGGAGCCCTGAAGCGACCTGGGGCCTGGCCTCCGTCCCTGGGACGGCAGGGCCCA	1.91015	NA	NA
X	5094298	DEL00001015	A	<DEL>	180	PASS	TRUE	DEL	NA	5096045	0	0	3to5	-2,2	-2,2	60	0	1	3	1	CACAGTTAATTCAATATTCCCAGGTACATTCTGGTTCTGCATATATTTTACCTGTTTGAACTGAATCATGATGTCTTTAGAAAGTTCC	1.9071	NA	NA
X	5096136	DEL00001016	T	<DEL>	180	PASS	TRUE	DEL	NA	5096593	0	0	3to5	-3,3	-3,3	60	0	2	3	1	AAGTTCCATGTCTTTAAACATTCCTTCAAGTTTGCTGGTGAAAGCAGCTCCACATTCATGTTTAAGTTTGGACAGCATTGATTTTTCAGCATCTACAGATGCACTTTTC	1.93714	NA	NA
X	35314298	DEL00001029	T	<DEL>	125	PASS	TRUE	DEL	NA	35314803	0	0	3to5	-10,10	-10,10	60	0	11	3	0.973451	CAGCCATCTATGTGTTTTCTCTGGAGAAATGTCTGTTTAGATCTTTGGCCCATTTTTTGAATGGGTCATTTATATTTCTGTCTTTGTGCTGTTACCATACTGTCTTGATGACT	1.86196	NA	NA
NKLS02000328.1	52315	DEL00001088	T	<DEL>	82	PASS	TRUE	DEL	NA	52351	0	0	3to5	-7,7	-7,7	23	0	9	3	1	AGTGTATGTCCAGCCAAGTGATCAGTGCATTATAGCCACGTCATCAGTGCATGATCAGTCACATGATCAGTGCATGCTCAGTCACGTGATCAGGGCCTGCTGAGCTGCGTGATTACTGTCTGCTCATCTGCTTGACAATTT	1.9934	NA	NA
NKLS02001289.1	31554	DEL00001149	C	<DEL>	180	PASS	TRUE	DEL	NA	31615	0	0	3to5	-6,6	-6,6	60	0	8	3	0.96	ATTTTGATTTTTTTGAATAAAGAAGTTTTTCTCTGGCATTTTGAGTGAGGACTCATTCCTGACTCACCTAATGGGAACTGGGCGAGGAAATATTTTTGGC	1.91523	NA	NA
NKLS02001289.1	32142	DEL00001150	T	<DEL>	1950	PASS	TRUE	DEL	NA	37179	23	60	3to5	-12,12	-12,12	60	0	11	10	0.994764	TGGGCCAATCATTCTGATTTGCCTGGTTCACAGTCCATTTTGGTATATCTTAGGATCCTCTCATGTGTGTGCACACATCTCTTAACCAAGTGGATTTTACCAAAAAGGCATCTGGGTAGAGACAGCATCCCTTGACATTGTTCCCCTTTCAGCCTGCAAGGAGTCTTTTCTGTGTGTGTGTGGCAAAGGGA	1.97962	NA	NA
NKLS02001289.1	53365	BND00001151	G	G[NKLS02000469.1:434[	552	PASS	TRUE	BND	NKLS02000469.1	53366	7	59	3to5	-5,5	-5,5	55	0	4	3	1	CCAAGGAGTGGTGGGTACATGGGCACAGGAAGCCAACAAGAATGTCAAAGCCATCCCACCTTGAGAAC	1.9291	NA	434
NKLS02001383.1	27641	DEL00001165	T	<DEL>	165	PASS	TRUE	DEL	NA	27668	0	0	3to5	-4,4	-4,4	51	0	5	4	1	AGATTCCATATGCCCGTGTGCCACAACCACTGAGCCAGAGCTCTAGAGTCTGTGCTCTGCAACAAGAGAAGCCATCGCAATAATAGCCCCTGTTCACTGCAACTACAGAATGCCCAAGGGCAGTAACG	1.97275	NA	NA
NKLS02002108.1	26733	BND00001204	G	]5:459616]G	197	PASS	TRUE	BND	5	26734	0	0	5to3	-2,2	-2,2	25	0	1	10	0.982143	TTGAAATGTGTAACTCTTTCATAAAATGCTTTGAGCCTCTTAGAAGCCCCTAAATAAATAGGAAGATGTGGGAAAACAGAAATGAATATTCTCTGTAAAAACAAAAAATAATGCCTGAAGAGACATATAAAATACAAAATAATTATGTGTAATAATAAAATGATAAAG	1.79519	NA	459616
NKLS02002208.1	7801573	BND00001237	A	]NKLS02001160.1:15478]A	780	PASS	TRUE	BND	NKLS02001160.1	7801574	0	0	5to3	-7,7	-7,7	60	0	9	13	0.967914	AAACATTCAGTCCAGTTCCAATTTCAACCTAGGTCTGAAGCAGAATGGAAAGAGAGCTTGCTGTGGAGGTAGAATCCAGACTTCAAGTCTCAGAGGCAGTCCTATGATGGCGGTGGAATAGGTCGGGGAGACCACAATCTCCCCCACAAATTCATTGAAAGAACATTTGAACCCTGAGCAAATT	1.98102	NA	15478
NKLS02002210.1	928997	DEL00001241	T	<DEL>	236	PASS	TRUE	DEL	NA	930496	3	60	3to5	-3,3	-3,3	42	0	3	3	0.992063	TAAATGTAAAGTATTGGTTATTTGAAATAAAGTCTCACTATTGTTGTTCAGTCGCTCAGTCTTGTCCAACTCTTTGTGACCCCATGGACTGCAGCACACCAGGCTTCCCTGTCCTTCACTATCTCC	1.95415	NA	NA
