SV_ID	SV_CHROM	SV_START	REF	ALT	QUAL	FILTER	PRECISE	SVTYPE	CHR2	SV_END	PE	MAPQ	CT	CIPOS	CIEND	SRMAPQ	INSLEN	HOMLEN	SR	SRQ	CONSENSUS	CE	SVLEN	POS2	DATASET_CHROM	DATASET_START	DATASET_END	DATASET_SV_LENGTH	DATSET_STRAND	DATASET_SOURCE	DATASET_SV_TYPE	score	phase	DATSET_ID	Alias	Name	breakpoint_detail	breakpoint_range	end_range	gbkey	mate_id	parent	remap_score	sample_name	start_range	submitter_variant_call_id	variant_call_so_id	variant_seq	assertion_method	submitter_variant_region_id	variant_region_so_id	part
DEL00000028	1	48131317	G	<DEL>	180	PASS	TRUE	DEL	NA	48131345	0	0	3to5	-29,29	-29,29	60	0	30	3	0.991379	TTGGGATACAAACCCAACCTCTTCCCTATATCTTCTCATTAACTAGAGGTAATATTTTTCACTCTATTTTCTGACCTGCTCTCTTAGCCCATGGTATCATATATTTTCATATTATA	1.84995	NA	NA	1	48012415	48470928	458514	+	NA	deletion	NA	NA	78	881		1:48837161:+	:48837161	.	Region	nssv13657193	nsv2779439	1	334770	48377246	881	SO:0000159	-	NA	NA	NA	NA
DEL00000028	1	48131317	G	<DEL>	180	PASS	TRUE	DEL	NA	48131345	0	0	3to5	-29,29	-29,29	60	0	30	3	0.991379	TTGGGATACAAACCCAACCTCTTCCCTATATCTTCTCATTAACTAGAGGTAATATTTTTCACTCTATTTTCTGACCTGCTCTCTTAGCCCATGGTATCATATATTTTCATATTATA	1.84995	NA	NA	1	48012415	48470928	458514	+	NA	deletion	NA	NA	79	881		1:48837161:+	:48837161	.	Region	nssv13657193	nsv2779439	1	334770	48377246	881	SO:0000159	-	NA	NA	NA	NA
DEL00000028	1	48131317	G	<DEL>	180	PASS	TRUE	DEL	NA	48131345	0	0	3to5	-29,29	-29,29	60	0	30	3	0.991379	TTGGGATACAAACCCAACCTCTTCCCTATATCTTCTCATTAACTAGAGGTAATATTTTTCACTCTATTTTCTGACCTGCTCTCTTAGCCCATGGTATCATATATTTTCATATTATA	1.84995	NA	NA	1	48012415	48470928	458514	+	NA	deletion	NA	NA	80	881		1:48969662:+	:48969662	.	Region	nssv13657193	nsv2779439	1	334770	48377246	881	SO:0000159	-	NA	NA	NA	NA
DEL00000094	2	122896912	T	<DEL>	180	PASS	TRUE	DEL	NA	122897312	0	0	3to5	-3,3	-3,3	60	0	2	3	1	CATGGGGAACAGTTGTTTATAGTACCTGGTCCACCTCTCTGCCAGGTATAGCAGTTCAAGTGGGTAGGATGTTGGGCTGGAGATCCAGGGAAGAGCTGCTGTTCAAATCCAAAGGCAATC	1.98548	NA	NA	2	122642935	122942781	299847	+	NA	copy_number_variation	NA	NA	824	27		NA	NA	.	Region	NA	NA	1	NA	123185478	NA	NA	.	Calls with identical coordinates were merged: CNVRuler algorithm (CNV Region method)	27	SO:0001019	NA
DEL00000414	8	92012694	G	<DEL>	240	PASS	TRUE	DEL	NA	92012819	0	0	3to5	-8,8	-8,8	60	0	8	4	1	CCTTTAGCAGAAATTCTCTGATCTGTCTTCCTTATAAATTCTTTGTAATCCCAGCACCTAGAATATTAGAATTTTAGGAGTAAAAACGTAGAGGAAAACAATTAACACAATTTAATTTTTAAATTGTATAAAA	1.83862	NA	NA	8	91892742	92152396	259655	+	NA	deletion	NA	NA	2746	290		8:94322383:+	:94322383	.	Region	nssv13656790	nsv2779258	1	334709	93527968	290	SO:0000159	-	NA	NA	NA	NA
DEL00000414	8	92012694	G	<DEL>	240	PASS	TRUE	DEL	NA	92012819	0	0	3to5	-8,8	-8,8	60	0	8	4	1	CCTTTAGCAGAAATTCTCTGATCTGTCTTCCTTATAAATTCTTTGTAATCCCAGCACCTAGAATATTAGAATTTTAGGAGTAAAAACGTAGAGGAAAACAATTAACACAATTTAATTTTTAAATTGTATAAAA	1.83862	NA	NA	8	91892742	92152396	259655	+	NA	deletion	NA	NA	2741	290		8:93792855:+	:93792855	.	Region	nssv13656790	nsv2779258	1	334709	93527968	290	SO:0000159	-	NA	NA	NA	NA
DEL00000414	8	92012694	G	<DEL>	240	PASS	TRUE	DEL	NA	92012819	0	0	3to5	-8,8	-8,8	60	0	8	4	1	CCTTTAGCAGAAATTCTCTGATCTGTCTTCCTTATAAATTCTTTGTAATCCCAGCACCTAGAATATTAGAATTTTAGGAGTAAAAACGTAGAGGAAAACAATTAACACAATTTAATTTTTAAATTGTATAAAA	1.83862	NA	NA	8	91892742	92152396	259655	+	NA	deletion	NA	NA	2742	290		8:93792855:+	:93792855	.	Region	nssv13656790	nsv2779258	1	334709	93527968	290	SO:0000159	-	NA	NA	NA	NA
DEL00000414	8	92012694	G	<DEL>	240	PASS	TRUE	DEL	NA	92012819	0	0	3to5	-8,8	-8,8	60	0	8	4	1	CCTTTAGCAGAAATTCTCTGATCTGTCTTCCTTATAAATTCTTTGTAATCCCAGCACCTAGAATATTAGAATTTTAGGAGTAAAAACGTAGAGGAAAACAATTAACACAATTTAATTTTTAAATTGTATAAAA	1.83862	NA	NA	8	91892742	92152396	259655	+	NA	copy_number_variation	NA	NA	2747	103		NA	NA	.	Region	NA	NA	1	NA	93527968	NA	NA	.	Calls with identical coordinates were merged: CNVRuler algorithm (CNV Region method)	103	SO:0001019	NA
DEL00000531	10	95812766	G	<DEL>	300	PASS	TRUE	DEL	NA	95812867	0	0	3to5	-1,1	-1,1	60	0	0	5	0.973856	TTGGCAGACGGTGTGTGTGGATGTGTTTATTACTATTATCTTTGACACCTTGACTTTCTGACAGTCCATTATTTTGAATTAAGATTTTTCCCTTACTGGAAACTACTCAAATATGCTCTAAAAATTTCAAGACAAGTGATTCTGGATGGTT	1.90994	NA	NA	10	95753357	95989459	236103	+	NA	deletion	NA	NA	2963	173		10:97064553:+	:97064553	.	Region	nssv13656711	nsv2779270	1	334700	96828656	173	SO:0000159	-	NA	NA	NA	NA
DEL00000531	10	95812766	G	<DEL>	300	PASS	TRUE	DEL	NA	95812867	0	0	3to5	-1,1	-1,1	60	0	0	5	0.973856	TTGGCAGACGGTGTGTGTGGATGTGTTTATTACTATTATCTTTGACACCTTGACTTTCTGACAGTCCATTATTTTGAATTAAGATTTTTCCCTTACTGGAAACTACTCAAATATGCTCTAAAAATTTCAAGACAAGTGATTCTGGATGGTT	1.90994	NA	NA	10	95753357	95989459	236103	+	NA	copy_number_variation	NA	NA	2965	115		NA	NA	.	Region	NA	NA	1	NA	96828656	NA	NA	.	Calls with identical coordinates were merged: CNVRuler algorithm (CNV Region method)	115	SO:0001019	NA
DEL00000531	10	95812766	G	<DEL>	300	PASS	TRUE	DEL	NA	95812867	0	0	3to5	-1,1	-1,1	60	0	0	5	0.973856	TTGGCAGACGGTGTGTGTGGATGTGTTTATTACTATTATCTTTGACACCTTGACTTTCTGACAGTCCATTATTTTGAATTAAGATTTTTCCCTTACTGGAAACTACTCAAATATGCTCTAAAAATTTCAAGACAAGTGATTCTGGATGGTT	1.90994	NA	NA	10	95753357	95989459	236103	+	NA	deletion	NA	NA	2961	173		10:97064553:+	:97064553	.	Region	nssv13656711	nsv2779270	1	334700	96828656	173	SO:0000159	-	NA	NA	NA	NA
DEL00000531	10	95812766	G	<DEL>	300	PASS	TRUE	DEL	NA	95812867	0	0	3to5	-1,1	-1,1	60	0	0	5	0.973856	TTGGCAGACGGTGTGTGTGGATGTGTTTATTACTATTATCTTTGACACCTTGACTTTCTGACAGTCCATTATTTTGAATTAAGATTTTTCCCTTACTGGAAACTACTCAAATATGCTCTAAAAATTTCAAGACAAGTGATTCTGGATGGTT	1.90994	NA	NA	10	95753357	95989459	236103	+	NA	deletion	NA	NA	2962	173		10:97389305:+	:97389305	.	Region	nssv13656711	nsv2779270	1	334700	96828656	173	SO:0000159	-	NA	NA	NA	NA
DEL00000862	18	57277874	C	<DEL>	180	PASS	TRUE	DEL	NA	57277922	0	0	3to5	-5,5	-5,5	60	0	4	3	0.992481	CAAGACCCAGCACAGCCAGAAATAAATGAGTGAGTAAAAACAGAAGGGCCTGGGATTTAGGAAGACTGCTTATGAACTTTCAGGCTGTTATCTAGCACGTGTGCTTATGAGAATAACTGGTGTCAAAGCAAGG	1.95354	NA	NA	18	55359845	57738314	2378470	+	NA	copy_number_variation	NA	NA	4273	176		NA	NA	.	Region	NA	NA	1	NA	55811378	NA	NA	.	Calls with identical coordinates were merged: CNVRuler algorithm (CNV Region method)	176	SO:0001019	NA
DEL00000862	18	57277874	C	<DEL>	180	PASS	TRUE	DEL	NA	57277922	0	0	3to5	-5,5	-5,5	60	0	4	3	0.992481	CAAGACCCAGCACAGCCAGAAATAAATGAGTGAGTAAAAACAGAAGGGCCTGGGATTTAGGAAGACTGCTTATGAACTTTCAGGCTGTTATCTAGCACGTGTGCTTATGAGAATAACTGGTGTCAAAGCAAGG	1.95354	NA	NA	18	55359845	57738314	2378470	+	NA	duplication	NA	NA	4269	632		18:58064225:+	:58064225	.	Region	nssv13657025	nsv2779331	1	334755	55811378	632	SO:1000035	.	NA	NA	NA	NA
DEL00000862	18	57277874	C	<DEL>	180	PASS	TRUE	DEL	NA	57277922	0	0	3to5	-5,5	-5,5	60	0	4	3	0.992481	CAAGACCCAGCACAGCCAGAAATAAATGAGTGAGTAAAAACAGAAGGGCCTGGGATTTAGGAAGACTGCTTATGAACTTTCAGGCTGTTATCTAGCACGTGTGCTTATGAGAATAACTGGTGTCAAAGCAAGG	1.95354	NA	NA	18	55359845	57738314	2378470	+	NA	duplication	NA	NA	4270	632		18:58064225:+	:58064225	.	Region	nssv13657025	nsv2779331	1	334755	55811378	632	SO:1000035	.	NA	NA	NA	NA
DEL00000862	18	57277874	C	<DEL>	180	PASS	TRUE	DEL	NA	57277922	0	0	3to5	-5,5	-5,5	60	0	4	3	0.992481	CAAGACCCAGCACAGCCAGAAATAAATGAGTGAGTAAAAACAGAAGGGCCTGGGATTTAGGAAGACTGCTTATGAACTTTCAGGCTGTTATCTAGCACGTGTGCTTATGAGAATAACTGGTGTCAAAGCAAGG	1.95354	NA	NA	18	55359845	57738314	2378470	+	NA	duplication	NA	NA	4268	632		18:58315593:+	:58315593	.	Region	nssv13657025	nsv2779331	1	334755	55811378	632	SO:1000035	.	NA	NA	NA	NA
DEL00000862	18	57277874	C	<DEL>	180	PASS	TRUE	DEL	NA	57277922	0	0	3to5	-5,5	-5,5	60	0	4	3	0.992481	CAAGACCCAGCACAGCCAGAAATAAATGAGTGAGTAAAAACAGAAGGGCCTGGGATTTAGGAAGACTGCTTATGAACTTTCAGGCTGTTATCTAGCACGTGTGCTTATGAGAATAACTGGTGTCAAAGCAAGG	1.95354	NA	NA	18	55504022	57595147	2091126	+	NA	duplication	NA	NA	4268-2	632		18:58315593:+	:58315593	.	Region	nssv13657025	nsv2779331	1	334755	55811378	632	SO:1000035	.	NA	NA	NA	NA
DEL00000862	18	57277874	C	<DEL>	180	PASS	TRUE	DEL	NA	57277922	0	0	3to5	-5,5	-5,5	60	0	4	3	0.992481	CAAGACCCAGCACAGCCAGAAATAAATGAGTGAGTAAAAACAGAAGGGCCTGGGATTTAGGAAGACTGCTTATGAACTTTCAGGCTGTTATCTAGCACGTGTGCTTATGAGAATAACTGGTGTCAAAGCAAGG	1.95354	NA	NA	18	55504022	57595147	2091126	+	NA	duplication	NA	NA	4270-2	632		18:58064225:+	:58064225	.	Region	nssv13657025	nsv2779331	1	334755	55811378	632	SO:1000035	.	NA	NA	NA	NA
DEL00000862	18	57277874	C	<DEL>	180	PASS	TRUE	DEL	NA	57277922	0	0	3to5	-5,5	-5,5	60	0	4	3	0.992481	CAAGACCCAGCACAGCCAGAAATAAATGAGTGAGTAAAAACAGAAGGGCCTGGGATTTAGGAAGACTGCTTATGAACTTTCAGGCTGTTATCTAGCACGTGTGCTTATGAGAATAACTGGTGTCAAAGCAAGG	1.95354	NA	NA	18	55504022	57595147	2091126	+	NA	duplication	NA	NA	4269-2	632		18:58064225:+	:58064225	.	Region	nssv13657025	nsv2779331	1	334755	55811378	632	SO:1000035	.	NA	NA	NA	NA
DEL00000862	18	57277874	C	<DEL>	180	PASS	TRUE	DEL	NA	57277922	0	0	3to5	-5,5	-5,5	60	0	4	3	0.992481	CAAGACCCAGCACAGCCAGAAATAAATGAGTGAGTAAAAACAGAAGGGCCTGGGATTTAGGAAGACTGCTTATGAACTTTCAGGCTGTTATCTAGCACGTGTGCTTATGAGAATAACTGGTGTCAAAGCAAGG	1.95354	NA	NA	18	55504022	57595147	2091126	+	NA	copy_number_variation	NA	NA	4273-2	176		NA	NA	.	Region	NA	NA	1	NA	55811378	NA	NA	.	Calls with identical coordinates were merged: CNVRuler algorithm (CNV Region method)	176	SO:0001019	NA
DEL00000862	18	57277874	C	<DEL>	180	PASS	TRUE	DEL	NA	57277922	0	0	3to5	-5,5	-5,5	60	0	4	3	0.992481	CAAGACCCAGCACAGCCAGAAATAAATGAGTGAGTAAAAACAGAAGGGCCTGGGATTTAGGAAGACTGCTTATGAACTTTCAGGCTGTTATCTAGCACGTGTGCTTATGAGAATAACTGGTGTCAAAGCAAGG	1.95354	NA	NA	18	56496314	60179870	3683557	-	NA	duplication	NA	NA	4268-3	632		18:58315593:+	:58315593	.	Region	nssv13657025	nsv2779331	1	334755	55811378	632	SO:1000035	.	NA	NA	NA	NA
DEL00000862	18	57277874	C	<DEL>	180	PASS	TRUE	DEL	NA	57277922	0	0	3to5	-5,5	-5,5	60	0	4	3	0.992481	CAAGACCCAGCACAGCCAGAAATAAATGAGTGAGTAAAAACAGAAGGGCCTGGGATTTAGGAAGACTGCTTATGAACTTTCAGGCTGTTATCTAGCACGTGTGCTTATGAGAATAACTGGTGTCAAAGCAAGG	1.95354	NA	NA	18	56496314	60179870	3683557	-	NA	copy_number_variation	NA	NA	4273-3	176		NA	NA	.	Region	NA	NA	1	NA	55811378	NA	NA	.	Calls with identical coordinates were merged: CNVRuler algorithm (CNV Region method)	176	SO:0001019	NA
DEL00000862	18	57277874	C	<DEL>	180	PASS	TRUE	DEL	NA	57277922	0	0	3to5	-5,5	-5,5	60	0	4	3	0.992481	CAAGACCCAGCACAGCCAGAAATAAATGAGTGAGTAAAAACAGAAGGGCCTGGGATTTAGGAAGACTGCTTATGAACTTTCAGGCTGTTATCTAGCACGTGTGCTTATGAGAATAACTGGTGTCAAAGCAAGG	1.95354	NA	NA	18	56496314	60179870	3683557	-	NA	duplication	NA	NA	4269-3	632		18:58064225:+	:58064225	.	Region	nssv13657025	nsv2779331	1	334755	55811378	632	SO:1000035	.	NA	NA	NA	NA
DEL00000862	18	57277874	C	<DEL>	180	PASS	TRUE	DEL	NA	57277922	0	0	3to5	-5,5	-5,5	60	0	4	3	0.992481	CAAGACCCAGCACAGCCAGAAATAAATGAGTGAGTAAAAACAGAAGGGCCTGGGATTTAGGAAGACTGCTTATGAACTTTCAGGCTGTTATCTAGCACGTGTGCTTATGAGAATAACTGGTGTCAAAGCAAGG	1.95354	NA	NA	18	56496314	60179870	3683557	-	NA	duplication	NA	NA	4270-3	632		18:58064225:+	:58064225	.	Region	nssv13657025	nsv2779331	1	334755	55811378	632	SO:1000035	.	NA	NA	NA	NA
BND00000868	18	59225165	C	]6:109018838]C	5022	PASS	TRUE	BND	6	59225166	95	55	5to3	-29,29	-29,29	60	0	28	4	1	AGTTCTCTTTTCTTTGTGAAGGGCAGGGCGCCCTGGAATGGGTTCGCCCCGAGAGAGGGGCCCGTGCCTTGGAAAGCGTCGCGGTTCCGGCGGCGTCCGGTGAGCTCTCGCTGGCCCTTGAAAATCCGGGGGAGAGGGTGTAAAT	1.92336	NA	109018838	18	56496314	60179870	3683557	-	NA	duplication	NA	NA	4268-3	632		18:58315593:+	:58315593	.	Region	nssv13657025	nsv2779331	1	334755	55811378	632	SO:1000035	.	NA	NA	NA	NA
BND00000868	18	59225165	C	]6:109018838]C	5022	PASS	TRUE	BND	6	59225166	95	55	5to3	-29,29	-29,29	60	0	28	4	1	AGTTCTCTTTTCTTTGTGAAGGGCAGGGCGCCCTGGAATGGGTTCGCCCCGAGAGAGGGGCCCGTGCCTTGGAAAGCGTCGCGGTTCCGGCGGCGTCCGGTGAGCTCTCGCTGGCCCTTGAAAATCCGGGGGAGAGGGTGTAAAT	1.92336	NA	109018838	18	56496314	60179870	3683557	-	NA	copy_number_variation	NA	NA	4273-3	176		NA	NA	.	Region	NA	NA	1	NA	55811378	NA	NA	.	Calls with identical coordinates were merged: CNVRuler algorithm (CNV Region method)	176	SO:0001019	NA
BND00000868	18	59225165	C	]6:109018838]C	5022	PASS	TRUE	BND	6	59225166	95	55	5to3	-29,29	-29,29	60	0	28	4	1	AGTTCTCTTTTCTTTGTGAAGGGCAGGGCGCCCTGGAATGGGTTCGCCCCGAGAGAGGGGCCCGTGCCTTGGAAAGCGTCGCGGTTCCGGCGGCGTCCGGTGAGCTCTCGCTGGCCCTTGAAAATCCGGGGGAGAGGGTGTAAAT	1.92336	NA	109018838	18	56496314	60179870	3683557	-	NA	duplication	NA	NA	4269-3	632		18:58064225:+	:58064225	.	Region	nssv13657025	nsv2779331	1	334755	55811378	632	SO:1000035	.	NA	NA	NA	NA
BND00000868	18	59225165	C	]6:109018838]C	5022	PASS	TRUE	BND	6	59225166	95	55	5to3	-29,29	-29,29	60	0	28	4	1	AGTTCTCTTTTCTTTGTGAAGGGCAGGGCGCCCTGGAATGGGTTCGCCCCGAGAGAGGGGCCCGTGCCTTGGAAAGCGTCGCGGTTCCGGCGGCGTCCGGTGAGCTCTCGCTGGCCCTTGAAAATCCGGGGGAGAGGGTGTAAAT	1.92336	NA	109018838	18	56496314	60179870	3683557	-	NA	duplication	NA	NA	4270-3	632		18:58064225:+	:58064225	.	Region	nssv13657025	nsv2779331	1	334755	55811378	632	SO:1000035	.	NA	NA	NA	NA
