SV_ID	SV_CHROM	SV_START	REF	ALT	QUAL	FILTER	PRECISE	SVTYPE	CHR2	SV_END	PE	MAPQ	CT	CIPOS	CIEND	SRMAPQ	INSLEN	HOMLEN	SR	SRQ	CONSENSUS	CE	SVLEN	POS2	DATASET_CHROM	DATASET_START	DATASET_END	DATASET_SV_LENGTH	DATSET_STRAND	DATASET_SOURCE	DATASET_SV_TYPE	score	phase	DATSET_ID	Alias	Name	gbkey	parent	sample_name	submitter_variant_call_id	variant_call_length	variant_call_so_id	variant_seq	assertion_method	submitter_variant_region_id	variant_region_so_id	part
DEL00000154	5	32781926	G	<DEL>	98	PASS	TRUE	DEL	NA	32781972	0	0	3to5	-2,2	-2,2	40	0	1	3	0.978947	TTCCACACATTCATCCAGTTAAAGAAACCTGTCTTAACTCCAGGTGTTTTCTCTCCTTCTCCCAGATAAGGGTTGTGTTTATTTCCTGGGTTCTG	1.92915	NA	NA	5	29622280	34410054	4787775	+	NA	inversion	NA	NA	3584	INRA_BovSV2677		Region	NA	NA	NA	NA	NA	.	Pindel software (parameters : --max_range_index 9 ; --min_perfect_match_around_BP 30)	INRA_BovSV2677	SO:1000036	NA
DEL00000154	5	32781926	G	<DEL>	98	PASS	TRUE	DEL	NA	32781972	0	0	3to5	-2,2	-2,2	40	0	1	3	0.978947	TTCCACACATTCATCCAGTTAAAGAAACCTGTCTTAACTCCAGGTGTTTTCTCTCCTTCTCCCAGATAAGGGTTGTGTTTATTTCCTGGGTTCTG	1.92915	NA	NA	5	29622280	34410054	4787775	+	NA	inversion	NA	NA	3583	INRA_BovSV2677_1		Region	esv3898479	INRA_MON0001	INRA_BovSV2677_1	4801335	SO:1000036	.	NA	NA	NA	NA
DEL00000154	5	32781926	G	<DEL>	98	PASS	TRUE	DEL	NA	32781972	0	0	3to5	-2,2	-2,2	40	0	1	3	0.978947	TTCCACACATTCATCCAGTTAAAGAAACCTGTCTTAACTCCAGGTGTTTTCTCTCCTTCTCCCAGATAAGGGTTGTGTTTATTTCCTGGGTTCTG	1.92915	NA	NA	5	30539007	33727994	3188988	+	NA	inversion	NA	NA	3583-2	INRA_BovSV2677_1		Region	esv3898479	INRA_MON0001	INRA_BovSV2677_1	4801335	SO:1000036	.	NA	NA	NA	NA
DEL00000154	5	32781926	G	<DEL>	98	PASS	TRUE	DEL	NA	32781972	0	0	3to5	-2,2	-2,2	40	0	1	3	0.978947	TTCCACACATTCATCCAGTTAAAGAAACCTGTCTTAACTCCAGGTGTTTTCTCTCCTTCTCCCAGATAAGGGTTGTGTTTATTTCCTGGGTTCTG	1.92915	NA	NA	5	30539007	33727994	3188988	+	NA	inversion	NA	NA	3584-2	INRA_BovSV2677		Region	NA	NA	NA	NA	NA	.	Pindel software (parameters : --max_range_index 9 ; --min_perfect_match_around_BP 30)	INRA_BovSV2677	SO:1000036	NA
DEL00000176	5	91481180	G	<DEL>	300	PASS	TRUE	DEL	NA	91482476	2	60	3to5	-8,8	-8,8	60	0	8	3	0.983471	AGCTGAGCTACCAGTCTGGAAACAATATTGCAGCACAATGTTCTTGAGTCCAGATTTGCTAAAAATCAATAATATAGTAGGGTACCTTAATATCTACTACATTGGAAACCAAATATCTGAC	1.92986	NA	NA	5	88932451	95676106	6743656	+	NA	inversion	NA	NA	4236	INRA_BovSV2825_1		Region	esv3898554	INRA_HOL0017	INRA_BovSV2825_1	6758337	SO:1000036	.	NA	NA	NA	NA
DEL00000176	5	91481180	G	<DEL>	300	PASS	TRUE	DEL	NA	91482476	2	60	3to5	-8,8	-8,8	60	0	8	3	0.983471	AGCTGAGCTACCAGTCTGGAAACAATATTGCAGCACAATGTTCTTGAGTCCAGATTTGCTAAAAATCAATAATATAGTAGGGTACCTTAATATCTACTACATTGGAAACCAAATATCTGAC	1.92986	NA	NA	5	88932451	95676106	6743656	+	NA	inversion	NA	NA	4237	INRA_BovSV2825		Region	NA	NA	NA	NA	NA	.	Pindel software (parameters : --max_range_index 9 ; --min_perfect_match_around_BP 30)	INRA_BovSV2825	SO:1000036	NA
DEL00000176	5	91481180	G	<DEL>	300	PASS	TRUE	DEL	NA	91482476	2	60	3to5	-8,8	-8,8	60	0	8	3	0.983471	AGCTGAGCTACCAGTCTGGAAACAATATTGCAGCACAATGTTCTTGAGTCCAGATTTGCTAAAAATCAATAATATAGTAGGGTACCTTAATATCTACTACATTGGAAACCAAATATCTGAC	1.92986	NA	NA	5	89392936	94350465	4957530	-	NA	inversion	NA	NA	4236-2	INRA_BovSV2825_1		Region	esv3898554	INRA_HOL0017	INRA_BovSV2825_1	6758337	SO:1000036	.	NA	NA	NA	NA
DEL00000176	5	91481180	G	<DEL>	300	PASS	TRUE	DEL	NA	91482476	2	60	3to5	-8,8	-8,8	60	0	8	3	0.983471	AGCTGAGCTACCAGTCTGGAAACAATATTGCAGCACAATGTTCTTGAGTCCAGATTTGCTAAAAATCAATAATATAGTAGGGTACCTTAATATCTACTACATTGGAAACCAAATATCTGAC	1.92986	NA	NA	5	89392936	94350465	4957530	-	NA	inversion	NA	NA	4237-2	INRA_BovSV2825		Region	NA	NA	NA	NA	NA	.	Pindel software (parameters : --max_range_index 9 ; --min_perfect_match_around_BP 30)	INRA_BovSV2825	SO:1000036	NA
DEL00000178	5	92687512	A	<DEL>	180	PASS	TRUE	DEL	NA	92687580	0	0	3to5	-1,1	-1,1	60	0	0	3	0.952941	TTTCTTACTGTTCCCTTGTGCTAAAATATTTAGTAAATTTTGTGAATTTTTTTTTTATTAAAAAAAATCACATGCTATAACCT	1.72387	NA	NA	5	88932451	95676106	6743656	+	NA	inversion	NA	NA	4236	INRA_BovSV2825_1		Region	esv3898554	INRA_HOL0017	INRA_BovSV2825_1	6758337	SO:1000036	.	NA	NA	NA	NA
DEL00000178	5	92687512	A	<DEL>	180	PASS	TRUE	DEL	NA	92687580	0	0	3to5	-1,1	-1,1	60	0	0	3	0.952941	TTTCTTACTGTTCCCTTGTGCTAAAATATTTAGTAAATTTTGTGAATTTTTTTTTTATTAAAAAAAATCACATGCTATAACCT	1.72387	NA	NA	5	88932451	95676106	6743656	+	NA	inversion	NA	NA	4237	INRA_BovSV2825		Region	NA	NA	NA	NA	NA	.	Pindel software (parameters : --max_range_index 9 ; --min_perfect_match_around_BP 30)	INRA_BovSV2825	SO:1000036	NA
DEL00000178	5	92687512	A	<DEL>	180	PASS	TRUE	DEL	NA	92687580	0	0	3to5	-1,1	-1,1	60	0	0	3	0.952941	TTTCTTACTGTTCCCTTGTGCTAAAATATTTAGTAAATTTTGTGAATTTTTTTTTTATTAAAAAAAATCACATGCTATAACCT	1.72387	NA	NA	5	89392936	94350465	4957530	-	NA	inversion	NA	NA	4236-2	INRA_BovSV2825_1		Region	esv3898554	INRA_HOL0017	INRA_BovSV2825_1	6758337	SO:1000036	.	NA	NA	NA	NA
DEL00000178	5	92687512	A	<DEL>	180	PASS	TRUE	DEL	NA	92687580	0	0	3to5	-1,1	-1,1	60	0	0	3	0.952941	TTTCTTACTGTTCCCTTGTGCTAAAATATTTAGTAAATTTTGTGAATTTTTTTTTTATTAAAAAAAATCACATGCTATAACCT	1.72387	NA	NA	5	89392936	94350465	4957530	-	NA	inversion	NA	NA	4237-2	INRA_BovSV2825		Region	NA	NA	NA	NA	NA	.	Pindel software (parameters : --max_range_index 9 ; --min_perfect_match_around_BP 30)	INRA_BovSV2825	SO:1000036	NA
DEL00000197	6	2792993	T	<DEL>	180	PASS	TRUE	DEL	NA	2793036	0	0	3to5	-8,8	-8,8	60	0	12	3	1	ATGTAATATATAATATTATTTAAGAATAATATAATATAATATATATAATATATATATAATATATATTATATTATATATTATACATAATATATAATAATATATACAAT	1.22485	NA	NA	6	1946693	3992519	2045827	+	NA	tandem_duplication	NA	NA	4603	INRA_BovSV4304		Region	NA	NA	NA	NA	NA	.	Pindel software (parameters : --max_range_index 9 ; --min_perfect_match_around_BP 30)	INRA_BovSV4304	SO:1000173	NA
DEL00000197	6	2792993	T	<DEL>	180	PASS	TRUE	DEL	NA	2793036	0	0	3to5	-8,8	-8,8	60	0	12	3	1	ATGTAATATATAATATTATTTAAGAATAATATAATATAATATATATAATATATATATAATATATATTATATTATATATTATACATAATATATAATAATATATACAAT	1.22485	NA	NA	6	1946693	3992519	2045827	+	NA	tandem_duplication	NA	NA	4605	INRA_BovSV4304_6		Region	esv3900032	INRA_HOL0007	INRA_BovSV4304_6	2012105	SO:1000173	.	NA	NA	NA	NA
DEL00000197	6	2792993	T	<DEL>	180	PASS	TRUE	DEL	NA	2793036	0	0	3to5	-8,8	-8,8	60	0	12	3	1	ATGTAATATATAATATTATTTAAGAATAATATAATATAATATATATAATATATATATAATATATATTATATTATATATTATACATAATATATAATAATATATACAAT	1.22485	NA	NA	6	1946693	3992519	2045827	+	NA	tandem_duplication	NA	NA	4606	INRA_BovSV4304_5		Region	esv3900032	INRA_HOL0010	INRA_BovSV4304_5	2012105	SO:1000173	.	NA	NA	NA	NA
DEL00000197	6	2792993	T	<DEL>	180	PASS	TRUE	DEL	NA	2793036	0	0	3to5	-8,8	-8,8	60	0	12	3	1	ATGTAATATATAATATTATTTAAGAATAATATAATATAATATATATAATATATATATAATATATATTATATTATATATTATACATAATATATAATAATATATACAAT	1.22485	NA	NA	6	1946693	3992519	2045827	+	NA	tandem_duplication	NA	NA	4608	INRA_BovSV4304_4		Region	esv3900032	INRA_HOL0022	INRA_BovSV4304_4	2012105	SO:1000173	.	NA	NA	NA	NA
DEL00000197	6	2792993	T	<DEL>	180	PASS	TRUE	DEL	NA	2793036	0	0	3to5	-8,8	-8,8	60	0	12	3	1	ATGTAATATATAATATTATTTAAGAATAATATAATATAATATATATAATATATATATAATATATATTATATTATATATTATACATAATATATAATAATATATACAAT	1.22485	NA	NA	6	1946693	3992519	2045827	+	NA	tandem_duplication	NA	NA	4604	INRA_BovSV4304_3		Region	esv3900032	INRA_HOL0027	INRA_BovSV4304_3	2012105	SO:1000173	.	NA	NA	NA	NA
DEL00000197	6	2792993	T	<DEL>	180	PASS	TRUE	DEL	NA	2793036	0	0	3to5	-8,8	-8,8	60	0	12	3	1	ATGTAATATATAATATTATTTAAGAATAATATAATATAATATATATAATATATATATAATATATATTATATTATATATTATACATAATATATAATAATATATACAAT	1.22485	NA	NA	6	1946693	3992519	2045827	+	NA	tandem_duplication	NA	NA	4609	INRA_BovSV4304_2		Region	esv3900032	INRA_NOR0010	INRA_BovSV4304_2	2012105	SO:1000173	.	NA	NA	NA	NA
DEL00000197	6	2792993	T	<DEL>	180	PASS	TRUE	DEL	NA	2793036	0	0	3to5	-8,8	-8,8	60	0	12	3	1	ATGTAATATATAATATTATTTAAGAATAATATAATATAATATATATAATATATATATAATATATATTATATTATATATTATACATAATATATAATAATATATACAAT	1.22485	NA	NA	6	1946693	3992519	2045827	+	NA	tandem_duplication	NA	NA	4607	INRA_BovSV4304_1		Region	esv3900032	INRA_NOR0008	INRA_BovSV4304_1	2012105	SO:1000173	.	NA	NA	NA	NA
DEL00000197	6	2792993	T	<DEL>	180	PASS	TRUE	DEL	NA	2793036	0	0	3to5	-8,8	-8,8	60	0	12	3	1	ATGTAATATATAATATTATTTAAGAATAATATAATATAATATATATAATATATATATAATATATATTATATTATATATTATACATAATATATAATAATATATACAAT	1.22485	NA	NA	6	2363807	3890945	1527139	+	NA	tandem_duplication	NA	NA	4609-2	INRA_BovSV4304_2		Region	esv3900032	INRA_NOR0010	INRA_BovSV4304_2	2012105	SO:1000173	.	NA	NA	NA	NA
DEL00000197	6	2792993	T	<DEL>	180	PASS	TRUE	DEL	NA	2793036	0	0	3to5	-8,8	-8,8	60	0	12	3	1	ATGTAATATATAATATTATTTAAGAATAATATAATATAATATATATAATATATATATAATATATATTATATTATATATTATACATAATATATAATAATATATACAAT	1.22485	NA	NA	6	2363807	3890945	1527139	+	NA	tandem_duplication	NA	NA	4607-2	INRA_BovSV4304_1		Region	esv3900032	INRA_NOR0008	INRA_BovSV4304_1	2012105	SO:1000173	.	NA	NA	NA	NA
DEL00000197	6	2792993	T	<DEL>	180	PASS	TRUE	DEL	NA	2793036	0	0	3to5	-8,8	-8,8	60	0	12	3	1	ATGTAATATATAATATTATTTAAGAATAATATAATATAATATATATAATATATATATAATATATATTATATTATATATTATACATAATATATAATAATATATACAAT	1.22485	NA	NA	6	2363807	3890945	1527139	+	NA	tandem_duplication	NA	NA	4603-2	INRA_BovSV4304		Region	NA	NA	NA	NA	NA	.	Pindel software (parameters : --max_range_index 9 ; --min_perfect_match_around_BP 30)	INRA_BovSV4304	SO:1000173	NA
DEL00000197	6	2792993	T	<DEL>	180	PASS	TRUE	DEL	NA	2793036	0	0	3to5	-8,8	-8,8	60	0	12	3	1	ATGTAATATATAATATTATTTAAGAATAATATAATATAATATATATAATATATATATAATATATATTATATTATATATTATACATAATATATAATAATATATACAAT	1.22485	NA	NA	6	2363807	3890945	1527139	+	NA	tandem_duplication	NA	NA	4604-2	INRA_BovSV4304_3		Region	esv3900032	INRA_HOL0027	INRA_BovSV4304_3	2012105	SO:1000173	.	NA	NA	NA	NA
DEL00000197	6	2792993	T	<DEL>	180	PASS	TRUE	DEL	NA	2793036	0	0	3to5	-8,8	-8,8	60	0	12	3	1	ATGTAATATATAATATTATTTAAGAATAATATAATATAATATATATAATATATATATAATATATATTATATTATATATTATACATAATATATAATAATATATACAAT	1.22485	NA	NA	6	2363807	3890945	1527139	+	NA	tandem_duplication	NA	NA	4608-2	INRA_BovSV4304_4		Region	esv3900032	INRA_HOL0022	INRA_BovSV4304_4	2012105	SO:1000173	.	NA	NA	NA	NA
DEL00000197	6	2792993	T	<DEL>	180	PASS	TRUE	DEL	NA	2793036	0	0	3to5	-8,8	-8,8	60	0	12	3	1	ATGTAATATATAATATTATTTAAGAATAATATAATATAATATATATAATATATATATAATATATATTATATTATATATTATACATAATATATAATAATATATACAAT	1.22485	NA	NA	6	2363807	3890945	1527139	+	NA	tandem_duplication	NA	NA	4606-2	INRA_BovSV4304_5		Region	esv3900032	INRA_HOL0010	INRA_BovSV4304_5	2012105	SO:1000173	.	NA	NA	NA	NA
DEL00000197	6	2792993	T	<DEL>	180	PASS	TRUE	DEL	NA	2793036	0	0	3to5	-8,8	-8,8	60	0	12	3	1	ATGTAATATATAATATTATTTAAGAATAATATAATATAATATATATAATATATATATAATATATATTATATTATATATTATACATAATATATAATAATATATACAAT	1.22485	NA	NA	6	2363807	3890945	1527139	+	NA	tandem_duplication	NA	NA	4605-2	INRA_BovSV4304_6		Region	esv3900032	INRA_HOL0007	INRA_BovSV4304_6	2012105	SO:1000173	.	NA	NA	NA	NA
DUP00000200	6	5432986	T	<DUP>	1980	PASS	TRUE	DUP	NA	5800660	25	60	5to3	-1,1	-1,1	60	0	0	8	0.969697	GCACATTATGGGCACAGCCCTTTACCCTGTACTTATCAGAGAGCTTTGCTAGAACAGCATCCAGCCAGGCTGCAGAGCACGGACCTGTTGTAAGTATAGGTGGTGCCAGTCTGTAATGTTTTTATGTTCAAAGTTTTCTAAAATTGGCACTGTTTAAAATTTA	1.97937	NA	NA	6	5243609	5800428	556820	+	NA	tandem_duplication	NA	NA	4898	INRA_BovSV4326		Region	NA	NA	NA	NA	NA	.	Pindel software (parameters : --max_range_index 9 ; --min_perfect_match_around_BP 30)	INRA_BovSV4326	SO:1000173	NA
DUP00000200	6	5432986	T	<DUP>	1980	PASS	TRUE	DUP	NA	5800660	25	60	5to3	-1,1	-1,1	60	0	0	8	0.969697	GCACATTATGGGCACAGCCCTTTACCCTGTACTTATCAGAGAGCTTTGCTAGAACAGCATCCAGCCAGGCTGCAGAGCACGGACCTGTTGTAAGTATAGGTGGTGCCAGTCTGTAATGTTTTTATGTTCAAAGTTTTCTAAAATTGGCACTGTTTAAAATTTA	1.97937	NA	NA	6	5243609	5800428	556820	+	NA	copy_number_variation	NA	NA	4889	INRA_BovSV2211		Region	NA	NA	NA	NA	NA	.	Pindel software (parameters : --max_range_index 9 ; --min_perfect_match_around_BP 30)	INRA_BovSV2211	SO:0001019	NA
DUP00000200	6	5432986	T	<DUP>	1980	PASS	TRUE	DUP	NA	5800660	25	60	5to3	-1,1	-1,1	60	0	0	8	0.969697	GCACATTATGGGCACAGCCCTTTACCCTGTACTTATCAGAGAGCTTTGCTAGAACAGCATCCAGCCAGGCTGCAGAGCACGGACCTGTTGTAAGTATAGGTGGTGCCAGTCTGTAATGTTTTTATGTTCAAAGTTTTCTAAAATTGGCACTGTTTAAAATTTA	1.97937	NA	NA	6	5243609	5800428	556820	+	NA	deletion	NA	NA	4890	INRA_BovSV2211_1		Region	esv3895946	INRA_HOL0017	INRA_BovSV2211_1	329999	SO:0000159	-	NA	NA	NA	NA
DUP00000200	6	5432986	T	<DUP>	1980	PASS	TRUE	DUP	NA	5800660	25	60	5to3	-1,1	-1,1	60	0	0	8	0.969697	GCACATTATGGGCACAGCCCTTTACCCTGTACTTATCAGAGAGCTTTGCTAGAACAGCATCCAGCCAGGCTGCAGAGCACGGACCTGTTGTAAGTATAGGTGGTGCCAGTCTGTAATGTTTTTATGTTCAAAGTTTTCTAAAATTGGCACTGTTTAAAATTTA	1.97937	NA	NA	6	5243609	5800428	556820	+	NA	tandem_duplication	NA	NA	4893	INRA_BovSV4325		Region	NA	NA	NA	NA	NA	.	Pindel software (parameters : --max_range_index 9 ; --min_perfect_match_around_BP 30)	INRA_BovSV4325	SO:1000173	NA
DUP00000200	6	5432986	T	<DUP>	1980	PASS	TRUE	DUP	NA	5800660	25	60	5to3	-1,1	-1,1	60	0	0	8	0.969697	GCACATTATGGGCACAGCCCTTTACCCTGTACTTATCAGAGAGCTTTGCTAGAACAGCATCCAGCCAGGCTGCAGAGCACGGACCTGTTGTAAGTATAGGTGGTGCCAGTCTGTAATGTTTTTATGTTCAAAGTTTTCTAAAATTGGCACTGTTTAAAATTTA	1.97937	NA	NA	6	5243609	5800428	556820	+	NA	tandem_duplication	NA	NA	4891	INRA_BovSV4325_1		Region	esv3900045	INRA_HOL0005	INRA_BovSV4325_1	329964	SO:1000173	.	NA	NA	NA	NA
DUP00000200	6	5432986	T	<DUP>	1980	PASS	TRUE	DUP	NA	5800660	25	60	5to3	-1,1	-1,1	60	0	0	8	0.969697	GCACATTATGGGCACAGCCCTTTACCCTGTACTTATCAGAGAGCTTTGCTAGAACAGCATCCAGCCAGGCTGCAGAGCACGGACCTGTTGTAAGTATAGGTGGTGCCAGTCTGTAATGTTTTTATGTTCAAAGTTTTCTAAAATTGGCACTGTTTAAAATTTA	1.97937	NA	NA	6	5243609	5800428	556820	+	NA	tandem_duplication	NA	NA	4892	INRA_BovSV4325_2		Region	esv3900045	INRA_HOL0003	INRA_BovSV4325_2	329964	SO:1000173	.	NA	NA	NA	NA
DUP00000200	6	5432986	T	<DUP>	1980	PASS	TRUE	DUP	NA	5800660	25	60	5to3	-1,1	-1,1	60	0	0	8	0.969697	GCACATTATGGGCACAGCCCTTTACCCTGTACTTATCAGAGAGCTTTGCTAGAACAGCATCCAGCCAGGCTGCAGAGCACGGACCTGTTGTAAGTATAGGTGGTGCCAGTCTGTAATGTTTTTATGTTCAAAGTTTTCTAAAATTGGCACTGTTTAAAATTTA	1.97937	NA	NA	6	5243609	5800428	556820	+	NA	tandem_duplication	NA	NA	4897	INRA_BovSV4326_1		Region	esv3900046	INRA_HOL0013	INRA_BovSV4326_1	314914	SO:1000173	.	NA	NA	NA	NA
DUP00000200	6	5432986	T	<DUP>	1980	PASS	TRUE	DUP	NA	5800660	25	60	5to3	-1,1	-1,1	60	0	0	8	0.969697	GCACATTATGGGCACAGCCCTTTACCCTGTACTTATCAGAGAGCTTTGCTAGAACAGCATCCAGCCAGGCTGCAGAGCACGGACCTGTTGTAAGTATAGGTGGTGCCAGTCTGTAATGTTTTTATGTTCAAAGTTTTCTAAAATTGGCACTGTTTAAAATTTA	1.97937	NA	NA	6	5434643	5800662	366020	+	NA	copy_number_variation	NA	NA	4850	INRA_BovSV2193		Region	NA	NA	NA	NA	NA	.	Pindel software (parameters : --max_range_index 9 ; --min_perfect_match_around_BP 30)	INRA_BovSV2193	SO:0001019	NA
DUP00000200	6	5432986	T	<DUP>	1980	PASS	TRUE	DUP	NA	5800660	25	60	5to3	-1,1	-1,1	60	0	0	8	0.969697	GCACATTATGGGCACAGCCCTTTACCCTGTACTTATCAGAGAGCTTTGCTAGAACAGCATCCAGCCAGGCTGCAGAGCACGGACCTGTTGTAAGTATAGGTGGTGCCAGTCTGTAATGTTTTTATGTTCAAAGTTTTCTAAAATTGGCACTGTTTAAAATTTA	1.97937	NA	NA	6	5434643	5800662	366020	+	NA	deletion	NA	NA	4851	INRA_BovSV2193_1		Region	esv3895927	INRA_HOL0011	INRA_BovSV2193_1	630582	SO:0000159	-	NA	NA	NA	NA
DUP00000200	6	5432986	T	<DUP>	1980	PASS	TRUE	DUP	NA	5800660	25	60	5to3	-1,1	-1,1	60	0	0	8	0.969697	GCACATTATGGGCACAGCCCTTTACCCTGTACTTATCAGAGAGCTTTGCTAGAACAGCATCCAGCCAGGCTGCAGAGCACGGACCTGTTGTAAGTATAGGTGGTGCCAGTCTGTAATGTTTTTATGTTCAAAGTTTTCTAAAATTGGCACTGTTTAAAATTTA	1.97937	NA	NA	6	5501603	5789971	288369	+	NA	tandem_duplication	NA	NA	4897-2	INRA_BovSV4326_1		Region	esv3900046	INRA_HOL0013	INRA_BovSV4326_1	314914	SO:1000173	.	NA	NA	NA	NA
DUP00000200	6	5432986	T	<DUP>	1980	PASS	TRUE	DUP	NA	5800660	25	60	5to3	-1,1	-1,1	60	0	0	8	0.969697	GCACATTATGGGCACAGCCCTTTACCCTGTACTTATCAGAGAGCTTTGCTAGAACAGCATCCAGCCAGGCTGCAGAGCACGGACCTGTTGTAAGTATAGGTGGTGCCAGTCTGTAATGTTTTTATGTTCAAAGTTTTCTAAAATTGGCACTGTTTAAAATTTA	1.97937	NA	NA	6	5501603	5789971	288369	+	NA	tandem_duplication	NA	NA	4898-2	INRA_BovSV4326		Region	NA	NA	NA	NA	NA	.	Pindel software (parameters : --max_range_index 9 ; --min_perfect_match_around_BP 30)	INRA_BovSV4326	SO:1000173	NA
DUP00000200	6	5432986	T	<DUP>	1980	PASS	TRUE	DUP	NA	5800660	25	60	5to3	-1,1	-1,1	60	0	0	8	0.969697	GCACATTATGGGCACAGCCCTTTACCCTGTACTTATCAGAGAGCTTTGCTAGAACAGCATCCAGCCAGGCTGCAGAGCACGGACCTGTTGTAAGTATAGGTGGTGCCAGTCTGTAATGTTTTTATGTTCAAAGTTTTCTAAAATTGGCACTGTTTAAAATTTA	1.97937	NA	NA	6	5501603	5787870	286268	+	NA	copy_number_variation	NA	NA	4889-2	INRA_BovSV2211		Region	NA	NA	NA	NA	NA	.	Pindel software (parameters : --max_range_index 9 ; --min_perfect_match_around_BP 30)	INRA_BovSV2211	SO:0001019	NA
DUP00000200	6	5432986	T	<DUP>	1980	PASS	TRUE	DUP	NA	5800660	25	60	5to3	-1,1	-1,1	60	0	0	8	0.969697	GCACATTATGGGCACAGCCCTTTACCCTGTACTTATCAGAGAGCTTTGCTAGAACAGCATCCAGCCAGGCTGCAGAGCACGGACCTGTTGTAAGTATAGGTGGTGCCAGTCTGTAATGTTTTTATGTTCAAAGTTTTCTAAAATTGGCACTGTTTAAAATTTA	1.97937	NA	NA	6	5501603	5787870	286268	+	NA	deletion	NA	NA	4890-2	INRA_BovSV2211_1		Region	esv3895946	INRA_HOL0017	INRA_BovSV2211_1	329999	SO:0000159	-	NA	NA	NA	NA
DUP00000200	6	5432986	T	<DUP>	1980	PASS	TRUE	DUP	NA	5800660	25	60	5to3	-1,1	-1,1	60	0	0	8	0.969697	GCACATTATGGGCACAGCCCTTTACCCTGTACTTATCAGAGAGCTTTGCTAGAACAGCATCCAGCCAGGCTGCAGAGCACGGACCTGTTGTAAGTATAGGTGGTGCCAGTCTGTAATGTTTTTATGTTCAAAGTTTTCTAAAATTGGCACTGTTTAAAATTTA	1.97937	NA	NA	6	5501603	5787847	286245	+	NA	tandem_duplication	NA	NA	4893-2	INRA_BovSV4325		Region	NA	NA	NA	NA	NA	.	Pindel software (parameters : --max_range_index 9 ; --min_perfect_match_around_BP 30)	INRA_BovSV4325	SO:1000173	NA
DUP00000200	6	5432986	T	<DUP>	1980	PASS	TRUE	DUP	NA	5800660	25	60	5to3	-1,1	-1,1	60	0	0	8	0.969697	GCACATTATGGGCACAGCCCTTTACCCTGTACTTATCAGAGAGCTTTGCTAGAACAGCATCCAGCCAGGCTGCAGAGCACGGACCTGTTGTAAGTATAGGTGGTGCCAGTCTGTAATGTTTTTATGTTCAAAGTTTTCTAAAATTGGCACTGTTTAAAATTTA	1.97937	NA	NA	6	5501603	5787847	286245	+	NA	tandem_duplication	NA	NA	4891-2	INRA_BovSV4325_1		Region	esv3900045	INRA_HOL0005	INRA_BovSV4325_1	329964	SO:1000173	.	NA	NA	NA	NA
DUP00000200	6	5432986	T	<DUP>	1980	PASS	TRUE	DUP	NA	5800660	25	60	5to3	-1,1	-1,1	60	0	0	8	0.969697	GCACATTATGGGCACAGCCCTTTACCCTGTACTTATCAGAGAGCTTTGCTAGAACAGCATCCAGCCAGGCTGCAGAGCACGGACCTGTTGTAAGTATAGGTGGTGCCAGTCTGTAATGTTTTTATGTTCAAAGTTTTCTAAAATTGGCACTGTTTAAAATTTA	1.97937	NA	NA	6	5501603	5787847	286245	+	NA	tandem_duplication	NA	NA	4892-2	INRA_BovSV4325_2		Region	esv3900045	INRA_HOL0003	INRA_BovSV4325_2	329964	SO:1000173	.	NA	NA	NA	NA
DEL00000207	6	6028621	T	<DEL>	180	PASS	TRUE	DEL	NA	6029094	0	0	3to5	-19,19	-19,19	60	0	18	3	0.992248	AGAGATGTGCAAGTAGACTGCTAACAGTAATATAATAAATGTTTTCAGAATTAAGAATTATTGAACACAAACTTAATTACTTGGCTGTATTCTTTAATATTTGCTAAAGGAAAAATATCTCCTTCATGG	1.85019	NA	NA	6	5912884	6034421	121538	+	NA	deletion	NA	NA	5003-3	INRA_BovSV2212_1		Region	esv3895947	INRA_MON0003	INRA_BovSV2212_1	80636	SO:0000159	-	NA	NA	NA	NA
DEL00000207	6	6028621	T	<DEL>	180	PASS	TRUE	DEL	NA	6029094	0	0	3to5	-19,19	-19,19	60	0	18	3	0.992248	AGAGATGTGCAAGTAGACTGCTAACAGTAATATAATAAATGTTTTCAGAATTAAGAATTATTGAACACAAACTTAATTACTTGGCTGTATTCTTTAATATTTGCTAAAGGAAAAATATCTCCTTCATGG	1.85019	NA	NA	6	5912884	6034421	121538	+	NA	copy_number_variation	NA	NA	5004-3	INRA_BovSV2212		Region	NA	NA	NA	NA	NA	.	Pindel software (parameters : --max_range_index 9 ; --min_perfect_match_around_BP 30)	INRA_BovSV2212	SO:0001019	NA
DEL00000222	6	43428059	T	<DEL>	180	PASS	TRUE	DEL	NA	43428473	0	0	3to5	-17,17	-17,17	60	0	17	3	1	AACAGAAATATAATCAAACATAGACAGTAAAGACCATCTTACATCACATCACATATTTCTTATAAAAAGTAACATTGAATCTGTTCATTTCTTACAAATGCCCTGTGCCCTGAGAGTTAGCTTCTTCCTCTACTTT	1.87568	NA	NA	6	40074974	46139275	6064302	+	NA	inversion	NA	NA	5169	INRA_BovSV3012_1		Region	esv3898609	INRA_HOL0015	INRA_BovSV3012_1	6155746	SO:1000036	.	NA	NA	NA	NA
DEL00000222	6	43428059	T	<DEL>	180	PASS	TRUE	DEL	NA	43428473	0	0	3to5	-17,17	-17,17	60	0	17	3	1	AACAGAAATATAATCAAACATAGACAGTAAAGACCATCTTACATCACATCACATATTTCTTATAAAAAGTAACATTGAATCTGTTCATTTCTTACAAATGCCCTGTGCCCTGAGAGTTAGCTTCTTCCTCTACTTT	1.87568	NA	NA	6	40074974	46139275	6064302	+	NA	inversion	NA	NA	5170	INRA_BovSV3012		Region	NA	NA	NA	NA	NA	.	Pindel software (parameters : --max_range_index 9 ; --min_perfect_match_around_BP 30)	INRA_BovSV3012	SO:1000036	NA
DEL00000346	9	14631209	T	<DEL>	180	PASS	TRUE	DEL	NA	14631237	0	0	3to5	-17,17	-17,17	60	0	17	3	0.99187	GTTCTTTAGGTTTAGAAGGCCAACTAATAAGGATAGAAGGAAGAACTGAACTATAAAACTTACTGTTTGTTTGGCAGTTTTCATAGTAATAATTAATTCAGCCAAGAAACACAAATGGATATT	1.8764	NA	NA	9	7060282	14955217	7894936	+	NA	deletion	NA	NA	7756	INRA_BovSV2990_1		Region	esv3896332	INRA_NOR0007	INRA_BovSV2990_1	7960215	SO:0000159	-	NA	NA	NA	NA
DEL00000346	9	14631209	T	<DEL>	180	PASS	TRUE	DEL	NA	14631237	0	0	3to5	-17,17	-17,17	60	0	17	3	0.99187	GTTCTTTAGGTTTAGAAGGCCAACTAATAAGGATAGAAGGAAGAACTGAACTATAAAACTTACTGTTTGTTTGGCAGTTTTCATAGTAATAATTAATTCAGCCAAGAAACACAAATGGATATT	1.8764	NA	NA	9	7060282	14955217	7894936	+	NA	deletion	NA	NA	7755	INRA_BovSV2990_3		Region	esv3896332	INRA_NOR0006	INRA_BovSV2990_3	7960215	SO:0000159	-	NA	NA	NA	NA
DEL00000346	9	14631209	T	<DEL>	180	PASS	TRUE	DEL	NA	14631237	0	0	3to5	-17,17	-17,17	60	0	17	3	0.99187	GTTCTTTAGGTTTAGAAGGCCAACTAATAAGGATAGAAGGAAGAACTGAACTATAAAACTTACTGTTTGTTTGGCAGTTTTCATAGTAATAATTAATTCAGCCAAGAAACACAAATGGATATT	1.8764	NA	NA	9	7060282	14955217	7894936	+	NA	deletion	NA	NA	7757	INRA_BovSV2990_2		Region	esv3896332	INRA_HOL0010	INRA_BovSV2990_2	7960215	SO:0000159	-	NA	NA	NA	NA
DEL00000346	9	14631209	T	<DEL>	180	PASS	TRUE	DEL	NA	14631237	0	0	3to5	-17,17	-17,17	60	0	17	3	0.99187	GTTCTTTAGGTTTAGAAGGCCAACTAATAAGGATAGAAGGAAGAACTGAACTATAAAACTTACTGTTTGTTTGGCAGTTTTCATAGTAATAATTAATTCAGCCAAGAAACACAAATGGATATT	1.8764	NA	NA	9	7060282	14955217	7894936	+	NA	copy_number_variation	NA	NA	7758	INRA_BovSV2990		Region	NA	NA	NA	NA	NA	.	Pindel software (parameters : --max_range_index 9 ; --min_perfect_match_around_BP 30)	INRA_BovSV2990	SO:0001019	NA
DEL00000356	9	39979873	C	<DEL>	420	PASS	TRUE	DEL	NA	39981254	4	60	3to5	-10,10	-10,10	60	0	10	3	1	GAGTGTCTTCAAACCTGATTTCTCAACTACAGACTTGCCTATGGTGTTATTTTTTTCTTTAATACATTATCTCCAAAATCAAATGAGATTTTCCTTTCTGCCAATTGACATTCATTGTAAGCCTGTGGCCTGAGGGTC	1.92343	NA	NA	9	39828264	40377334	549071	+	NA	inversion	NA	NA	7941	INRA_BovSV3765_1		Region	esv3898904	INRA_HOL0010	INRA_BovSV3765_1	553521	SO:1000036	.	NA	NA	NA	NA
DEL00000356	9	39979873	C	<DEL>	420	PASS	TRUE	DEL	NA	39981254	4	60	3to5	-10,10	-10,10	60	0	10	3	1	GAGTGTCTTCAAACCTGATTTCTCAACTACAGACTTGCCTATGGTGTTATTTTTTTCTTTAATACATTATCTCCAAAATCAAATGAGATTTTCCTTTCTGCCAATTGACATTCATTGTAAGCCTGTGGCCTGAGGGTC	1.92343	NA	NA	9	39828264	40377334	549071	+	NA	inversion	NA	NA	7942	INRA_BovSV3765		Region	NA	NA	NA	NA	NA	.	Pindel software (parameters : --max_range_index 9 ; --min_perfect_match_around_BP 30)	INRA_BovSV3765	SO:1000036	NA
DEL00000476	12	37782039	C	<DEL>	230	PASS	TRUE	DEL	NA	37782609	0	0	3to5	-41,41	-41,41	60	0	44	4	1	CACTTTGTTATAAAATAAATTCTAAATATATTTATGGAGAAGGCAATGGCACCCCACTCCAGTACTCTTGCCTGGAAAATTCCATAGACTGAAAAGCCTGGTAGGCTACAGTCTTAGTGTATTAAACGTATTTT	1.94049	NA	NA	12	37122153	38394825	1272673	+	NA	copy_number_variation	NA	NA	10105	INRA_BovSV2953		Region	NA	NA	NA	NA	NA	.	Pindel software (parameters : --max_range_index 9 ; --min_perfect_match_around_BP 30)	INRA_BovSV2953	SO:0001019	NA
DEL00000476	12	37782039	C	<DEL>	230	PASS	TRUE	DEL	NA	37782609	0	0	3to5	-41,41	-41,41	60	0	44	4	1	CACTTTGTTATAAAATAAATTCTAAATATATTTATGGAGAAGGCAATGGCACCCCACTCCAGTACTCTTGCCTGGAAAATTCCATAGACTGAAAAGCCTGGTAGGCTACAGTCTTAGTGTATTAAACGTATTTT	1.94049	NA	NA	12	37122153	38394825	1272673	+	NA	deletion	NA	NA	10100	INRA_BovSV2953_2		Region	esv3895717	INRA_MON0006	INRA_BovSV2953_2	1272413	SO:0000159	-	NA	NA	NA	NA
DEL00000476	12	37782039	C	<DEL>	230	PASS	TRUE	DEL	NA	37782609	0	0	3to5	-41,41	-41,41	60	0	44	4	1	CACTTTGTTATAAAATAAATTCTAAATATATTTATGGAGAAGGCAATGGCACCCCACTCCAGTACTCTTGCCTGGAAAATTCCATAGACTGAAAAGCCTGGTAGGCTACAGTCTTAGTGTATTAAACGTATTTT	1.94049	NA	NA	12	37122153	38394825	1272673	+	NA	deletion	NA	NA	10099	INRA_BovSV2953_6		Region	esv3895717	INRA_MON0003	INRA_BovSV2953_6	1272413	SO:0000159	-	NA	NA	NA	NA
DEL00000476	12	37782039	C	<DEL>	230	PASS	TRUE	DEL	NA	37782609	0	0	3to5	-41,41	-41,41	60	0	44	4	1	CACTTTGTTATAAAATAAATTCTAAATATATTTATGGAGAAGGCAATGGCACCCCACTCCAGTACTCTTGCCTGGAAAATTCCATAGACTGAAAAGCCTGGTAGGCTACAGTCTTAGTGTATTAAACGTATTTT	1.94049	NA	NA	12	37122153	38394825	1272673	+	NA	deletion	NA	NA	10104	INRA_BovSV2953_1		Region	esv3895717	INRA_HOL0013	INRA_BovSV2953_1	1272413	SO:0000159	-	NA	NA	NA	NA
DEL00000476	12	37782039	C	<DEL>	230	PASS	TRUE	DEL	NA	37782609	0	0	3to5	-41,41	-41,41	60	0	44	4	1	CACTTTGTTATAAAATAAATTCTAAATATATTTATGGAGAAGGCAATGGCACCCCACTCCAGTACTCTTGCCTGGAAAATTCCATAGACTGAAAAGCCTGGTAGGCTACAGTCTTAGTGTATTAAACGTATTTT	1.94049	NA	NA	12	37122153	38394825	1272673	+	NA	deletion	NA	NA	10102	INRA_BovSV2953_5		Region	esv3895717	INRA_MON0016	INRA_BovSV2953_5	1272413	SO:0000159	-	NA	NA	NA	NA
DEL00000476	12	37782039	C	<DEL>	230	PASS	TRUE	DEL	NA	37782609	0	0	3to5	-41,41	-41,41	60	0	44	4	1	CACTTTGTTATAAAATAAATTCTAAATATATTTATGGAGAAGGCAATGGCACCCCACTCCAGTACTCTTGCCTGGAAAATTCCATAGACTGAAAAGCCTGGTAGGCTACAGTCTTAGTGTATTAAACGTATTTT	1.94049	NA	NA	12	37122153	38394825	1272673	+	NA	deletion	NA	NA	10103	INRA_BovSV2953_4		Region	esv3895717	INRA_MON0017	INRA_BovSV2953_4	1272413	SO:0000159	-	NA	NA	NA	NA
DEL00000476	12	37782039	C	<DEL>	230	PASS	TRUE	DEL	NA	37782609	0	0	3to5	-41,41	-41,41	60	0	44	4	1	CACTTTGTTATAAAATAAATTCTAAATATATTTATGGAGAAGGCAATGGCACCCCACTCCAGTACTCTTGCCTGGAAAATTCCATAGACTGAAAAGCCTGGTAGGCTACAGTCTTAGTGTATTAAACGTATTTT	1.94049	NA	NA	12	37122153	38394825	1272673	+	NA	deletion	NA	NA	10101	INRA_BovSV2953_3		Region	esv3895717	INRA_NOR0008	INRA_BovSV2953_3	1272413	SO:0000159	-	NA	NA	NA	NA
DEL00000482	12	43174009	G	<DEL>	180	PASS	TRUE	DEL	NA	43174079	0	0	3to5	-10,10	-10,10	60	0	9	3	0.99	CTGAAATCATCATAGAAATGTGGCTTGTAGCTTTTAGACACTATGTTTGTTTCTCATCTGCTTCTCATGGTTGTTGGCATTCCTTGGCATTTCTTGCTAT	1.88924	NA	NA	12	42653189	43354139	700951	+	NA	deletion	NA	NA	10145	INRA_BovSV3057_6		Region	esv3895795	INRA_NOR0007	INRA_BovSV3057_6	706396	SO:0000159	-	NA	NA	NA	NA
DEL00000482	12	43174009	G	<DEL>	180	PASS	TRUE	DEL	NA	43174079	0	0	3to5	-10,10	-10,10	60	0	9	3	0.99	CTGAAATCATCATAGAAATGTGGCTTGTAGCTTTTAGACACTATGTTTGTTTCTCATCTGCTTCTCATGGTTGTTGGCATTCCTTGGCATTTCTTGCTAT	1.88924	NA	NA	12	42653189	43354139	700951	+	NA	deletion	NA	NA	10151	INRA_BovSV3057_5		Region	esv3895795	INRA_HOL0006	INRA_BovSV3057_5	706396	SO:0000159	-	NA	NA	NA	NA
DEL00000482	12	43174009	G	<DEL>	180	PASS	TRUE	DEL	NA	43174079	0	0	3to5	-10,10	-10,10	60	0	9	3	0.99	CTGAAATCATCATAGAAATGTGGCTTGTAGCTTTTAGACACTATGTTTGTTTCTCATCTGCTTCTCATGGTTGTTGGCATTCCTTGGCATTTCTTGCTAT	1.88924	NA	NA	12	42653189	43354139	700951	+	NA	copy_number_variation	NA	NA	10146	INRA_BovSV3057		Region	NA	NA	NA	NA	NA	.	Pindel software (parameters : --max_range_index 9 ; --min_perfect_match_around_BP 30)	INRA_BovSV3057	SO:0001019	NA
DEL00000482	12	43174009	G	<DEL>	180	PASS	TRUE	DEL	NA	43174079	0	0	3to5	-10,10	-10,10	60	0	9	3	0.99	CTGAAATCATCATAGAAATGTGGCTTGTAGCTTTTAGACACTATGTTTGTTTCTCATCTGCTTCTCATGGTTGTTGGCATTCCTTGGCATTTCTTGCTAT	1.88924	NA	NA	12	42653189	43354139	700951	+	NA	deletion	NA	NA	10152	INRA_BovSV3057_7		Region	esv3895795	INRA_HOL0020	INRA_BovSV3057_7	706396	SO:0000159	-	NA	NA	NA	NA
DEL00000482	12	43174009	G	<DEL>	180	PASS	TRUE	DEL	NA	43174079	0	0	3to5	-10,10	-10,10	60	0	9	3	0.99	CTGAAATCATCATAGAAATGTGGCTTGTAGCTTTTAGACACTATGTTTGTTTCTCATCTGCTTCTCATGGTTGTTGGCATTCCTTGGCATTTCTTGCTAT	1.88924	NA	NA	12	42653189	43354139	700951	+	NA	deletion	NA	NA	10154	INRA_BovSV3057_8		Region	esv3895795	INRA_NOR0010	INRA_BovSV3057_8	706396	SO:0000159	-	NA	NA	NA	NA
DEL00000482	12	43174009	G	<DEL>	180	PASS	TRUE	DEL	NA	43174079	0	0	3to5	-10,10	-10,10	60	0	9	3	0.99	CTGAAATCATCATAGAAATGTGGCTTGTAGCTTTTAGACACTATGTTTGTTTCTCATCTGCTTCTCATGGTTGTTGGCATTCCTTGGCATTTCTTGCTAT	1.88924	NA	NA	12	42653189	43354139	700951	+	NA	deletion	NA	NA	10148	INRA_BovSV3057_9		Region	esv3895795	INRA_HOL0001	INRA_BovSV3057_9	706396	SO:0000159	-	NA	NA	NA	NA
DEL00000482	12	43174009	G	<DEL>	180	PASS	TRUE	DEL	NA	43174079	0	0	3to5	-10,10	-10,10	60	0	9	3	0.99	CTGAAATCATCATAGAAATGTGGCTTGTAGCTTTTAGACACTATGTTTGTTTCTCATCTGCTTCTCATGGTTGTTGGCATTCCTTGGCATTTCTTGCTAT	1.88924	NA	NA	12	42653189	43354139	700951	+	NA	deletion	NA	NA	10147	INRA_BovSV3057_4		Region	esv3895795	INRA_NOR0014	INRA_BovSV3057_4	706396	SO:0000159	-	NA	NA	NA	NA
DEL00000482	12	43174009	G	<DEL>	180	PASS	TRUE	DEL	NA	43174079	0	0	3to5	-10,10	-10,10	60	0	9	3	0.99	CTGAAATCATCATAGAAATGTGGCTTGTAGCTTTTAGACACTATGTTTGTTTCTCATCTGCTTCTCATGGTTGTTGGCATTCCTTGGCATTTCTTGCTAT	1.88924	NA	NA	12	42653189	43354139	700951	+	NA	deletion	NA	NA	10153	INRA_BovSV3057_3		Region	esv3895795	INRA_NOR0001	INRA_BovSV3057_3	706396	SO:0000159	-	NA	NA	NA	NA
DEL00000482	12	43174009	G	<DEL>	180	PASS	TRUE	DEL	NA	43174079	0	0	3to5	-10,10	-10,10	60	0	9	3	0.99	CTGAAATCATCATAGAAATGTGGCTTGTAGCTTTTAGACACTATGTTTGTTTCTCATCTGCTTCTCATGGTTGTTGGCATTCCTTGGCATTTCTTGCTAT	1.88924	NA	NA	12	42653189	43354139	700951	+	NA	deletion	NA	NA	10150	INRA_BovSV3057_2		Region	esv3895795	INRA_HOL0004	INRA_BovSV3057_2	706396	SO:0000159	-	NA	NA	NA	NA
DEL00000482	12	43174009	G	<DEL>	180	PASS	TRUE	DEL	NA	43174079	0	0	3to5	-10,10	-10,10	60	0	9	3	0.99	CTGAAATCATCATAGAAATGTGGCTTGTAGCTTTTAGACACTATGTTTGTTTCTCATCTGCTTCTCATGGTTGTTGGCATTCCTTGGCATTTCTTGCTAT	1.88924	NA	NA	12	42653189	43354139	700951	+	NA	deletion	NA	NA	10149	INRA_BovSV3057_1		Region	esv3895795	INRA_HOL0027	INRA_BovSV3057_1	706396	SO:0000159	-	NA	NA	NA	NA
DEL00000483	12	44626511	T	<DEL>	240	PASS	TRUE	DEL	NA	44626855	0	0	3to5	-17,17	-17,17	60	0	16	4	0.990654	CAGTATAAAAAGCTATTTGGAAAGACTTCTGGGTTCCACTTGAATAAATATTCTTATGATAAATGTAGCAAAACAAACAAAAAATAATTCCAACATTTATTTCTCAC	1.8246	NA	NA	12	44393059	44675335	282277	+	NA	tandem_duplication	NA	NA	10162	INRA_BovSV4090		Region	NA	NA	NA	NA	NA	.	Pindel software (parameters : --max_range_index 9 ; --min_perfect_match_around_BP 30)	INRA_BovSV4090	SO:1000173	NA
DEL00000483	12	44626511	T	<DEL>	240	PASS	TRUE	DEL	NA	44626855	0	0	3to5	-17,17	-17,17	60	0	16	4	0.990654	CAGTATAAAAAGCTATTTGGAAAGACTTCTGGGTTCCACTTGAATAAATATTCTTATGATAAATGTAGCAAAACAAACAAAAAATAATTCCAACATTTATTTCTCAC	1.8246	NA	NA	12	44393059	44675335	282277	+	NA	tandem_duplication	NA	NA	10160	INRA_BovSV4090_1		Region	esv3899149	INRA_HOL0005	INRA_BovSV4090_1	282712	SO:1000173	.	NA	NA	NA	NA
DEL00000483	12	44626511	T	<DEL>	240	PASS	TRUE	DEL	NA	44626855	0	0	3to5	-17,17	-17,17	60	0	16	4	0.990654	CAGTATAAAAAGCTATTTGGAAAGACTTCTGGGTTCCACTTGAATAAATATTCTTATGATAAATGTAGCAAAACAAACAAAAAATAATTCCAACATTTATTTCTCAC	1.8246	NA	NA	12	44393059	44675335	282277	+	NA	tandem_duplication	NA	NA	10161	INRA_BovSV4090_2		Region	esv3899149	INRA_NOR0010	INRA_BovSV4090_2	282712	SO:1000173	.	NA	NA	NA	NA
DEL00000484	12	49226685	C	<DEL>	180	PASS	TRUE	DEL	NA	49226772	0	0	3to5	-5,5	-5,5	60	0	4	3	0.97561	ATGCTGGAGTAGTTTTGCAATGACTGTCATCAGAGGAAAAGGTGAAAAAGTTATTGTAATCCCAGTTATTTGTCAAAAATCAGTTCTTGTGCTAGATAACTGTGAATAAAATAAGTCCTAGGT	1.90517	NA	NA	12	48118120	53044708	4926589	+	NA	inversion	NA	NA	10190	INRA_BovSV3873_4		Region	esv3896811	INRA_NOR0014	INRA_BovSV3873_4	4952196	SO:1000036	.	NA	NA	NA	NA
DEL00000484	12	49226685	C	<DEL>	180	PASS	TRUE	DEL	NA	49226772	0	0	3to5	-5,5	-5,5	60	0	4	3	0.97561	ATGCTGGAGTAGTTTTGCAATGACTGTCATCAGAGGAAAAGGTGAAAAAGTTATTGTAATCCCAGTTATTTGTCAAAAATCAGTTCTTGTGCTAGATAACTGTGAATAAAATAAGTCCTAGGT	1.90517	NA	NA	12	48118120	53044708	4926589	+	NA	inversion	NA	NA	10191	INRA_BovSV3873_3		Region	esv3896811	INRA_MON0013	INRA_BovSV3873_3	4952196	SO:1000036	.	NA	NA	NA	NA
DEL00000484	12	49226685	C	<DEL>	180	PASS	TRUE	DEL	NA	49226772	0	0	3to5	-5,5	-5,5	60	0	4	3	0.97561	ATGCTGGAGTAGTTTTGCAATGACTGTCATCAGAGGAAAAGGTGAAAAAGTTATTGTAATCCCAGTTATTTGTCAAAAATCAGTTCTTGTGCTAGATAACTGTGAATAAAATAAGTCCTAGGT	1.90517	NA	NA	12	48118120	53044708	4926589	+	NA	inversion	NA	NA	10186	INRA_BovSV3873_5		Region	esv3896811	INRA_HOL0018	INRA_BovSV3873_5	4952196	SO:1000036	.	NA	NA	NA	NA
DEL00000484	12	49226685	C	<DEL>	180	PASS	TRUE	DEL	NA	49226772	0	0	3to5	-5,5	-5,5	60	0	4	3	0.97561	ATGCTGGAGTAGTTTTGCAATGACTGTCATCAGAGGAAAAGGTGAAAAAGTTATTGTAATCCCAGTTATTTGTCAAAAATCAGTTCTTGTGCTAGATAACTGTGAATAAAATAAGTCCTAGGT	1.90517	NA	NA	12	48118120	53044708	4926589	+	NA	inversion	NA	NA	10187	INRA_BovSV3873_6		Region	esv3896811	INRA_NOR0008	INRA_BovSV3873_6	4952196	SO:1000036	.	NA	NA	NA	NA
DEL00000484	12	49226685	C	<DEL>	180	PASS	TRUE	DEL	NA	49226772	0	0	3to5	-5,5	-5,5	60	0	4	3	0.97561	ATGCTGGAGTAGTTTTGCAATGACTGTCATCAGAGGAAAAGGTGAAAAAGTTATTGTAATCCCAGTTATTTGTCAAAAATCAGTTCTTGTGCTAGATAACTGTGAATAAAATAAGTCCTAGGT	1.90517	NA	NA	12	48118120	53044708	4926589	+	NA	inversion	NA	NA	10192	INRA_BovSV3873_2		Region	esv3896811	INRA_NOR0013	INRA_BovSV3873_2	4952196	SO:1000036	.	NA	NA	NA	NA
DEL00000484	12	49226685	C	<DEL>	180	PASS	TRUE	DEL	NA	49226772	0	0	3to5	-5,5	-5,5	60	0	4	3	0.97561	ATGCTGGAGTAGTTTTGCAATGACTGTCATCAGAGGAAAAGGTGAAAAAGTTATTGTAATCCCAGTTATTTGTCAAAAATCAGTTCTTGTGCTAGATAACTGTGAATAAAATAAGTCCTAGGT	1.90517	NA	NA	12	48118120	53044708	4926589	+	NA	inversion	NA	NA	10188	INRA_BovSV3873_1		Region	esv3896811	INRA_NOR0010	INRA_BovSV3873_1	4952196	SO:1000036	.	NA	NA	NA	NA
DEL00000484	12	49226685	C	<DEL>	180	PASS	TRUE	DEL	NA	49226772	0	0	3to5	-5,5	-5,5	60	0	4	3	0.97561	ATGCTGGAGTAGTTTTGCAATGACTGTCATCAGAGGAAAAGGTGAAAAAGTTATTGTAATCCCAGTTATTTGTCAAAAATCAGTTCTTGTGCTAGATAACTGTGAATAAAATAAGTCCTAGGT	1.90517	NA	NA	12	48118120	53044708	4926589	+	NA	inversion	NA	NA	10189	INRA_BovSV3873		Region	NA	NA	NA	NA	NA	.	Pindel software (parameters : --max_range_index 9 ; --min_perfect_match_around_BP 30)	INRA_BovSV3873	SO:1000036	NA
DEL00000487	12	53144318	C	<DEL>	178	PASS	TRUE	DEL	NA	53373871	0	0	3to5	-4,4	-4,4	60	0	3	3	1	AAAGACTGAACTGAACTGAACTGATTGAACCCATGACCCACAATTTGTTGTGATCCACACAGTCGAAGGCTTTAGCTTAATCAATGAAGC	1.96282	NA	NA	12	50763654	53792227	3028574	+	NA	inversion	NA	NA	10211	INRA_BovSV3959		Region	NA	NA	NA	NA	NA	.	Pindel software (parameters : --max_range_index 9 ; --min_perfect_match_around_BP 30)	INRA_BovSV3959	SO:1000036	NA
DEL00000487	12	53144318	C	<DEL>	178	PASS	TRUE	DEL	NA	53373871	0	0	3to5	-4,4	-4,4	60	0	3	3	1	AAAGACTGAACTGAACTGAACTGATTGAACCCATGACCCACAATTTGTTGTGATCCACACAGTCGAAGGCTTTAGCTTAATCAATGAAGC	1.96282	NA	NA	12	50763654	53792227	3028574	+	NA	inversion	NA	NA	10210	INRA_BovSV3959_1		Region	esv3896815	INRA_HOL0027	INRA_BovSV3959_1	3026804	SO:1000036	.	NA	NA	NA	NA
DEL00000487	12	53144318	C	<DEL>	178	PASS	TRUE	DEL	NA	53373871	0	0	3to5	-4,4	-4,4	60	0	3	3	1	AAAGACTGAACTGAACTGAACTGATTGAACCCATGACCCACAATTTGTTGTGATCCACACAGTCGAAGGCTTTAGCTTAATCAATGAAGC	1.96282	NA	NA	12	50763654	53792227	3028574	+	NA	inversion	NA	NA	10209	INRA_BovSV3959_2		Region	esv3896815	INRA_MON0012	INRA_BovSV3959_2	3026804	SO:1000036	.	NA	NA	NA	NA
DEL00000487	12	53144318	C	<DEL>	178	PASS	TRUE	DEL	NA	53373871	0	0	3to5	-4,4	-4,4	60	0	3	3	1	AAAGACTGAACTGAACTGAACTGATTGAACCCATGACCCACAATTTGTTGTGATCCACACAGTCGAAGGCTTTAGCTTAATCAATGAAGC	1.96282	NA	NA	12	51029883	53748745	2718863	-	NA	inversion	NA	NA	10209-2	INRA_BovSV3959_2		Region	esv3896815	INRA_MON0012	INRA_BovSV3959_2	3026804	SO:1000036	.	NA	NA	NA	NA
DEL00000487	12	53144318	C	<DEL>	178	PASS	TRUE	DEL	NA	53373871	0	0	3to5	-4,4	-4,4	60	0	3	3	1	AAAGACTGAACTGAACTGAACTGATTGAACCCATGACCCACAATTTGTTGTGATCCACACAGTCGAAGGCTTTAGCTTAATCAATGAAGC	1.96282	NA	NA	12	51029883	53748745	2718863	-	NA	inversion	NA	NA	10210-2	INRA_BovSV3959_1		Region	esv3896815	INRA_HOL0027	INRA_BovSV3959_1	3026804	SO:1000036	.	NA	NA	NA	NA
DEL00000487	12	53144318	C	<DEL>	178	PASS	TRUE	DEL	NA	53373871	0	0	3to5	-4,4	-4,4	60	0	3	3	1	AAAGACTGAACTGAACTGAACTGATTGAACCCATGACCCACAATTTGTTGTGATCCACACAGTCGAAGGCTTTAGCTTAATCAATGAAGC	1.96282	NA	NA	12	51029883	53748745	2718863	-	NA	inversion	NA	NA	10211-2	INRA_BovSV3959		Region	NA	NA	NA	NA	NA	.	Pindel software (parameters : --max_range_index 9 ; --min_perfect_match_around_BP 30)	INRA_BovSV3959	SO:1000036	NA
DEL00000521	13	27445401	A	<DEL>	180	PASS	TRUE	DEL	NA	27445446	0	0	3to5	-4,4	-4,4	60	0	3	3	0.973684	GGTGAGTTTTCTTCCTCTTTTAACAGAAAGTTATAGATGAGCAATGGAAAGTATGAACTCACATTTAGCTTATGCAAATACACAGTAGCTACACATGAACATATCCAAGATGTG	1.93113	NA	NA	13	26977471	29121048	2143578	+	NA	tandem_duplication	NA	NA	11599	INRA_BovSV5836_1		Region	esv3899292	INRA_NOR0001	INRA_BovSV5836_1	2157581	SO:1000173	.	NA	NA	NA	NA
DEL00000521	13	27445401	A	<DEL>	180	PASS	TRUE	DEL	NA	27445446	0	0	3to5	-4,4	-4,4	60	0	3	3	0.973684	GGTGAGTTTTCTTCCTCTTTTAACAGAAAGTTATAGATGAGCAATGGAAAGTATGAACTCACATTTAGCTTATGCAAATACACAGTAGCTACACATGAACATATCCAAGATGTG	1.93113	NA	NA	13	26977471	29121048	2143578	+	NA	tandem_duplication	NA	NA	11600	INRA_BovSV5836		Region	NA	NA	NA	NA	NA	.	Pindel software (parameters : --max_range_index 9 ; --min_perfect_match_around_BP 30)	INRA_BovSV5836	SO:1000173	NA
DEL00000521	13	27445401	A	<DEL>	180	PASS	TRUE	DEL	NA	27445446	0	0	3to5	-4,4	-4,4	60	0	3	3	0.973684	GGTGAGTTTTCTTCCTCTTTTAACAGAAAGTTATAGATGAGCAATGGAAAGTATGAACTCACATTTAGCTTATGCAAATACACAGTAGCTACACATGAACATATCCAAGATGTG	1.93113	NA	NA	13	26977485	29121048	2143564	+	NA	tandem_duplication	NA	NA	11602	INRA_BovSV5838_1		Region	esv3899293	INRA_NOR0010	INRA_BovSV5838_1	2157567	SO:1000173	.	NA	NA	NA	NA
DEL00000521	13	27445401	A	<DEL>	180	PASS	TRUE	DEL	NA	27445446	0	0	3to5	-4,4	-4,4	60	0	3	3	0.973684	GGTGAGTTTTCTTCCTCTTTTAACAGAAAGTTATAGATGAGCAATGGAAAGTATGAACTCACATTTAGCTTATGCAAATACACAGTAGCTACACATGAACATATCCAAGATGTG	1.93113	NA	NA	13	26977485	29121048	2143564	+	NA	tandem_duplication	NA	NA	11601	INRA_BovSV5838		Region	NA	NA	NA	NA	NA	.	Pindel software (parameters : --max_range_index 9 ; --min_perfect_match_around_BP 30)	INRA_BovSV5838	SO:1000173	NA
DEL00000521	13	27445401	A	<DEL>	180	PASS	TRUE	DEL	NA	27445446	0	0	3to5	-4,4	-4,4	60	0	3	3	0.973684	GGTGAGTTTTCTTCCTCTTTTAACAGAAAGTTATAGATGAGCAATGGAAAGTATGAACTCACATTTAGCTTATGCAAATACACAGTAGCTACACATGAACATATCCAAGATGTG	1.93113	NA	NA	13	27014262	28228421	1214160	-	NA	tandem_duplication	NA	NA	11600-2	INRA_BovSV5836		Region	NA	NA	NA	NA	NA	.	Pindel software (parameters : --max_range_index 9 ; --min_perfect_match_around_BP 30)	INRA_BovSV5836	SO:1000173	NA
DEL00000521	13	27445401	A	<DEL>	180	PASS	TRUE	DEL	NA	27445446	0	0	3to5	-4,4	-4,4	60	0	3	3	0.973684	GGTGAGTTTTCTTCCTCTTTTAACAGAAAGTTATAGATGAGCAATGGAAAGTATGAACTCACATTTAGCTTATGCAAATACACAGTAGCTACACATGAACATATCCAAGATGTG	1.93113	NA	NA	13	27014262	28228421	1214160	-	NA	tandem_duplication	NA	NA	11599-2	INRA_BovSV5836_1		Region	esv3899292	INRA_NOR0001	INRA_BovSV5836_1	2157581	SO:1000173	.	NA	NA	NA	NA
DEL00000521	13	27445401	A	<DEL>	180	PASS	TRUE	DEL	NA	27445446	0	0	3to5	-4,4	-4,4	60	0	3	3	0.973684	GGTGAGTTTTCTTCCTCTTTTAACAGAAAGTTATAGATGAGCAATGGAAAGTATGAACTCACATTTAGCTTATGCAAATACACAGTAGCTACACATGAACATATCCAAGATGTG	1.93113	NA	NA	13	27014262	28228421	1214160	-	NA	tandem_duplication	NA	NA	11601-2	INRA_BovSV5838		Region	NA	NA	NA	NA	NA	.	Pindel software (parameters : --max_range_index 9 ; --min_perfect_match_around_BP 30)	INRA_BovSV5838	SO:1000173	NA
DEL00000521	13	27445401	A	<DEL>	180	PASS	TRUE	DEL	NA	27445446	0	0	3to5	-4,4	-4,4	60	0	3	3	0.973684	GGTGAGTTTTCTTCCTCTTTTAACAGAAAGTTATAGATGAGCAATGGAAAGTATGAACTCACATTTAGCTTATGCAAATACACAGTAGCTACACATGAACATATCCAAGATGTG	1.93113	NA	NA	13	27014262	28228421	1214160	-	NA	tandem_duplication	NA	NA	11602-2	INRA_BovSV5838_1		Region	esv3899293	INRA_NOR0010	INRA_BovSV5838_1	2157567	SO:1000173	.	NA	NA	NA	NA
DEL00000579	15	18408565	T	<DEL>	180	PASS	TRUE	DEL	NA	18408651	0	0	3to5	-1,1	-1,1	60	0	0	3	0.951613	ATATAATGGTTGTCTGAATTAAATTTGCCCATTCCTATCCATTTTAGATCACTGATTGCTAAAATGTTGATGTTTAGTTACACTTGGCATTATCCTCTTCACCACTTCCAGTTTGCCTTTA	1.88171	NA	NA	15	15947398	19566089	3618692	+	NA	copy_number_variation	NA	NA	13743	INRA_BovSV4908		Region	NA	NA	NA	NA	NA	.	Pindel software (parameters : --max_range_index 9 ; --min_perfect_match_around_BP 30)	INRA_BovSV4908	SO:0001019	NA
DEL00000579	15	18408565	T	<DEL>	180	PASS	TRUE	DEL	NA	18408651	0	0	3to5	-1,1	-1,1	60	0	0	3	0.951613	ATATAATGGTTGTCTGAATTAAATTTGCCCATTCCTATCCATTTTAGATCACTGATTGCTAAAATGTTGATGTTTAGTTACACTTGGCATTATCCTCTTCACCACTTCCAGTTTGCCTTTA	1.88171	NA	NA	15	15947398	19566089	3618692	+	NA	deletion	NA	NA	13744	INRA_BovSV4908_1		Region	esv3900301	INRA_HOL0007	INRA_BovSV4908_1	3647252	SO:0000159	-	NA	NA	NA	NA
DUP00000682	18	48701650	G	<DUP>	149	PASS	TRUE	DUP	NA	48704175	0	0	5to3	-24,24	-24,24	45	0	23	3	0.984615	TATGAATAGATACATCCAGAAGTGAAGTGAAGTGGCTCAGTCATGTCCGACTCTTTGAGACCCCGTGGACTGTACCCTGCCAGGGTCCTCTGTCCATGGGGATTCTCCAGGCAAGAATACTGGAGTGG	1.99622	NA	NA	18	43301774	49951792	6650019	+	NA	copy_number_variation	NA	NA	16941	INRA_BovSV5648		Region	NA	NA	NA	NA	NA	.	Pindel software (parameters : --max_range_index 9 ; --min_perfect_match_around_BP 30)	INRA_BovSV5648	SO:0001019	NA
DUP00000682	18	48701650	G	<DUP>	149	PASS	TRUE	DUP	NA	48704175	0	0	5to3	-24,24	-24,24	45	0	23	3	0.984615	TATGAATAGATACATCCAGAAGTGAAGTGAAGTGGCTCAGTCATGTCCGACTCTTTGAGACCCCGTGGACTGTACCCTGCCAGGGTCCTCTGTCCATGGGGATTCTCCAGGCAAGAATACTGGAGTGG	1.99622	NA	NA	18	43301774	49951792	6650019	+	NA	deletion	NA	NA	16935	INRA_BovSV5648_1		Region	esv3894299	INRA_MON0006	INRA_BovSV5648_1	6757716	SO:0000159	-	NA	NA	NA	NA
DUP00000682	18	48701650	G	<DUP>	149	PASS	TRUE	DUP	NA	48704175	0	0	5to3	-24,24	-24,24	45	0	23	3	0.984615	TATGAATAGATACATCCAGAAGTGAAGTGAAGTGGCTCAGTCATGTCCGACTCTTTGAGACCCCGTGGACTGTACCCTGCCAGGGTCCTCTGTCCATGGGGATTCTCCAGGCAAGAATACTGGAGTGG	1.99622	NA	NA	18	43301774	49951792	6650019	+	NA	deletion	NA	NA	16939	INRA_BovSV5648_2		Region	esv3894299	INRA_NOR0010	INRA_BovSV5648_2	6757716	SO:0000159	-	NA	NA	NA	NA
DUP00000682	18	48701650	G	<DUP>	149	PASS	TRUE	DUP	NA	48704175	0	0	5to3	-24,24	-24,24	45	0	23	3	0.984615	TATGAATAGATACATCCAGAAGTGAAGTGAAGTGGCTCAGTCATGTCCGACTCTTTGAGACCCCGTGGACTGTACCCTGCCAGGGTCCTCTGTCCATGGGGATTCTCCAGGCAAGAATACTGGAGTGG	1.99622	NA	NA	18	43301774	49951792	6650019	+	NA	deletion	NA	NA	16942	INRA_BovSV5648_3		Region	esv3894299	INRA_HOL0008	INRA_BovSV5648_3	6757716	SO:0000159	-	NA	NA	NA	NA
DUP00000682	18	48701650	G	<DUP>	149	PASS	TRUE	DUP	NA	48704175	0	0	5to3	-24,24	-24,24	45	0	23	3	0.984615	TATGAATAGATACATCCAGAAGTGAAGTGAAGTGGCTCAGTCATGTCCGACTCTTTGAGACCCCGTGGACTGTACCCTGCCAGGGTCCTCTGTCCATGGGGATTCTCCAGGCAAGAATACTGGAGTGG	1.99622	NA	NA	18	43301774	49951792	6650019	+	NA	deletion	NA	NA	16936	INRA_BovSV5648_4		Region	esv3894299	INRA_HOL0002	INRA_BovSV5648_4	6757716	SO:0000159	-	NA	NA	NA	NA
DUP00000682	18	48701650	G	<DUP>	149	PASS	TRUE	DUP	NA	48704175	0	0	5to3	-24,24	-24,24	45	0	23	3	0.984615	TATGAATAGATACATCCAGAAGTGAAGTGAAGTGGCTCAGTCATGTCCGACTCTTTGAGACCCCGTGGACTGTACCCTGCCAGGGTCCTCTGTCCATGGGGATTCTCCAGGCAAGAATACTGGAGTGG	1.99622	NA	NA	18	43301774	49951792	6650019	+	NA	deletion	NA	NA	16937	INRA_BovSV5648_5		Region	esv3894299	INRA_NOR0007	INRA_BovSV5648_5	6757716	SO:0000159	-	NA	NA	NA	NA
DUP00000682	18	48701650	G	<DUP>	149	PASS	TRUE	DUP	NA	48704175	0	0	5to3	-24,24	-24,24	45	0	23	3	0.984615	TATGAATAGATACATCCAGAAGTGAAGTGAAGTGGCTCAGTCATGTCCGACTCTTTGAGACCCCGTGGACTGTACCCTGCCAGGGTCCTCTGTCCATGGGGATTCTCCAGGCAAGAATACTGGAGTGG	1.99622	NA	NA	18	43301774	49951792	6650019	+	NA	deletion	NA	NA	16943	INRA_BovSV5648_6		Region	esv3894299	INRA_HOL0006	INRA_BovSV5648_6	6757716	SO:0000159	-	NA	NA	NA	NA
DUP00000682	18	48701650	G	<DUP>	149	PASS	TRUE	DUP	NA	48704175	0	0	5to3	-24,24	-24,24	45	0	23	3	0.984615	TATGAATAGATACATCCAGAAGTGAAGTGAAGTGGCTCAGTCATGTCCGACTCTTTGAGACCCCGTGGACTGTACCCTGCCAGGGTCCTCTGTCCATGGGGATTCTCCAGGCAAGAATACTGGAGTGG	1.99622	NA	NA	18	43301774	49951792	6650019	+	NA	deletion	NA	NA	16938	INRA_BovSV5648_7		Region	esv3894299	INRA_NOR0009	INRA_BovSV5648_7	6757716	SO:0000159	-	NA	NA	NA	NA
DUP00000682	18	48701650	G	<DUP>	149	PASS	TRUE	DUP	NA	48704175	0	0	5to3	-24,24	-24,24	45	0	23	3	0.984615	TATGAATAGATACATCCAGAAGTGAAGTGAAGTGGCTCAGTCATGTCCGACTCTTTGAGACCCCGTGGACTGTACCCTGCCAGGGTCCTCTGTCCATGGGGATTCTCCAGGCAAGAATACTGGAGTGG	1.99622	NA	NA	18	43301774	49951792	6650019	+	NA	deletion	NA	NA	16940	INRA_BovSV5648_8		Region	esv3894299	INRA_HOL0005	INRA_BovSV5648_8	6757716	SO:0000159	-	NA	NA	NA	NA
DUP00000682	18	48701650	G	<DUP>	149	PASS	TRUE	DUP	NA	48704175	0	0	5to3	-24,24	-24,24	45	0	23	3	0.984615	TATGAATAGATACATCCAGAAGTGAAGTGAAGTGGCTCAGTCATGTCCGACTCTTTGAGACCCCGTGGACTGTACCCTGCCAGGGTCCTCTGTCCATGGGGATTCTCCAGGCAAGAATACTGGAGTGG	1.99622	NA	NA	18	43621786	49610379	5988594	-	NA	copy_number_variation	NA	NA	16941-2	INRA_BovSV5648		Region	NA	NA	NA	NA	NA	.	Pindel software (parameters : --max_range_index 9 ; --min_perfect_match_around_BP 30)	INRA_BovSV5648	SO:0001019	NA
DUP00000682	18	48701650	G	<DUP>	149	PASS	TRUE	DUP	NA	48704175	0	0	5to3	-24,24	-24,24	45	0	23	3	0.984615	TATGAATAGATACATCCAGAAGTGAAGTGAAGTGGCTCAGTCATGTCCGACTCTTTGAGACCCCGTGGACTGTACCCTGCCAGGGTCCTCTGTCCATGGGGATTCTCCAGGCAAGAATACTGGAGTGG	1.99622	NA	NA	18	43621786	49610379	5988594	-	NA	deletion	NA	NA	16935-2	INRA_BovSV5648_1		Region	esv3894299	INRA_MON0006	INRA_BovSV5648_1	6757716	SO:0000159	-	NA	NA	NA	NA
DUP00000682	18	48701650	G	<DUP>	149	PASS	TRUE	DUP	NA	48704175	0	0	5to3	-24,24	-24,24	45	0	23	3	0.984615	TATGAATAGATACATCCAGAAGTGAAGTGAAGTGGCTCAGTCATGTCCGACTCTTTGAGACCCCGTGGACTGTACCCTGCCAGGGTCCTCTGTCCATGGGGATTCTCCAGGCAAGAATACTGGAGTGG	1.99622	NA	NA	18	43621786	49610379	5988594	-	NA	deletion	NA	NA	16939-2	INRA_BovSV5648_2		Region	esv3894299	INRA_NOR0010	INRA_BovSV5648_2	6757716	SO:0000159	-	NA	NA	NA	NA
DUP00000682	18	48701650	G	<DUP>	149	PASS	TRUE	DUP	NA	48704175	0	0	5to3	-24,24	-24,24	45	0	23	3	0.984615	TATGAATAGATACATCCAGAAGTGAAGTGAAGTGGCTCAGTCATGTCCGACTCTTTGAGACCCCGTGGACTGTACCCTGCCAGGGTCCTCTGTCCATGGGGATTCTCCAGGCAAGAATACTGGAGTGG	1.99622	NA	NA	18	43621786	49610379	5988594	-	NA	deletion	NA	NA	16942-2	INRA_BovSV5648_3		Region	esv3894299	INRA_HOL0008	INRA_BovSV5648_3	6757716	SO:0000159	-	NA	NA	NA	NA
DUP00000682	18	48701650	G	<DUP>	149	PASS	TRUE	DUP	NA	48704175	0	0	5to3	-24,24	-24,24	45	0	23	3	0.984615	TATGAATAGATACATCCAGAAGTGAAGTGAAGTGGCTCAGTCATGTCCGACTCTTTGAGACCCCGTGGACTGTACCCTGCCAGGGTCCTCTGTCCATGGGGATTCTCCAGGCAAGAATACTGGAGTGG	1.99622	NA	NA	18	43621786	49610379	5988594	-	NA	deletion	NA	NA	16936-2	INRA_BovSV5648_4		Region	esv3894299	INRA_HOL0002	INRA_BovSV5648_4	6757716	SO:0000159	-	NA	NA	NA	NA
DUP00000682	18	48701650	G	<DUP>	149	PASS	TRUE	DUP	NA	48704175	0	0	5to3	-24,24	-24,24	45	0	23	3	0.984615	TATGAATAGATACATCCAGAAGTGAAGTGAAGTGGCTCAGTCATGTCCGACTCTTTGAGACCCCGTGGACTGTACCCTGCCAGGGTCCTCTGTCCATGGGGATTCTCCAGGCAAGAATACTGGAGTGG	1.99622	NA	NA	18	43621786	49610379	5988594	-	NA	deletion	NA	NA	16937-2	INRA_BovSV5648_5		Region	esv3894299	INRA_NOR0007	INRA_BovSV5648_5	6757716	SO:0000159	-	NA	NA	NA	NA
DUP00000682	18	48701650	G	<DUP>	149	PASS	TRUE	DUP	NA	48704175	0	0	5to3	-24,24	-24,24	45	0	23	3	0.984615	TATGAATAGATACATCCAGAAGTGAAGTGAAGTGGCTCAGTCATGTCCGACTCTTTGAGACCCCGTGGACTGTACCCTGCCAGGGTCCTCTGTCCATGGGGATTCTCCAGGCAAGAATACTGGAGTGG	1.99622	NA	NA	18	43621786	49610379	5988594	-	NA	deletion	NA	NA	16943-2	INRA_BovSV5648_6		Region	esv3894299	INRA_HOL0006	INRA_BovSV5648_6	6757716	SO:0000159	-	NA	NA	NA	NA
DUP00000682	18	48701650	G	<DUP>	149	PASS	TRUE	DUP	NA	48704175	0	0	5to3	-24,24	-24,24	45	0	23	3	0.984615	TATGAATAGATACATCCAGAAGTGAAGTGAAGTGGCTCAGTCATGTCCGACTCTTTGAGACCCCGTGGACTGTACCCTGCCAGGGTCCTCTGTCCATGGGGATTCTCCAGGCAAGAATACTGGAGTGG	1.99622	NA	NA	18	43621786	49610379	5988594	-	NA	deletion	NA	NA	16938-2	INRA_BovSV5648_7		Region	esv3894299	INRA_NOR0009	INRA_BovSV5648_7	6757716	SO:0000159	-	NA	NA	NA	NA
DUP00000682	18	48701650	G	<DUP>	149	PASS	TRUE	DUP	NA	48704175	0	0	5to3	-24,24	-24,24	45	0	23	3	0.984615	TATGAATAGATACATCCAGAAGTGAAGTGAAGTGGCTCAGTCATGTCCGACTCTTTGAGACCCCGTGGACTGTACCCTGCCAGGGTCCTCTGTCCATGGGGATTCTCCAGGCAAGAATACTGGAGTGG	1.99622	NA	NA	18	43621786	49610379	5988594	-	NA	deletion	NA	NA	16940-2	INRA_BovSV5648_8		Region	esv3894299	INRA_HOL0005	INRA_BovSV5648_8	6757716	SO:0000159	-	NA	NA	NA	NA
DEL00000815	23	25715896	T	<DEL>	180	PASS	TRUE	DEL	NA	25715963	0	0	3to5	-5,5	-5,5	60	0	5	3	0.984848	ACTCTCCCCTTTTGGTTTTAAGCATAATTTAGATAGGTGTAGAGTGCTATAAGGGCTTTCCAGGTGGCGCTACCCGCCTGCCAATTTGGGAGACATAAGAGACACGGGTTCAATCCCTAGGTCAGGAAGATC	1.99563	NA	NA	23	24796335	25851790	1055456	+	NA	inversion	NA	NA	19337	INRA_BovSV796_1		Region	esv3897807	INRA_HOL0008	INRA_BovSV796_1	1059697	SO:1000036	.	NA	NA	NA	NA
DEL00000815	23	25715896	T	<DEL>	180	PASS	TRUE	DEL	NA	25715963	0	0	3to5	-5,5	-5,5	60	0	5	3	0.984848	ACTCTCCCCTTTTGGTTTTAAGCATAATTTAGATAGGTGTAGAGTGCTATAAGGGCTTTCCAGGTGGCGCTACCCGCCTGCCAATTTGGGAGACATAAGAGACACGGGTTCAATCCCTAGGTCAGGAAGATC	1.99563	NA	NA	23	24796335	25851790	1055456	+	NA	inversion	NA	NA	19338	INRA_BovSV796		Region	NA	NA	NA	NA	NA	.	Pindel software (parameters : --max_range_index 9 ; --min_perfect_match_around_BP 30)	INRA_BovSV796	SO:1000036	NA
DEL00000815	23	25715896	T	<DEL>	180	PASS	TRUE	DEL	NA	25715963	0	0	3to5	-5,5	-5,5	60	0	5	3	0.984848	ACTCTCCCCTTTTGGTTTTAAGCATAATTTAGATAGGTGTAGAGTGCTATAAGGGCTTTCCAGGTGGCGCTACCCGCCTGCCAATTTGGGAGACATAAGAGACACGGGTTCAATCCCTAGGTCAGGAAGATC	1.99563	NA	NA	23	25656565	26064643	408079	-	NA	deletion	NA	NA	19453	INRA_BovSV209_1		Region	esv3894789	INRA_NOR0016	INRA_BovSV209_1	544028	SO:0000159	-	NA	NA	NA	NA
DEL00000815	23	25715896	T	<DEL>	180	PASS	TRUE	DEL	NA	25715963	0	0	3to5	-5,5	-5,5	60	0	5	3	0.984848	ACTCTCCCCTTTTGGTTTTAAGCATAATTTAGATAGGTGTAGAGTGCTATAAGGGCTTTCCAGGTGGCGCTACCCGCCTGCCAATTTGGGAGACATAAGAGACACGGGTTCAATCCCTAGGTCAGGAAGATC	1.99563	NA	NA	23	25656565	26064643	408079	-	NA	copy_number_variation	NA	NA	19454	INRA_BovSV209		Region	NA	NA	NA	NA	NA	.	Pindel software (parameters : --max_range_index 9 ; --min_perfect_match_around_BP 30)	INRA_BovSV209	SO:0001019	NA
DEL00000815	23	25715896	T	<DEL>	180	PASS	TRUE	DEL	NA	25715963	0	0	3to5	-5,5	-5,5	60	0	5	3	0.984848	ACTCTCCCCTTTTGGTTTTAAGCATAATTTAGATAGGTGTAGAGTGCTATAAGGGCTTTCCAGGTGGCGCTACCCGCCTGCCAATTTGGGAGACATAAGAGACACGGGTTCAATCCCTAGGTCAGGAAGATC	1.99563	NA	NA	23	25656565	26064643	408079	-	NA	deletion	NA	NA	19457	INRA_BovSV209_2		Region	esv3894789	INRA_HOL0005	INRA_BovSV209_2	544028	SO:0000159	-	NA	NA	NA	NA
DEL00000815	23	25715896	T	<DEL>	180	PASS	TRUE	DEL	NA	25715963	0	0	3to5	-5,5	-5,5	60	0	5	3	0.984848	ACTCTCCCCTTTTGGTTTTAAGCATAATTTAGATAGGTGTAGAGTGCTATAAGGGCTTTCCAGGTGGCGCTACCCGCCTGCCAATTTGGGAGACATAAGAGACACGGGTTCAATCCCTAGGTCAGGAAGATC	1.99563	NA	NA	23	25656565	26064643	408079	-	NA	deletion	NA	NA	19455	INRA_BovSV209_5		Region	esv3894789	INRA_HOL0009	INRA_BovSV209_5	544028	SO:0000159	-	NA	NA	NA	NA
DEL00000815	23	25715896	T	<DEL>	180	PASS	TRUE	DEL	NA	25715963	0	0	3to5	-5,5	-5,5	60	0	5	3	0.984848	ACTCTCCCCTTTTGGTTTTAAGCATAATTTAGATAGGTGTAGAGTGCTATAAGGGCTTTCCAGGTGGCGCTACCCGCCTGCCAATTTGGGAGACATAAGAGACACGGGTTCAATCCCTAGGTCAGGAAGATC	1.99563	NA	NA	23	25656565	26064643	408079	-	NA	deletion	NA	NA	19456	INRA_BovSV209_4		Region	esv3894789	INRA_HOL0010	INRA_BovSV209_4	544028	SO:0000159	-	NA	NA	NA	NA
DEL00000815	23	25715896	T	<DEL>	180	PASS	TRUE	DEL	NA	25715963	0	0	3to5	-5,5	-5,5	60	0	5	3	0.984848	ACTCTCCCCTTTTGGTTTTAAGCATAATTTAGATAGGTGTAGAGTGCTATAAGGGCTTTCCAGGTGGCGCTACCCGCCTGCCAATTTGGGAGACATAAGAGACACGGGTTCAATCCCTAGGTCAGGAAGATC	1.99563	NA	NA	23	25656565	26064643	408079	-	NA	deletion	NA	NA	19452	INRA_BovSV209_3		Region	esv3894789	INRA_NOR0010	INRA_BovSV209_3	544028	SO:0000159	-	NA	NA	NA	NA
DEL00000815	23	25715896	T	<DEL>	180	PASS	TRUE	DEL	NA	25715963	0	0	3to5	-5,5	-5,5	60	0	5	3	0.984848	ACTCTCCCCTTTTGGTTTTAAGCATAATTTAGATAGGTGTAGAGTGCTATAAGGGCTTTCCAGGTGGCGCTACCCGCCTGCCAATTTGGGAGACATAAGAGACACGGGTTCAATCCCTAGGTCAGGAAGATC	1.99563	NA	NA	23	25656565	25963825	307261	-	NA	copy_number_variation	NA	NA	19383	INRA_BovSV200		Region	NA	NA	NA	NA	NA	.	Pindel software (parameters : --max_range_index 9 ; --min_perfect_match_around_BP 30)	INRA_BovSV200	SO:0001019	NA
DEL00000815	23	25715896	T	<DEL>	180	PASS	TRUE	DEL	NA	25715963	0	0	3to5	-5,5	-5,5	60	0	5	3	0.984848	ACTCTCCCCTTTTGGTTTTAAGCATAATTTAGATAGGTGTAGAGTGCTATAAGGGCTTTCCAGGTGGCGCTACCCGCCTGCCAATTTGGGAGACATAAGAGACACGGGTTCAATCCCTAGGTCAGGAAGATC	1.99563	NA	NA	23	25656565	25963825	307261	-	NA	tandem_duplication	NA	NA	19393	INRA_BovSV2172_2		Region	esv3899646	INRA_HOL0008	INRA_BovSV2172_2	349634	SO:1000173	.	NA	NA	NA	NA
DEL00000815	23	25715896	T	<DEL>	180	PASS	TRUE	DEL	NA	25715963	0	0	3to5	-5,5	-5,5	60	0	5	3	0.984848	ACTCTCCCCTTTTGGTTTTAAGCATAATTTAGATAGGTGTAGAGTGCTATAAGGGCTTTCCAGGTGGCGCTACCCGCCTGCCAATTTGGGAGACATAAGAGACACGGGTTCAATCCCTAGGTCAGGAAGATC	1.99563	NA	NA	23	25656565	25963825	307261	-	NA	tandem_duplication	NA	NA	19392	INRA_BovSV2172_1		Region	esv3899646	INRA_HOL0010	INRA_BovSV2172_1	349634	SO:1000173	.	NA	NA	NA	NA
DEL00000815	23	25715896	T	<DEL>	180	PASS	TRUE	DEL	NA	25715963	0	0	3to5	-5,5	-5,5	60	0	5	3	0.984848	ACTCTCCCCTTTTGGTTTTAAGCATAATTTAGATAGGTGTAGAGTGCTATAAGGGCTTTCCAGGTGGCGCTACCCGCCTGCCAATTTGGGAGACATAAGAGACACGGGTTCAATCCCTAGGTCAGGAAGATC	1.99563	NA	NA	23	25656565	25963825	307261	-	NA	tandem_duplication	NA	NA	19394	INRA_BovSV2172		Region	NA	NA	NA	NA	NA	.	Pindel software (parameters : --max_range_index 9 ; --min_perfect_match_around_BP 30)	INRA_BovSV2172	SO:1000173	NA
DEL00000815	23	25715896	T	<DEL>	180	PASS	TRUE	DEL	NA	25715963	0	0	3to5	-5,5	-5,5	60	0	5	3	0.984848	ACTCTCCCCTTTTGGTTTTAAGCATAATTTAGATAGGTGTAGAGTGCTATAAGGGCTTTCCAGGTGGCGCTACCCGCCTGCCAATTTGGGAGACATAAGAGACACGGGTTCAATCCCTAGGTCAGGAAGATC	1.99563	NA	NA	23	25656565	25963825	307261	-	NA	tandem_duplication	NA	NA	19385	INRA_BovSV2165_3		Region	esv3899645	INRA_NOR0003	INRA_BovSV2165_3	348851	SO:1000173	.	NA	NA	NA	NA
DEL00000815	23	25715896	T	<DEL>	180	PASS	TRUE	DEL	NA	25715963	0	0	3to5	-5,5	-5,5	60	0	5	3	0.984848	ACTCTCCCCTTTTGGTTTTAAGCATAATTTAGATAGGTGTAGAGTGCTATAAGGGCTTTCCAGGTGGCGCTACCCGCCTGCCAATTTGGGAGACATAAGAGACACGGGTTCAATCCCTAGGTCAGGAAGATC	1.99563	NA	NA	23	25656565	25963825	307261	-	NA	tandem_duplication	NA	NA	19386	INRA_BovSV2165_2		Region	esv3899645	INRA_NOR0012	INRA_BovSV2165_2	348851	SO:1000173	.	NA	NA	NA	NA
DEL00000815	23	25715896	T	<DEL>	180	PASS	TRUE	DEL	NA	25715963	0	0	3to5	-5,5	-5,5	60	0	5	3	0.984848	ACTCTCCCCTTTTGGTTTTAAGCATAATTTAGATAGGTGTAGAGTGCTATAAGGGCTTTCCAGGTGGCGCTACCCGCCTGCCAATTTGGGAGACATAAGAGACACGGGTTCAATCCCTAGGTCAGGAAGATC	1.99563	NA	NA	23	25656565	25963825	307261	-	NA	tandem_duplication	NA	NA	19387	INRA_BovSV2165_1		Region	esv3899645	INRA_NOR0010	INRA_BovSV2165_1	348851	SO:1000173	.	NA	NA	NA	NA
DEL00000815	23	25715896	T	<DEL>	180	PASS	TRUE	DEL	NA	25715963	0	0	3to5	-5,5	-5,5	60	0	5	3	0.984848	ACTCTCCCCTTTTGGTTTTAAGCATAATTTAGATAGGTGTAGAGTGCTATAAGGGCTTTCCAGGTGGCGCTACCCGCCTGCCAATTTGGGAGACATAAGAGACACGGGTTCAATCCCTAGGTCAGGAAGATC	1.99563	NA	NA	23	25656565	25963825	307261	-	NA	deletion	NA	NA	19389	INRA_BovSV271_1		Region	esv3894853	INRA_NOR0001	INRA_BovSV271_1	348921	SO:0000159	-	NA	NA	NA	NA
DEL00000815	23	25715896	T	<DEL>	180	PASS	TRUE	DEL	NA	25715963	0	0	3to5	-5,5	-5,5	60	0	5	3	0.984848	ACTCTCCCCTTTTGGTTTTAAGCATAATTTAGATAGGTGTAGAGTGCTATAAGGGCTTTCCAGGTGGCGCTACCCGCCTGCCAATTTGGGAGACATAAGAGACACGGGTTCAATCCCTAGGTCAGGAAGATC	1.99563	NA	NA	23	25656565	25963825	307261	-	NA	deletion	NA	NA	19391	INRA_BovSV201_1		Region	esv3894780	INRA_HOL0017	INRA_BovSV201_1	348915	SO:0000159	-	NA	NA	NA	NA
DEL00000815	23	25715896	T	<DEL>	180	PASS	TRUE	DEL	NA	25715963	0	0	3to5	-5,5	-5,5	60	0	5	3	0.984848	ACTCTCCCCTTTTGGTTTTAAGCATAATTTAGATAGGTGTAGAGTGCTATAAGGGCTTTCCAGGTGGCGCTACCCGCCTGCCAATTTGGGAGACATAAGAGACACGGGTTCAATCCCTAGGTCAGGAAGATC	1.99563	NA	NA	23	25656565	25963825	307261	-	NA	deletion	NA	NA	19382	INRA_BovSV200_1		Region	esv3894779	INRA_NOR0010	INRA_BovSV200_1	349041	SO:0000159	-	NA	NA	NA	NA
DEL00000815	23	25715896	T	<DEL>	180	PASS	TRUE	DEL	NA	25715963	0	0	3to5	-5,5	-5,5	60	0	5	3	0.984848	ACTCTCCCCTTTTGGTTTTAAGCATAATTTAGATAGGTGTAGAGTGCTATAAGGGCTTTCCAGGTGGCGCTACCCGCCTGCCAATTTGGGAGACATAAGAGACACGGGTTCAATCCCTAGGTCAGGAAGATC	1.99563	NA	NA	23	25656565	25963825	307261	-	NA	copy_number_variation	NA	NA	19388	INRA_BovSV271		Region	NA	NA	NA	NA	NA	.	Pindel software (parameters : --max_range_index 9 ; --min_perfect_match_around_BP 30)	INRA_BovSV271	SO:0001019	NA
DEL00000815	23	25715896	T	<DEL>	180	PASS	TRUE	DEL	NA	25715963	0	0	3to5	-5,5	-5,5	60	0	5	3	0.984848	ACTCTCCCCTTTTGGTTTTAAGCATAATTTAGATAGGTGTAGAGTGCTATAAGGGCTTTCCAGGTGGCGCTACCCGCCTGCCAATTTGGGAGACATAAGAGACACGGGTTCAATCCCTAGGTCAGGAAGATC	1.99563	NA	NA	23	25656565	25963825	307261	-	NA	copy_number_variation	NA	NA	19390	INRA_BovSV201		Region	NA	NA	NA	NA	NA	.	Pindel software (parameters : --max_range_index 9 ; --min_perfect_match_around_BP 30)	INRA_BovSV201	SO:0001019	NA
DEL00000815	23	25715896	T	<DEL>	180	PASS	TRUE	DEL	NA	25715963	0	0	3to5	-5,5	-5,5	60	0	5	3	0.984848	ACTCTCCCCTTTTGGTTTTAAGCATAATTTAGATAGGTGTAGAGTGCTATAAGGGCTTTCCAGGTGGCGCTACCCGCCTGCCAATTTGGGAGACATAAGAGACACGGGTTCAATCCCTAGGTCAGGAAGATC	1.99563	NA	NA	23	25656565	25963825	307261	-	NA	tandem_duplication	NA	NA	19384	INRA_BovSV2165		Region	NA	NA	NA	NA	NA	.	Pindel software (parameters : --max_range_index 9 ; --min_perfect_match_around_BP 30)	INRA_BovSV2165	SO:1000173	NA
DEL00000815	23	25715896	T	<DEL>	180	PASS	TRUE	DEL	NA	25715963	0	0	3to5	-5,5	-5,5	60	0	5	3	0.984848	ACTCTCCCCTTTTGGTTTTAAGCATAATTTAGATAGGTGTAGAGTGCTATAAGGGCTTTCCAGGTGGCGCTACCCGCCTGCCAATTTGGGAGACATAAGAGACACGGGTTCAATCCCTAGGTCAGGAAGATC	1.99563	NA	NA	23	25656565	25951934	295370	-	NA	inversion	NA	NA	19395	INRA_BovSV801_1		Region	esv3897808	INRA_NOR0010	INRA_BovSV801_1	304528	SO:1000036	.	NA	NA	NA	NA
DEL00000815	23	25715896	T	<DEL>	180	PASS	TRUE	DEL	NA	25715963	0	0	3to5	-5,5	-5,5	60	0	5	3	0.984848	ACTCTCCCCTTTTGGTTTTAAGCATAATTTAGATAGGTGTAGAGTGCTATAAGGGCTTTCCAGGTGGCGCTACCCGCCTGCCAATTTGGGAGACATAAGAGACACGGGTTCAATCCCTAGGTCAGGAAGATC	1.99563	NA	NA	23	25656565	25951934	295370	-	NA	inversion	NA	NA	19396	INRA_BovSV801		Region	NA	NA	NA	NA	NA	.	Pindel software (parameters : --max_range_index 9 ; --min_perfect_match_around_BP 30)	INRA_BovSV801	SO:1000036	NA
DEL00000815	23	25715896	T	<DEL>	180	PASS	TRUE	DEL	NA	25715963	0	0	3to5	-5,5	-5,5	60	0	5	3	0.984848	ACTCTCCCCTTTTGGTTTTAAGCATAATTTAGATAGGTGTAGAGTGCTATAAGGGCTTTCCAGGTGGCGCTACCCGCCTGCCAATTTGGGAGACATAAGAGACACGGGTTCAATCCCTAGGTCAGGAAGATC	1.99563	NA	NA	23	25656565	25947636	291072	-	NA	inversion	NA	NA	19400	INRA_BovSV802		Region	NA	NA	NA	NA	NA	.	Pindel software (parameters : --max_range_index 9 ; --min_perfect_match_around_BP 30)	INRA_BovSV802	SO:1000036	NA
DEL00000815	23	25715896	T	<DEL>	180	PASS	TRUE	DEL	NA	25715963	0	0	3to5	-5,5	-5,5	60	0	5	3	0.984848	ACTCTCCCCTTTTGGTTTTAAGCATAATTTAGATAGGTGTAGAGTGCTATAAGGGCTTTCCAGGTGGCGCTACCCGCCTGCCAATTTGGGAGACATAAGAGACACGGGTTCAATCCCTAGGTCAGGAAGATC	1.99563	NA	NA	23	25656565	25947636	291072	-	NA	inversion	NA	NA	19399	INRA_BovSV802_1		Region	esv3897809	INRA_NOR0010	INRA_BovSV802_1	295909	SO:1000036	.	NA	NA	NA	NA
DEL00000815	23	25715896	T	<DEL>	180	PASS	TRUE	DEL	NA	25715963	0	0	3to5	-5,5	-5,5	60	0	5	3	0.984848	ACTCTCCCCTTTTGGTTTTAAGCATAATTTAGATAGGTGTAGAGTGCTATAAGGGCTTTCCAGGTGGCGCTACCCGCCTGCCAATTTGGGAGACATAAGAGACACGGGTTCAATCCCTAGGTCAGGAAGATC	1.99563	NA	NA	23	25656565	25947594	291030	-	NA	inversion	NA	NA	19402	INRA_BovSV803		Region	NA	NA	NA	NA	NA	.	Pindel software (parameters : --max_range_index 9 ; --min_perfect_match_around_BP 30)	INRA_BovSV803	SO:1000036	NA
DEL00000815	23	25715896	T	<DEL>	180	PASS	TRUE	DEL	NA	25715963	0	0	3to5	-5,5	-5,5	60	0	5	3	0.984848	ACTCTCCCCTTTTGGTTTTAAGCATAATTTAGATAGGTGTAGAGTGCTATAAGGGCTTTCCAGGTGGCGCTACCCGCCTGCCAATTTGGGAGACATAAGAGACACGGGTTCAATCCCTAGGTCAGGAAGATC	1.99563	NA	NA	23	25656565	25947594	291030	-	NA	inversion	NA	NA	19401	INRA_BovSV803_1		Region	esv3897810	INRA_HOL0020	INRA_BovSV803_1	295826	SO:1000036	.	NA	NA	NA	NA
DEL00000829	23	29518119	T	<DEL>	180	PASS	TRUE	DEL	NA	29518788	0	0	3to5	-1,1	-1,1	60	0	0	3	0.990909	ATTGGACAAAATGATTCAGAAAAATGAGGGTTTCATACAGCAGTATCAATCAAAATTTAATATTCTCAAAACCATAAACAAGTTAGTCTTTTAATGGAAAACTAAGGGA	1.83172	NA	NA	23	29466339	29618484	152146	+	NA	inversion	NA	NA	19775	INRA_BovSV795_1		Region	esv3897805	INRA_NOR0014	INRA_BovSV795_1	152097	SO:1000036	.	NA	NA	NA	NA
DEL00000829	23	29518119	T	<DEL>	180	PASS	TRUE	DEL	NA	29518788	0	0	3to5	-1,1	-1,1	60	0	0	3	0.990909	ATTGGACAAAATGATTCAGAAAAATGAGGGTTTCATACAGCAGTATCAATCAAAATTTAATATTCTCAAAACCATAAACAAGTTAGTCTTTTAATGGAAAACTAAGGGA	1.83172	NA	NA	23	29466339	29618484	152146	+	NA	inversion	NA	NA	19776	INRA_BovSV795		Region	NA	NA	NA	NA	NA	.	Pindel software (parameters : --max_range_index 9 ; --min_perfect_match_around_BP 30)	INRA_BovSV795	SO:1000036	NA
DEL00000829	23	29518119	T	<DEL>	180	PASS	TRUE	DEL	NA	29518788	0	0	3to5	-1,1	-1,1	60	0	0	3	0.990909	ATTGGACAAAATGATTCAGAAAAATGAGGGTTTCATACAGCAGTATCAATCAAAATTTAATATTCTCAAAACCATAAACAAGTTAGTCTTTTAATGGAAAACTAAGGGA	1.83172	NA	NA	23	29468016	29618484	150469	+	NA	copy_number_variation	NA	NA	19778	INRA_BovSV301		Region	NA	NA	NA	NA	NA	.	Pindel software (parameters : --max_range_index 9 ; --min_perfect_match_around_BP 30)	INRA_BovSV301	SO:0001019	NA
DEL00000829	23	29518119	T	<DEL>	180	PASS	TRUE	DEL	NA	29518788	0	0	3to5	-1,1	-1,1	60	0	0	3	0.990909	ATTGGACAAAATGATTCAGAAAAATGAGGGTTTCATACAGCAGTATCAATCAAAATTTAATATTCTCAAAACCATAAACAAGTTAGTCTTTTAATGGAAAACTAAGGGA	1.83172	NA	NA	23	29468016	29618484	150469	+	NA	deletion	NA	NA	19777	INRA_BovSV301_1		Region	esv3894881	INRA_NOR0007	INRA_BovSV301_1	153322	SO:0000159	-	NA	NA	NA	NA
DEL00000829	23	29518119	T	<DEL>	180	PASS	TRUE	DEL	NA	29518788	0	0	3to5	-1,1	-1,1	60	0	0	3	0.990909	ATTGGACAAAATGATTCAGAAAAATGAGGGTTTCATACAGCAGTATCAATCAAAATTTAATATTCTCAAAACCATAAACAAGTTAGTCTTTTAATGGAAAACTAAGGGA	1.83172	NA	NA	23	29468851	29618484	149634	+	NA	tandem_duplication	NA	NA	19782	INRA_BovSV2686		Region	NA	NA	NA	NA	NA	.	Pindel software (parameters : --max_range_index 9 ; --min_perfect_match_around_BP 30)	INRA_BovSV2686	SO:1000173	NA
DEL00000829	23	29518119	T	<DEL>	180	PASS	TRUE	DEL	NA	29518788	0	0	3to5	-1,1	-1,1	60	0	0	3	0.990909	ATTGGACAAAATGATTCAGAAAAATGAGGGTTTCATACAGCAGTATCAATCAAAATTTAATATTCTCAAAACCATAAACAAGTTAGTCTTTTAATGGAAAACTAAGGGA	1.83172	NA	NA	23	29468851	29618484	149634	+	NA	tandem_duplication	NA	NA	19779	INRA_BovSV2686_1		Region	esv3899697	INRA_HOL0005	INRA_BovSV2686_1	153290	SO:1000173	.	NA	NA	NA	NA
DEL00000829	23	29518119	T	<DEL>	180	PASS	TRUE	DEL	NA	29518788	0	0	3to5	-1,1	-1,1	60	0	0	3	0.990909	ATTGGACAAAATGATTCAGAAAAATGAGGGTTTCATACAGCAGTATCAATCAAAATTTAATATTCTCAAAACCATAAACAAGTTAGTCTTTTAATGGAAAACTAAGGGA	1.83172	NA	NA	23	29468851	29618484	149634	+	NA	tandem_duplication	NA	NA	19780	INRA_BovSV2686_2		Region	esv3899697	INRA_HOL0008	INRA_BovSV2686_2	153290	SO:1000173	.	NA	NA	NA	NA
DEL00000829	23	29518119	T	<DEL>	180	PASS	TRUE	DEL	NA	29518788	0	0	3to5	-1,1	-1,1	60	0	0	3	0.990909	ATTGGACAAAATGATTCAGAAAAATGAGGGTTTCATACAGCAGTATCAATCAAAATTTAATATTCTCAAAACCATAAACAAGTTAGTCTTTTAATGGAAAACTAAGGGA	1.83172	NA	NA	23	29468851	29618484	149634	+	NA	tandem_duplication	NA	NA	19781	INRA_BovSV2686_3		Region	esv3899697	INRA_HOL0010	INRA_BovSV2686_3	153290	SO:1000173	.	NA	NA	NA	NA
BND00000932	28	504495	C	C[9:10886485[	557	PASS	TRUE	BND	9	504496	8	60	3to5	-22,22	-22,22	60	0	21	3	0.982301	CTGGAGGAGTGCGGACCACAGGTAAGGGAACTGGGACTGCGTAGAGCAGGGAACCACATATTCCATTCTCGGAGCTCCCCAACCTGGCGGTCGCAGAAAGGCCTCACCTTTGG	1.96363	NA	10886485	28	23060	4547138	4524079	+	NA	deletion	NA	NA	22186	INRA_BovSV893_1		Region	esv3895221	INRA_HOL0026	INRA_BovSV893_1	2684890	SO:0000159	-	NA	NA	NA	NA
BND00000932	28	504495	C	C[9:10886485[	557	PASS	TRUE	BND	9	504496	8	60	3to5	-22,22	-22,22	60	0	21	3	0.982301	CTGGAGGAGTGCGGACCACAGGTAAGGGAACTGGGACTGCGTAGAGCAGGGAACCACATATTCCATTCTCGGAGCTCCCCAACCTGGCGGTCGCAGAAAGGCCTCACCTTTGG	1.96363	NA	10886485	28	23060	4547138	4524079	+	NA	copy_number_variation	NA	NA	22187	INRA_BovSV893		Region	NA	NA	NA	NA	NA	.	Pindel software (parameters : --max_range_index 9 ; --min_perfect_match_around_BP 30)	INRA_BovSV893	SO:0001019	NA
BND00000932	28	504495	C	C[9:10886485[	557	PASS	TRUE	BND	9	504496	8	60	3to5	-22,22	-22,22	60	0	21	3	0.982301	CTGGAGGAGTGCGGACCACAGGTAAGGGAACTGGGACTGCGTAGAGCAGGGAACCACATATTCCATTCTCGGAGCTCCCCAACCTGGCGGTCGCAGAAAGGCCTCACCTTTGG	1.96363	NA	10886485	28	23060	4547138	4524079	+	NA	deletion	NA	NA	22185	INRA_BovSV893_2		Region	esv3895221	INRA_MON0005	INRA_BovSV893_2	2684890	SO:0000159	-	NA	NA	NA	NA
BND00000932	28	504495	C	C[9:10886485[	557	PASS	TRUE	BND	9	504496	8	60	3to5	-22,22	-22,22	60	0	21	3	0.982301	CTGGAGGAGTGCGGACCACAGGTAAGGGAACTGGGACTGCGTAGAGCAGGGAACCACATATTCCATTCTCGGAGCTCCCCAACCTGGCGGTCGCAGAAAGGCCTCACCTTTGG	1.96363	NA	10886485	28	186829	4543555	4356727	-	NA	copy_number_variation	NA	NA	22195	INRA_BovSV885		Region	NA	NA	NA	NA	NA	.	Pindel software (parameters : --max_range_index 9 ; --min_perfect_match_around_BP 30)	INRA_BovSV885	SO:0001019	NA
BND00000932	28	504495	C	C[9:10886485[	557	PASS	TRUE	BND	9	504496	8	60	3to5	-22,22	-22,22	60	0	21	3	0.982301	CTGGAGGAGTGCGGACCACAGGTAAGGGAACTGGGACTGCGTAGAGCAGGGAACCACATATTCCATTCTCGGAGCTCCCCAACCTGGCGGTCGCAGAAAGGCCTCACCTTTGG	1.96363	NA	10886485	28	186829	4543555	4356727	-	NA	copy_number_variation	NA	NA	22189	INRA_BovSV884		Region	NA	NA	NA	NA	NA	.	Pindel software (parameters : --max_range_index 9 ; --min_perfect_match_around_BP 30)	INRA_BovSV884	SO:0001019	NA
BND00000932	28	504495	C	C[9:10886485[	557	PASS	TRUE	BND	9	504496	8	60	3to5	-22,22	-22,22	60	0	21	3	0.982301	CTGGAGGAGTGCGGACCACAGGTAAGGGAACTGGGACTGCGTAGAGCAGGGAACCACATATTCCATTCTCGGAGCTCCCCAACCTGGCGGTCGCAGAAAGGCCTCACCTTTGG	1.96363	NA	10886485	28	186829	4543555	4356727	-	NA	copy_number_variation	NA	NA	22197	INRA_BovSV886		Region	NA	NA	NA	NA	NA	.	Pindel software (parameters : --max_range_index 9 ; --min_perfect_match_around_BP 30)	INRA_BovSV886	SO:0001019	NA
BND00000932	28	504495	C	C[9:10886485[	557	PASS	TRUE	BND	9	504496	8	60	3to5	-22,22	-22,22	60	0	21	3	0.982301	CTGGAGGAGTGCGGACCACAGGTAAGGGAACTGGGACTGCGTAGAGCAGGGAACCACATATTCCATTCTCGGAGCTCCCCAACCTGGCGGTCGCAGAAAGGCCTCACCTTTGG	1.96363	NA	10886485	28	186829	4543555	4356727	-	NA	copy_number_variation	NA	NA	22204	INRA_BovSV887		Region	NA	NA	NA	NA	NA	.	Pindel software (parameters : --max_range_index 9 ; --min_perfect_match_around_BP 30)	INRA_BovSV887	SO:0001019	NA
BND00000932	28	504495	C	C[9:10886485[	557	PASS	TRUE	BND	9	504496	8	60	3to5	-22,22	-22,22	60	0	21	3	0.982301	CTGGAGGAGTGCGGACCACAGGTAAGGGAACTGGGACTGCGTAGAGCAGGGAACCACATATTCCATTCTCGGAGCTCCCCAACCTGGCGGTCGCAGAAAGGCCTCACCTTTGG	1.96363	NA	10886485	28	186829	4543555	4356727	-	NA	copy_number_variation	NA	NA	22187-2	INRA_BovSV893		Region	NA	NA	NA	NA	NA	.	Pindel software (parameters : --max_range_index 9 ; --min_perfect_match_around_BP 30)	INRA_BovSV893	SO:0001019	NA
BND00000932	28	504495	C	C[9:10886485[	557	PASS	TRUE	BND	9	504496	8	60	3to5	-22,22	-22,22	60	0	21	3	0.982301	CTGGAGGAGTGCGGACCACAGGTAAGGGAACTGGGACTGCGTAGAGCAGGGAACCACATATTCCATTCTCGGAGCTCCCCAACCTGGCGGTCGCAGAAAGGCCTCACCTTTGG	1.96363	NA	10886485	28	186829	4543555	4356727	-	NA	deletion	NA	NA	22196	INRA_BovSV886_1		Region	esv3895214	INRA_MON0016	INRA_BovSV886_1	2800160	SO:0000159	-	NA	NA	NA	NA
BND00000932	28	504495	C	C[9:10886485[	557	PASS	TRUE	BND	9	504496	8	60	3to5	-22,22	-22,22	60	0	21	3	0.982301	CTGGAGGAGTGCGGACCACAGGTAAGGGAACTGGGACTGCGTAGAGCAGGGAACCACATATTCCATTCTCGGAGCTCCCCAACCTGGCGGTCGCAGAAAGGCCTCACCTTTGG	1.96363	NA	10886485	28	186829	4543555	4356727	-	NA	copy_number_variation	NA	NA	22199	INRA_BovSV894		Region	NA	NA	NA	NA	NA	.	Pindel software (parameters : --max_range_index 9 ; --min_perfect_match_around_BP 30)	INRA_BovSV894	SO:0001019	NA
BND00000932	28	504495	C	C[9:10886485[	557	PASS	TRUE	BND	9	504496	8	60	3to5	-22,22	-22,22	60	0	21	3	0.982301	CTGGAGGAGTGCGGACCACAGGTAAGGGAACTGGGACTGCGTAGAGCAGGGAACCACATATTCCATTCTCGGAGCTCCCCAACCTGGCGGTCGCAGAAAGGCCTCACCTTTGG	1.96363	NA	10886485	28	186829	4543555	4356727	-	NA	deletion	NA	NA	22188	INRA_BovSV884_1		Region	esv3895212	INRA_NOR0008	INRA_BovSV884_1	2705837	SO:0000159	-	NA	NA	NA	NA
BND00000932	28	504495	C	C[9:10886485[	557	PASS	TRUE	BND	9	504496	8	60	3to5	-22,22	-22,22	60	0	21	3	0.982301	CTGGAGGAGTGCGGACCACAGGTAAGGGAACTGGGACTGCGTAGAGCAGGGAACCACATATTCCATTCTCGGAGCTCCCCAACCTGGCGGTCGCAGAAAGGCCTCACCTTTGG	1.96363	NA	10886485	28	186829	4543555	4356727	-	NA	deletion	NA	NA	22194	INRA_BovSV885_1		Region	esv3895213	INRA_HOL0004	INRA_BovSV885_1	2716746	SO:0000159	-	NA	NA	NA	NA
BND00000932	28	504495	C	C[9:10886485[	557	PASS	TRUE	BND	9	504496	8	60	3to5	-22,22	-22,22	60	0	21	3	0.982301	CTGGAGGAGTGCGGACCACAGGTAAGGGAACTGGGACTGCGTAGAGCAGGGAACCACATATTCCATTCTCGGAGCTCCCCAACCTGGCGGTCGCAGAAAGGCCTCACCTTTGG	1.96363	NA	10886485	28	186829	4543555	4356727	-	NA	deletion	NA	NA	22202	INRA_BovSV887_1		Region	esv3895215	INRA_MON0003	INRA_BovSV887_1	2715882	SO:0000159	-	NA	NA	NA	NA
BND00000932	28	504495	C	C[9:10886485[	557	PASS	TRUE	BND	9	504496	8	60	3to5	-22,22	-22,22	60	0	21	3	0.982301	CTGGAGGAGTGCGGACCACAGGTAAGGGAACTGGGACTGCGTAGAGCAGGGAACCACATATTCCATTCTCGGAGCTCCCCAACCTGGCGGTCGCAGAAAGGCCTCACCTTTGG	1.96363	NA	10886485	28	186829	4543555	4356727	-	NA	tandem_duplication	NA	NA	22205	INRA_BovSV3413_1		Region	esv3899779	INRA_MON0003	INRA_BovSV3413_1	2714571	SO:1000173	.	NA	NA	NA	NA
BND00000932	28	504495	C	C[9:10886485[	557	PASS	TRUE	BND	9	504496	8	60	3to5	-22,22	-22,22	60	0	21	3	0.982301	CTGGAGGAGTGCGGACCACAGGTAAGGGAACTGGGACTGCGTAGAGCAGGGAACCACATATTCCATTCTCGGAGCTCCCCAACCTGGCGGTCGCAGAAAGGCCTCACCTTTGG	1.96363	NA	10886485	28	186829	4543555	4356727	-	NA	tandem_duplication	NA	NA	22206	INRA_BovSV3413		Region	NA	NA	NA	NA	NA	.	Pindel software (parameters : --max_range_index 9 ; --min_perfect_match_around_BP 30)	INRA_BovSV3413	SO:1000173	NA
BND00000932	28	504495	C	C[9:10886485[	557	PASS	TRUE	BND	9	504496	8	60	3to5	-22,22	-22,22	60	0	21	3	0.982301	CTGGAGGAGTGCGGACCACAGGTAAGGGAACTGGGACTGCGTAGAGCAGGGAACCACATATTCCATTCTCGGAGCTCCCCAACCTGGCGGTCGCAGAAAGGCCTCACCTTTGG	1.96363	NA	10886485	28	186829	4543555	4356727	-	NA	tandem_duplication	NA	NA	22200	INRA_BovSV3411_1		Region	esv3899778	INRA_NOR0008	INRA_BovSV3411_1	2715929	SO:1000173	.	NA	NA	NA	NA
BND00000932	28	504495	C	C[9:10886485[	557	PASS	TRUE	BND	9	504496	8	60	3to5	-22,22	-22,22	60	0	21	3	0.982301	CTGGAGGAGTGCGGACCACAGGTAAGGGAACTGGGACTGCGTAGAGCAGGGAACCACATATTCCATTCTCGGAGCTCCCCAACCTGGCGGTCGCAGAAAGGCCTCACCTTTGG	1.96363	NA	10886485	28	186829	4543555	4356727	-	NA	tandem_duplication	NA	NA	22201	INRA_BovSV3411		Region	NA	NA	NA	NA	NA	.	Pindel software (parameters : --max_range_index 9 ; --min_perfect_match_around_BP 30)	INRA_BovSV3411	SO:1000173	NA
BND00000932	28	504495	C	C[9:10886485[	557	PASS	TRUE	BND	9	504496	8	60	3to5	-22,22	-22,22	60	0	21	3	0.982301	CTGGAGGAGTGCGGACCACAGGTAAGGGAACTGGGACTGCGTAGAGCAGGGAACCACATATTCCATTCTCGGAGCTCCCCAACCTGGCGGTCGCAGAAAGGCCTCACCTTTGG	1.96363	NA	10886485	28	186829	4543555	4356727	-	NA	tandem_duplication	NA	NA	22192	INRA_BovSV3407_1		Region	esv3899777	INRA_MON0009	INRA_BovSV3407_1	2683470	SO:1000173	.	NA	NA	NA	NA
BND00000932	28	504495	C	C[9:10886485[	557	PASS	TRUE	BND	9	504496	8	60	3to5	-22,22	-22,22	60	0	21	3	0.982301	CTGGAGGAGTGCGGACCACAGGTAAGGGAACTGGGACTGCGTAGAGCAGGGAACCACATATTCCATTCTCGGAGCTCCCCAACCTGGCGGTCGCAGAAAGGCCTCACCTTTGG	1.96363	NA	10886485	28	186829	4543555	4356727	-	NA	tandem_duplication	NA	NA	22193	INRA_BovSV3407		Region	NA	NA	NA	NA	NA	.	Pindel software (parameters : --max_range_index 9 ; --min_perfect_match_around_BP 30)	INRA_BovSV3407	SO:1000173	NA
BND00000932	28	504495	C	C[9:10886485[	557	PASS	TRUE	BND	9	504496	8	60	3to5	-22,22	-22,22	60	0	21	3	0.982301	CTGGAGGAGTGCGGACCACAGGTAAGGGAACTGGGACTGCGTAGAGCAGGGAACCACATATTCCATTCTCGGAGCTCCCCAACCTGGCGGTCGCAGAAAGGCCTCACCTTTGG	1.96363	NA	10886485	28	186829	4543555	4356727	-	NA	tandem_duplication	NA	NA	22190	INRA_BovSV3392_1		Region	esv3899776	INRA_MON0007	INRA_BovSV3392_1	2683339	SO:1000173	.	NA	NA	NA	NA
BND00000932	28	504495	C	C[9:10886485[	557	PASS	TRUE	BND	9	504496	8	60	3to5	-22,22	-22,22	60	0	21	3	0.982301	CTGGAGGAGTGCGGACCACAGGTAAGGGAACTGGGACTGCGTAGAGCAGGGAACCACATATTCCATTCTCGGAGCTCCCCAACCTGGCGGTCGCAGAAAGGCCTCACCTTTGG	1.96363	NA	10886485	28	186829	4543555	4356727	-	NA	tandem_duplication	NA	NA	22191	INRA_BovSV3392		Region	NA	NA	NA	NA	NA	.	Pindel software (parameters : --max_range_index 9 ; --min_perfect_match_around_BP 30)	INRA_BovSV3392	SO:1000173	NA
BND00000932	28	504495	C	C[9:10886485[	557	PASS	TRUE	BND	9	504496	8	60	3to5	-22,22	-22,22	60	0	21	3	0.982301	CTGGAGGAGTGCGGACCACAGGTAAGGGAACTGGGACTGCGTAGAGCAGGGAACCACATATTCCATTCTCGGAGCTCCCCAACCTGGCGGTCGCAGAAAGGCCTCACCTTTGG	1.96363	NA	10886485	28	186829	4543555	4356727	-	NA	deletion	NA	NA	22198	INRA_BovSV894_1		Region	esv3895222	INRA_NOR0008	INRA_BovSV894_1	2716007	SO:0000159	-	NA	NA	NA	NA
BND00000932	28	504495	C	C[9:10886485[	557	PASS	TRUE	BND	9	504496	8	60	3to5	-22,22	-22,22	60	0	21	3	0.982301	CTGGAGGAGTGCGGACCACAGGTAAGGGAACTGGGACTGCGTAGAGCAGGGAACCACATATTCCATTCTCGGAGCTCCCCAACCTGGCGGTCGCAGAAAGGCCTCACCTTTGG	1.96363	NA	10886485	28	186829	4543555	4356727	-	NA	deletion	NA	NA	22185-2	INRA_BovSV893_2		Region	esv3895221	INRA_MON0005	INRA_BovSV893_2	2684890	SO:0000159	-	NA	NA	NA	NA
BND00000932	28	504495	C	C[9:10886485[	557	PASS	TRUE	BND	9	504496	8	60	3to5	-22,22	-22,22	60	0	21	3	0.982301	CTGGAGGAGTGCGGACCACAGGTAAGGGAACTGGGACTGCGTAGAGCAGGGAACCACATATTCCATTCTCGGAGCTCCCCAACCTGGCGGTCGCAGAAAGGCCTCACCTTTGG	1.96363	NA	10886485	28	186829	4543555	4356727	-	NA	deletion	NA	NA	22186-2	INRA_BovSV893_1		Region	esv3895221	INRA_HOL0026	INRA_BovSV893_1	2684890	SO:0000159	-	NA	NA	NA	NA
BND00000932	28	504495	C	C[9:10886485[	557	PASS	TRUE	BND	9	504496	8	60	3to5	-22,22	-22,22	60	0	21	3	0.982301	CTGGAGGAGTGCGGACCACAGGTAAGGGAACTGGGACTGCGTAGAGCAGGGAACCACATATTCCATTCTCGGAGCTCCCCAACCTGGCGGTCGCAGAAAGGCCTCACCTTTGG	1.96363	NA	10886485	28	186829	4543555	4356727	-	NA	deletion	NA	NA	22203	INRA_BovSV887_2		Region	esv3895215	INRA_NOR0010	INRA_BovSV887_2	2715882	SO:0000159	-	NA	NA	NA	NA
BND00000932	28	504495	C	C[9:10886485[	557	PASS	TRUE	BND	9	504496	8	60	3to5	-22,22	-22,22	60	0	21	3	0.982301	CTGGAGGAGTGCGGACCACAGGTAAGGGAACTGGGACTGCGTAGAGCAGGGAACCACATATTCCATTCTCGGAGCTCCCCAACCTGGCGGTCGCAGAAAGGCCTCACCTTTGG	1.96363	NA	10886485	28	359800	539613	179814	-	NA	inversion	NA	NA	22224	INRA_BovSV1354		Region	NA	NA	NA	NA	NA	.	Pindel software (parameters : --max_range_index 9 ; --min_perfect_match_around_BP 30)	INRA_BovSV1354	SO:1000036	NA
BND00000932	28	504495	C	C[9:10886485[	557	PASS	TRUE	BND	9	504496	8	60	3to5	-22,22	-22,22	60	0	21	3	0.982301	CTGGAGGAGTGCGGACCACAGGTAAGGGAACTGGGACTGCGTAGAGCAGGGAACCACATATTCCATTCTCGGAGCTCCCCAACCTGGCGGTCGCAGAAAGGCCTCACCTTTGG	1.96363	NA	10886485	28	359800	539613	179814	-	NA	inversion	NA	NA	22225	INRA_BovSV1354_1		Region	esv3898010	INRA_HOL0017	INRA_BovSV1354_1	136440	SO:1000036	.	NA	NA	NA	NA
BND00000932	28	504495	C	C[9:10886485[	557	PASS	TRUE	BND	9	504496	8	60	3to5	-22,22	-22,22	60	0	21	3	0.982301	CTGGAGGAGTGCGGACCACAGGTAAGGGAACTGGGACTGCGTAGAGCAGGGAACCACATATTCCATTCTCGGAGCTCCCCAACCTGGCGGTCGCAGAAAGGCCTCACCTTTGG	1.96363	NA	10886485	28	359800	539613	179814	-	NA	inversion	NA	NA	22223	INRA_BovSV1354_2		Region	esv3898010	INRA_MON0002	INRA_BovSV1354_2	136440	SO:1000036	.	NA	NA	NA	NA
BND00000932	28	504495	C	C[9:10886485[	557	PASS	TRUE	BND	9	504496	8	60	3to5	-22,22	-22,22	60	0	21	3	0.982301	CTGGAGGAGTGCGGACCACAGGTAAGGGAACTGGGACTGCGTAGAGCAGGGAACCACATATTCCATTCTCGGAGCTCCCCAACCTGGCGGTCGCAGAAAGGCCTCACCTTTGG	1.96363	NA	10886485	28	359800	539613	179814	-	NA	inversion	NA	NA	22226	INRA_BovSV1354_3		Region	esv3898010	INRA_MON0006	INRA_BovSV1354_3	136440	SO:1000036	.	NA	NA	NA	NA
BND00000932	28	504495	C	C[9:10886485[	557	PASS	TRUE	BND	9	504496	8	60	3to5	-22,22	-22,22	60	0	21	3	0.982301	CTGGAGGAGTGCGGACCACAGGTAAGGGAACTGGGACTGCGTAGAGCAGGGAACCACATATTCCATTCTCGGAGCTCCCCAACCTGGCGGTCGCAGAAAGGCCTCACCTTTGG	1.96363	NA	10886485	28	486313	2669397	2183085	+	NA	tandem_duplication	NA	NA	22193-2	INRA_BovSV3407		Region	NA	NA	NA	NA	NA	.	Pindel software (parameters : --max_range_index 9 ; --min_perfect_match_around_BP 30)	INRA_BovSV3407	SO:1000173	NA
BND00000932	28	504495	C	C[9:10886485[	557	PASS	TRUE	BND	9	504496	8	60	3to5	-22,22	-22,22	60	0	21	3	0.982301	CTGGAGGAGTGCGGACCACAGGTAAGGGAACTGGGACTGCGTAGAGCAGGGAACCACATATTCCATTCTCGGAGCTCCCCAACCTGGCGGTCGCAGAAAGGCCTCACCTTTGG	1.96363	NA	10886485	28	486313	2669397	2183085	+	NA	tandem_duplication	NA	NA	22190-2	INRA_BovSV3392_1		Region	esv3899776	INRA_MON0007	INRA_BovSV3392_1	2683339	SO:1000173	.	NA	NA	NA	NA
BND00000932	28	504495	C	C[9:10886485[	557	PASS	TRUE	BND	9	504496	8	60	3to5	-22,22	-22,22	60	0	21	3	0.982301	CTGGAGGAGTGCGGACCACAGGTAAGGGAACTGGGACTGCGTAGAGCAGGGAACCACATATTCCATTCTCGGAGCTCCCCAACCTGGCGGTCGCAGAAAGGCCTCACCTTTGG	1.96363	NA	10886485	28	486313	2669397	2183085	+	NA	tandem_duplication	NA	NA	22191-2	INRA_BovSV3392		Region	NA	NA	NA	NA	NA	.	Pindel software (parameters : --max_range_index 9 ; --min_perfect_match_around_BP 30)	INRA_BovSV3392	SO:1000173	NA
BND00000932	28	504495	C	C[9:10886485[	557	PASS	TRUE	BND	9	504496	8	60	3to5	-22,22	-22,22	60	0	21	3	0.982301	CTGGAGGAGTGCGGACCACAGGTAAGGGAACTGGGACTGCGTAGAGCAGGGAACCACATATTCCATTCTCGGAGCTCCCCAACCTGGCGGTCGCAGAAAGGCCTCACCTTTGG	1.96363	NA	10886485	28	486313	2669397	2183085	+	NA	tandem_duplication	NA	NA	22192-2	INRA_BovSV3407_1		Region	esv3899777	INRA_MON0009	INRA_BovSV3407_1	2683470	SO:1000173	.	NA	NA	NA	NA
BND00000932	28	504495	C	C[9:10886485[	557	PASS	TRUE	BND	9	504496	8	60	3to5	-22,22	-22,22	60	0	21	3	0.982301	CTGGAGGAGTGCGGACCACAGGTAAGGGAACTGGGACTGCGTAGAGCAGGGAACCACATATTCCATTCTCGGAGCTCCCCAACCTGGCGGTCGCAGAAAGGCCTCACCTTTGG	1.96363	NA	10886485	28	486313	2669397	2183085	+	NA	deletion	NA	NA	22185-3	INRA_BovSV893_2		Region	esv3895221	INRA_MON0005	INRA_BovSV893_2	2684890	SO:0000159	-	NA	NA	NA	NA
BND00000932	28	504495	C	C[9:10886485[	557	PASS	TRUE	BND	9	504496	8	60	3to5	-22,22	-22,22	60	0	21	3	0.982301	CTGGAGGAGTGCGGACCACAGGTAAGGGAACTGGGACTGCGTAGAGCAGGGAACCACATATTCCATTCTCGGAGCTCCCCAACCTGGCGGTCGCAGAAAGGCCTCACCTTTGG	1.96363	NA	10886485	28	486313	2669397	2183085	+	NA	deletion	NA	NA	22186-3	INRA_BovSV893_1		Region	esv3895221	INRA_HOL0026	INRA_BovSV893_1	2684890	SO:0000159	-	NA	NA	NA	NA
BND00000932	28	504495	C	C[9:10886485[	557	PASS	TRUE	BND	9	504496	8	60	3to5	-22,22	-22,22	60	0	21	3	0.982301	CTGGAGGAGTGCGGACCACAGGTAAGGGAACTGGGACTGCGTAGAGCAGGGAACCACATATTCCATTCTCGGAGCTCCCCAACCTGGCGGTCGCAGAAAGGCCTCACCTTTGG	1.96363	NA	10886485	28	486313	2669397	2183085	+	NA	deletion	NA	NA	22188-2	INRA_BovSV884_1		Region	esv3895212	INRA_NOR0008	INRA_BovSV884_1	2705837	SO:0000159	-	NA	NA	NA	NA
BND00000932	28	504495	C	C[9:10886485[	557	PASS	TRUE	BND	9	504496	8	60	3to5	-22,22	-22,22	60	0	21	3	0.982301	CTGGAGGAGTGCGGACCACAGGTAAGGGAACTGGGACTGCGTAGAGCAGGGAACCACATATTCCATTCTCGGAGCTCCCCAACCTGGCGGTCGCAGAAAGGCCTCACCTTTGG	1.96363	NA	10886485	28	486313	2669397	2183085	+	NA	copy_number_variation	NA	NA	22187-3	INRA_BovSV893		Region	NA	NA	NA	NA	NA	.	Pindel software (parameters : --max_range_index 9 ; --min_perfect_match_around_BP 30)	INRA_BovSV893	SO:0001019	NA
BND00000932	28	504495	C	C[9:10886485[	557	PASS	TRUE	BND	9	504496	8	60	3to5	-22,22	-22,22	60	0	21	3	0.982301	CTGGAGGAGTGCGGACCACAGGTAAGGGAACTGGGACTGCGTAGAGCAGGGAACCACATATTCCATTCTCGGAGCTCCCCAACCTGGCGGTCGCAGAAAGGCCTCACCTTTGG	1.96363	NA	10886485	28	486313	2669397	2183085	+	NA	copy_number_variation	NA	NA	22189-2	INRA_BovSV884		Region	NA	NA	NA	NA	NA	.	Pindel software (parameters : --max_range_index 9 ; --min_perfect_match_around_BP 30)	INRA_BovSV884	SO:0001019	NA
BND00000932	28	504495	C	C[9:10886485[	557	PASS	TRUE	BND	9	504496	8	60	3to5	-22,22	-22,22	60	0	21	3	0.982301	CTGGAGGAGTGCGGACCACAGGTAAGGGAACTGGGACTGCGTAGAGCAGGGAACCACATATTCCATTCTCGGAGCTCCCCAACCTGGCGGTCGCAGAAAGGCCTCACCTTTGG	1.96363	NA	10886485	28	496367	506401	10035	-	NA	inversion	NA	NA	22227	INRA_BovSV1355_1		Region	esv3898011	INRA_HOL0008	INRA_BovSV1355_1	17229	SO:1000036	.	NA	NA	NA	NA
BND00000932	28	504495	C	C[9:10886485[	557	PASS	TRUE	BND	9	504496	8	60	3to5	-22,22	-22,22	60	0	21	3	0.982301	CTGGAGGAGTGCGGACCACAGGTAAGGGAACTGGGACTGCGTAGAGCAGGGAACCACATATTCCATTCTCGGAGCTCCCCAACCTGGCGGTCGCAGAAAGGCCTCACCTTTGG	1.96363	NA	10886485	28	496367	506401	10035	-	NA	inversion	NA	NA	22228	INRA_BovSV1355		Region	NA	NA	NA	NA	NA	.	Pindel software (parameters : --max_range_index 9 ; --min_perfect_match_around_BP 30)	INRA_BovSV1355	SO:1000036	NA
