SV_ID	SV_CHROM	SV_START	REF	ALT	QUAL	FILTER	PRECISE	SVTYPE	CHR2	SV_END	PE	MAPQ	CT	CIPOS	CIEND	SRMAPQ	INSLEN	HOMLEN	SR	SRQ	CONSENSUS	CE	SVLEN	POS2	DATASET_CHROM	DATASET_START	DATASET_END	DATASET_SV_LENGTH	DATSET_STRAND	DATASET_SOURCE	DATASET_SV_TYPE	score	phase	DATSET_ID	Alias	Name	assertion_method	end_range	gbkey	remap_score	start_range	submitter_variant_region_id	variant_region_so_id	variant_seq	breakpoint_detail	breakpoint_range	mate_id	parent	sample_name	submitter_variant_call_id	variant_call_so_id	part
DUP00000231	6	5432986	T	<DUP>	3900	PASS	TRUE	DUP	NA	5800660	49	60	5to3	-1,1	-1,1	60	0	0	16	0.974874	CACATTATGGGCACAGCCCTTTACCCTGTACTTATCAGAGAGCTTTGCTAGAACAGCATCCAGCCAGGCTGCAGAGCACGGACCTGTTGTAAGTATAGGTGGTGCCAGTCTGTAATGTTTTTATGTTCAAAGTTTTCTAAAATTGGCACTGTTTAAAATTTAAGACTGAAAACAACAGTAATGTAAGTAACAGTTGG	1.97272	NA	NA	6	5434643	5800662	366020	+	NA	copy_number_loss	NA	NA	1693	876		NA	.	Region	2.08089	5860976	NA	NA	.	6:6475638:+	:6475638	nssv1461322	nsv616169	RedAngus8	876	SO:0001743	NA
DUP00000231	6	5432986	T	<DUP>	3900	PASS	TRUE	DUP	NA	5800660	49	60	5to3	-1,1	-1,1	60	0	0	16	0.974874	CACATTATGGGCACAGCCCTTTACCCTGTACTTATCAGAGAGCTTTGCTAGAACAGCATCCAGCCAGGCTGCAGAGCACGGACCTGTTGTAAGTATAGGTGGTGCCAGTCTGTAATGTTTTTATGTTCAAAGTTTTCTAAAATTGGCACTGTTTAAAATTTAAGACTGAAAACAACAGTAATGTAAGTAACAGTTGG	1.97272	NA	NA	6	5434643	5800662	366020	+	NA	copy_number_variation	NA	NA	1694	139		Calls with overlapping coordinates were merged	.	Region	2.08089	5860976	139	SO:0001019	.	NA	NA	NA	NA	NA	NA	NA	NA
DUP00000231	6	5432986	T	<DUP>	3900	PASS	TRUE	DUP	NA	5800660	49	60	5to3	-1,1	-1,1	60	0	0	16	0.974874	CACATTATGGGCACAGCCCTTTACCCTGTACTTATCAGAGAGCTTTGCTAGAACAGCATCCAGCCAGGCTGCAGAGCACGGACCTGTTGTAAGTATAGGTGGTGCCAGTCTGTAATGTTTTTATGTTCAAAGTTTTCTAAAATTGGCACTGTTTAAAATTTAAGACTGAAAACAACAGTAATGTAAGTAACAGTTGG	1.97272	NA	NA	6	5434643	5800662	366020	+	NA	copy_number_loss	NA	NA	1691	876		NA	.	Region	2.08089	5860976	NA	NA	.	6:6669000:+	:6669000	nssv1461322	nsv616169	RedAngus8	876	SO:0001743	NA
DUP00000231	6	5432986	T	<DUP>	3900	PASS	TRUE	DUP	NA	5800660	49	60	5to3	-1,1	-1,1	60	0	0	16	0.974874	CACATTATGGGCACAGCCCTTTACCCTGTACTTATCAGAGAGCTTTGCTAGAACAGCATCCAGCCAGGCTGCAGAGCACGGACCTGTTGTAAGTATAGGTGGTGCCAGTCTGTAATGTTTTTATGTTCAAAGTTTTCTAAAATTGGCACTGTTTAAAATTTAAGACTGAAAACAACAGTAATGTAAGTAACAGTTGG	1.97272	NA	NA	6	5434643	5800662	366020	+	NA	copy_number_loss	NA	NA	1692	876		NA	.	Region	2.08089	5860976	NA	NA	.	6:6535186:+	:6535186	nssv1461322	nsv616169	RedAngus8	876	SO:0001743	NA
DEL00000651	15	45861980	T	<DEL>	180	PASS	TRUE	DEL	NA	45862259	0	0	3to5	-1,1	-1,1	60	0	0	3	0.979798	GGTGTTTATATTCTCCATCTACTGCCAAAGTAGGATTTACCTTTATGTGCACATTTAAGGACTGCAAACATTAAGAGTATTTGAGAGGGTATAGAGT	1.93096	NA	NA	15	45810086	46399081	588996	+	NA	copy_number_gain	NA	NA	6216	75		NA	.	Region	2.08859	46442503	NA	NA	.	15:47236486:+	:47236486	nssv1184672	nsv616058	Romosinuano1	75	SO:0001742	NA
DEL00000651	15	45861980	T	<DEL>	180	PASS	TRUE	DEL	NA	45862259	0	0	3to5	-1,1	-1,1	60	0	0	3	0.979798	GGTGTTTATATTCTCCATCTACTGCCAAAGTAGGATTTACCTTTATGTGCACATTTAAGGACTGCAAACATTAAGAGTATTTGAGAGGGTATAGAGT	1.93096	NA	NA	15	45810086	46399081	588996	+	NA	copy_number_variation	NA	NA	6217	28		Calls with overlapping coordinates were merged	.	Region	1.84408	46442503	28	SO:0001019	.	NA	NA	NA	NA	NA	NA	NA	NA
DEL00000651	15	45861980	T	<DEL>	180	PASS	TRUE	DEL	NA	45862259	0	0	3to5	-1,1	-1,1	60	0	0	3	0.979798	GGTGTTTATATTCTCCATCTACTGCCAAAGTAGGATTTACCTTTATGTGCACATTTAAGGACTGCAAACATTAAGAGTATTTGAGAGGGTATAGAGT	1.93096	NA	NA	15	45810086	46399081	588996	+	NA	copy_number_gain	NA	NA	6214	75		NA	.	Region	2.08859	46442503	NA	NA	.	15:47019496:+	:47019496	nssv1184672	nsv616058	Romosinuano1	75	SO:0001742	NA
DEL00000651	15	45861980	T	<DEL>	180	PASS	TRUE	DEL	NA	45862259	0	0	3to5	-1,1	-1,1	60	0	0	3	0.979798	GGTGTTTATATTCTCCATCTACTGCCAAAGTAGGATTTACCTTTATGTGCACATTTAAGGACTGCAAACATTAAGAGTATTTGAGAGGGTATAGAGT	1.93096	NA	NA	15	45810086	46399081	588996	+	NA	copy_number_gain	NA	NA	6215	75		NA	.	Region	2.08859	46442503	NA	NA	.	15:45263370:+	:45263370	nssv1184672	nsv616058	Romosinuano1	75	SO:0001742	NA
DEL00000651	15	45861980	T	<DEL>	180	PASS	TRUE	DEL	NA	45862259	0	0	3to5	-1,1	-1,1	60	0	0	3	0.979798	GGTGTTTATATTCTCCATCTACTGCCAAAGTAGGATTTACCTTTATGTGCACATTTAAGGACTGCAAACATTAAGAGTATTTGAGAGGGTATAGAGT	1.93096	NA	NA	15	45819731	46360058	540328	+	NA	copy_number_variation	NA	NA	6217-2	28		Calls with overlapping coordinates were merged	.	Region	1.84408	46442503	28	SO:0001019	.	NA	NA	NA	NA	NA	NA	NA	NA
DEL00000651	15	45861980	T	<DEL>	180	PASS	TRUE	DEL	NA	45862259	0	0	3to5	-1,1	-1,1	60	0	0	3	0.979798	GGTGTTTATATTCTCCATCTACTGCCAAAGTAGGATTTACCTTTATGTGCACATTTAAGGACTGCAAACATTAAGAGTATTTGAGAGGGTATAGAGT	1.93096	NA	NA	15	45819731	46360058	540328	+	NA	copy_number_gain	NA	NA	6216-2	75		NA	.	Region	2.08859	46442503	NA	NA	.	15:47236486:+	:47236486	nssv1184672	nsv616058	Romosinuano1	75	SO:0001742	NA
DEL00000651	15	45861980	T	<DEL>	180	PASS	TRUE	DEL	NA	45862259	0	0	3to5	-1,1	-1,1	60	0	0	3	0.979798	GGTGTTTATATTCTCCATCTACTGCCAAAGTAGGATTTACCTTTATGTGCACATTTAAGGACTGCAAACATTAAGAGTATTTGAGAGGGTATAGAGT	1.93096	NA	NA	15	45819731	46360058	540328	+	NA	copy_number_gain	NA	NA	6214-2	75		NA	.	Region	2.08859	46442503	NA	NA	.	15:47019496:+	:47019496	nssv1184672	nsv616058	Romosinuano1	75	SO:0001742	NA
DEL00000651	15	45861980	T	<DEL>	180	PASS	TRUE	DEL	NA	45862259	0	0	3to5	-1,1	-1,1	60	0	0	3	0.979798	GGTGTTTATATTCTCCATCTACTGCCAAAGTAGGATTTACCTTTATGTGCACATTTAAGGACTGCAAACATTAAGAGTATTTGAGAGGGTATAGAGT	1.93096	NA	NA	15	45819731	46360058	540328	+	NA	copy_number_gain	NA	NA	6215-2	75		NA	.	Region	2.08859	46442503	NA	NA	.	15:45263370:+	:45263370	nssv1184672	nsv616058	Romosinuano1	75	SO:0001742	NA
DEL00000908	23	25715896	T	<DEL>	180	PASS	TRUE	DEL	NA	25715963	0	0	3to5	-5,5	-5,5	60	0	5	3	0.960396	GGGATTGCCAAGAATTCTCCCCTTTTGGTTTTAAGCATAATTTAGATAGGTGTAGAGTGCTATAAGGGCTTTCCAGGTGGCGCTACCCCCTGCCAATTT	1.979	NA	NA	23	25437088	26441088	1004001	+	NA	copy_number_variation	NA	NA	9887	77		Calls with overlapping coordinates were merged	.	Region	2.43605	25192066	77	SO:0001019	.	NA	NA	NA	NA	NA	NA	NA	NA
DEL00000908	23	25715896	T	<DEL>	180	PASS	TRUE	DEL	NA	25715963	0	0	3to5	-5,5	-5,5	60	0	5	3	0.960396	GGGATTGCCAAGAATTCTCCCCTTTTGGTTTTAAGCATAATTTAGATAGGTGTAGAGTGCTATAAGGGCTTTCCAGGTGGCGCTACCCCCTGCCAATTT	1.979	NA	NA	23	25437088	26441088	1004001	+	NA	copy_number_loss	NA	NA	9879	448		NA	.	Region	2.90033	25192066	NA	NA	.	23:26310542:+	:26310542	nssv1461074	nsv616107	Limousin6	448	SO:0001743	NA
DEL00000908	23	25715896	T	<DEL>	180	PASS	TRUE	DEL	NA	25715963	0	0	3to5	-5,5	-5,5	60	0	5	3	0.960396	GGGATTGCCAAGAATTCTCCCCTTTTGGTTTTAAGCATAATTTAGATAGGTGTAGAGTGCTATAAGGGCTTTCCAGGTGGCGCTACCCCCTGCCAATTT	1.979	NA	NA	23	25437088	26441088	1004001	+	NA	copy_number_loss	NA	NA	9880	448		NA	.	Region	2.90033	25192066	NA	NA	.	23:25930382:+	:25930382	nssv1461074	nsv616107	Limousin6	448	SO:0001743	NA
DEL00000908	23	25715896	T	<DEL>	180	PASS	TRUE	DEL	NA	25715963	0	0	3to5	-5,5	-5,5	60	0	5	3	0.960396	GGGATTGCCAAGAATTCTCCCCTTTTGGTTTTAAGCATAATTTAGATAGGTGTAGAGTGCTATAAGGGCTTTCCAGGTGGCGCTACCCCCTGCCAATTT	1.979	NA	NA	23	25437088	26441088	1004001	+	NA	copy_number_loss	NA	NA	9878	448		NA	.	Region	2.90033	25192066	NA	NA	.	23:25879167:+	:25879167	nssv1461074	nsv616107	Limousin6	448	SO:0001743	NA
DEL00000908	23	25715896	T	<DEL>	180	PASS	TRUE	DEL	NA	25715963	0	0	3to5	-5,5	-5,5	60	0	5	3	0.960396	GGGATTGCCAAGAATTCTCCCCTTTTGGTTTTAAGCATAATTTAGATAGGTGTAGAGTGCTATAAGGGCTTTCCAGGTGGCGCTACCCCCTGCCAATTT	1.979	NA	NA	23	25437088	26441088	1004001	+	NA	copy_number_loss	NA	NA	9885	419		NA	.	Region	3.81721	25192066	NA	NA	.	23:26271000:+	:26271000	nssv1461523	nsv616107	Angus8	419	SO:0001743	NA
DEL00000908	23	25715896	T	<DEL>	180	PASS	TRUE	DEL	NA	25715963	0	0	3to5	-5,5	-5,5	60	0	5	3	0.960396	GGGATTGCCAAGAATTCTCCCCTTTTGGTTTTAAGCATAATTTAGATAGGTGTAGAGTGCTATAAGGGCTTTCCAGGTGGCGCTACCCCCTGCCAATTT	1.979	NA	NA	23	25437088	26441088	1004001	+	NA	copy_number_loss	NA	NA	9884	419		NA	.	Region	3.81721	25192066	NA	NA	.	23:25930382:+	:25930382	nssv1461523	nsv616107	Angus8	419	SO:0001743	NA
DEL00000908	23	25715896	T	<DEL>	180	PASS	TRUE	DEL	NA	25715963	0	0	3to5	-5,5	-5,5	60	0	5	3	0.960396	GGGATTGCCAAGAATTCTCCCCTTTTGGTTTTAAGCATAATTTAGATAGGTGTAGAGTGCTATAAGGGCTTTCCAGGTGGCGCTACCCCCTGCCAATTT	1.979	NA	NA	23	25437088	26441088	1004001	+	NA	copy_number_loss	NA	NA	9886	419		NA	.	Region	3.81721	25192066	NA	NA	.	23:25879167:+	:25879167	nssv1461523	nsv616107	Angus8	419	SO:0001743	NA
DEL00000908	23	25715896	T	<DEL>	180	PASS	TRUE	DEL	NA	25715963	0	0	3to5	-5,5	-5,5	60	0	5	3	0.960396	GGGATTGCCAAGAATTCTCCCCTTTTGGTTTTAAGCATAATTTAGATAGGTGTAGAGTGCTATAAGGGCTTTCCAGGTGGCGCTACCCCCTGCCAATTT	1.979	NA	NA	23	25437088	25747666	310579	+	NA	copy_number_loss	NA	NA	9881	426		NA	.	Region	2.05063	25192066	NA	NA	.	23:25493159:+	:25493159	nssv1461268	nsv616107	Hereford12	426	SO:0001743	NA
DEL00000908	23	25715896	T	<DEL>	180	PASS	TRUE	DEL	NA	25715963	0	0	3to5	-5,5	-5,5	60	0	5	3	0.960396	GGGATTGCCAAGAATTCTCCCCTTTTGGTTTTAAGCATAATTTAGATAGGTGTAGAGTGCTATAAGGGCTTTCCAGGTGGCGCTACCCCCTGCCAATTT	1.979	NA	NA	23	25437088	25747666	310579	+	NA	copy_number_loss	NA	NA	9883	426		NA	.	Region	2.05063	25192066	NA	NA	.	23:25541697:+	:25541697	nssv1461268	nsv616107	Hereford12	426	SO:0001743	NA
DEL00000908	23	25715896	T	<DEL>	180	PASS	TRUE	DEL	NA	25715963	0	0	3to5	-5,5	-5,5	60	0	5	3	0.960396	GGGATTGCCAAGAATTCTCCCCTTTTGGTTTTAAGCATAATTTAGATAGGTGTAGAGTGCTATAAGGGCTTTCCAGGTGGCGCTACCCCCTGCCAATTT	1.979	NA	NA	23	25437088	25747666	310579	+	NA	copy_number_loss	NA	NA	9882	426		NA	.	Region	2.05063	25192066	NA	NA	.	23:26246477:+	:26246477	nssv1461268	nsv616107	Hereford12	426	SO:0001743	NA
DEL00000908	23	25715896	T	<DEL>	180	PASS	TRUE	DEL	NA	25715963	0	0	3to5	-5,5	-5,5	60	0	5	3	0.960396	GGGATTGCCAAGAATTCTCCCCTTTTGGTTTTAAGCATAATTTAGATAGGTGTAGAGTGCTATAAGGGCTTTCCAGGTGGCGCTACCCCCTGCCAATTT	1.979	NA	NA	23	25557719	26441088	883370	+	NA	copy_number_loss	NA	NA	9898	667		NA	.	Region	3.14709	25312689	NA	NA	.	23:26343000:+	:26343000	nssv1461709	nsv616107	Angus10	667	SO:0001743	NA
DEL00000908	23	25715896	T	<DEL>	180	PASS	TRUE	DEL	NA	25715963	0	0	3to5	-5,5	-5,5	60	0	5	3	0.960396	GGGATTGCCAAGAATTCTCCCCTTTTGGTTTTAAGCATAATTTAGATAGGTGTAGAGTGCTATAAGGGCTTTCCAGGTGGCGCTACCCCCTGCCAATTT	1.979	NA	NA	23	25557719	26441088	883370	+	NA	copy_number_loss	NA	NA	9900	667		NA	.	Region	3.14709	25312689	NA	NA	.	23:25930382:+	:25930382	nssv1461709	nsv616107	Angus10	667	SO:0001743	NA
DEL00000908	23	25715896	T	<DEL>	180	PASS	TRUE	DEL	NA	25715963	0	0	3to5	-5,5	-5,5	60	0	5	3	0.960396	GGGATTGCCAAGAATTCTCCCCTTTTGGTTTTAAGCATAATTTAGATAGGTGTAGAGTGCTATAAGGGCTTTCCAGGTGGCGCTACCCCCTGCCAATTT	1.979	NA	NA	23	25557719	26441088	883370	+	NA	copy_number_loss	NA	NA	9899	667		NA	.	Region	3.14709	25312689	NA	NA	.	23:25879167:+	:25879167	nssv1461709	nsv616107	Angus10	667	SO:0001743	NA
DEL00000908	23	25715896	T	<DEL>	180	PASS	TRUE	DEL	NA	25715963	0	0	3to5	-5,5	-5,5	60	0	5	3	0.960396	GGGATTGCCAAGAATTCTCCCCTTTTGGTTTTAAGCATAATTTAGATAGGTGTAGAGTGCTATAAGGGCTTTCCAGGTGGCGCTACCCCCTGCCAATTT	1.979	NA	NA	23	25575718	25747666	171949	+	NA	copy_number_loss	NA	NA	9903	990		NA	.	Region	2.25618	25330713	NA	NA	.	23:26253000:+	:26253000	nssv1461543	nsv616107	Guzerat3	990	SO:0001743	NA
DEL00000908	23	25715896	T	<DEL>	180	PASS	TRUE	DEL	NA	25715963	0	0	3to5	-5,5	-5,5	60	0	5	3	0.960396	GGGATTGCCAAGAATTCTCCCCTTTTGGTTTTAAGCATAATTTAGATAGGTGTAGAGTGCTATAAGGGCTTTCCAGGTGGCGCTACCCCCTGCCAATTT	1.979	NA	NA	23	25575718	25747666	171949	+	NA	copy_number_loss	NA	NA	9901	990		NA	.	Region	2.25618	25330713	NA	NA	.	23:25493159:+	:25493159	nssv1461543	nsv616107	Guzerat3	990	SO:0001743	NA
DEL00000908	23	25715896	T	<DEL>	180	PASS	TRUE	DEL	NA	25715963	0	0	3to5	-5,5	-5,5	60	0	5	3	0.960396	GGGATTGCCAAGAATTCTCCCCTTTTGGTTTTAAGCATAATTTAGATAGGTGTAGAGTGCTATAAGGGCTTTCCAGGTGGCGCTACCCCCTGCCAATTT	1.979	NA	NA	23	25575718	25747666	171949	+	NA	copy_number_loss	NA	NA	9902	990		NA	.	Region	2.25618	25330713	NA	NA	.	23:25541697:+	:25541697	nssv1461543	nsv616107	Guzerat3	990	SO:0001743	NA
DEL00000908	23	25715896	T	<DEL>	180	PASS	TRUE	DEL	NA	25715963	0	0	3to5	-5,5	-5,5	60	0	5	3	0.960396	GGGATTGCCAAGAATTCTCCCCTTTTGGTTTTAAGCATAATTTAGATAGGTGTAGAGTGCTATAAGGGCTTTCCAGGTGGCGCTACCCCCTGCCAATTT	1.979	NA	NA	23	25582898	26441088	858191	+	NA	copy_number_loss	NA	NA	9914	397		NA	.	Region	3.99318	25350659	NA	NA	.	23:25879167:+	:25879167	nssv1461357	nsv616107	Brahman1	397	SO:0001743	NA
DEL00000908	23	25715896	T	<DEL>	180	PASS	TRUE	DEL	NA	25715963	0	0	3to5	-5,5	-5,5	60	0	5	3	0.960396	GGGATTGCCAAGAATTCTCCCCTTTTGGTTTTAAGCATAATTTAGATAGGTGTAGAGTGCTATAAGGGCTTTCCAGGTGGCGCTACCCCCTGCCAATTT	1.979	NA	NA	23	25582898	26441088	858191	+	NA	copy_number_loss	NA	NA	9913	397		NA	.	Region	3.99318	25350659	NA	NA	.	23:26321440:+	:26321440	nssv1461357	nsv616107	Brahman1	397	SO:0001743	NA
DEL00000908	23	25715896	T	<DEL>	180	PASS	TRUE	DEL	NA	25715963	0	0	3to5	-5,5	-5,5	60	0	5	3	0.960396	GGGATTGCCAAGAATTCTCCCCTTTTGGTTTTAAGCATAATTTAGATAGGTGTAGAGTGCTATAAGGGCTTTCCAGGTGGCGCTACCCCCTGCCAATTT	1.979	NA	NA	23	25582898	26441088	858191	+	NA	copy_number_loss	NA	NA	9915	397		NA	.	Region	3.99318	25350659	NA	NA	.	NA	NA	nssv1461357	nsv616107	Brahman1	397	SO:0001743	NA
DEL00000908	23	25715896	T	<DEL>	180	PASS	TRUE	DEL	NA	25715963	0	0	3to5	-5,5	-5,5	60	0	5	3	0.960396	GGGATTGCCAAGAATTCTCCCCTTTTGGTTTTAAGCATAATTTAGATAGGTGTAGAGTGCTATAAGGGCTTTCCAGGTGGCGCTACCCCCTGCCAATTT	1.979	NA	NA	23	25582973	26441088	858116	+	NA	copy_number_loss	NA	NA	9916	747		NA	.	Region	3.93745	25350734	NA	NA	.	23:26323369:+	:26323369	nssv1461710	nsv616107	Angus6	747	SO:0001743	NA
DEL00000908	23	25715896	T	<DEL>	180	PASS	TRUE	DEL	NA	25715963	0	0	3to5	-5,5	-5,5	60	0	5	3	0.960396	GGGATTGCCAAGAATTCTCCCCTTTTGGTTTTAAGCATAATTTAGATAGGTGTAGAGTGCTATAAGGGCTTTCCAGGTGGCGCTACCCCCTGCCAATTT	1.979	NA	NA	23	25582973	26441088	858116	+	NA	copy_number_loss	NA	NA	9942	761		NA	.	Region	3.59393	25350734	NA	NA	.	23:26336197:+	:26336197	nssv1461765	nsv616107	RedAngus3	761	SO:0001743	NA
DEL00000908	23	25715896	T	<DEL>	180	PASS	TRUE	DEL	NA	25715963	0	0	3to5	-5,5	-5,5	60	0	5	3	0.960396	GGGATTGCCAAGAATTCTCCCCTTTTGGTTTTAAGCATAATTTAGATAGGTGTAGAGTGCTATAAGGGCTTTCCAGGTGGCGCTACCCCCTGCCAATTT	1.979	NA	NA	23	25582973	26441088	858116	+	NA	copy_number_loss	NA	NA	9941	761		NA	.	Region	3.59393	25350734	NA	NA	.	23:25930382:+	:25930382	nssv1461765	nsv616107	RedAngus3	761	SO:0001743	NA
DEL00000908	23	25715896	T	<DEL>	180	PASS	TRUE	DEL	NA	25715963	0	0	3to5	-5,5	-5,5	60	0	5	3	0.960396	GGGATTGCCAAGAATTCTCCCCTTTTGGTTTTAAGCATAATTTAGATAGGTGTAGAGTGCTATAAGGGCTTTCCAGGTGGCGCTACCCCCTGCCAATTT	1.979	NA	NA	23	25582973	26441088	858116	+	NA	copy_number_loss	NA	NA	9940	761		NA	.	Region	3.59393	25350734	NA	NA	.	23:25879167:+	:25879167	nssv1461765	nsv616107	RedAngus3	761	SO:0001743	NA
DEL00000908	23	25715896	T	<DEL>	180	PASS	TRUE	DEL	NA	25715963	0	0	3to5	-5,5	-5,5	60	0	5	3	0.960396	GGGATTGCCAAGAATTCTCCCCTTTTGGTTTTAAGCATAATTTAGATAGGTGTAGAGTGCTATAAGGGCTTTCCAGGTGGCGCTACCCCCTGCCAATTT	1.979	NA	NA	23	25582973	26441088	858116	+	NA	copy_number_loss	NA	NA	9918	747		NA	.	Region	3.93745	25350734	NA	NA	.	23:25930382:+	:25930382	nssv1461710	nsv616107	Angus6	747	SO:0001743	NA
DEL00000908	23	25715896	T	<DEL>	180	PASS	TRUE	DEL	NA	25715963	0	0	3to5	-5,5	-5,5	60	0	5	3	0.960396	GGGATTGCCAAGAATTCTCCCCTTTTGGTTTTAAGCATAATTTAGATAGGTGTAGAGTGCTATAAGGGCTTTCCAGGTGGCGCTACCCCCTGCCAATTT	1.979	NA	NA	23	25582973	26441088	858116	+	NA	copy_number_loss	NA	NA	9917	747		NA	.	Region	3.93745	25350734	NA	NA	.	23:25879167:+	:25879167	nssv1461710	nsv616107	Angus6	747	SO:0001743	NA
DEL00000908	23	25715896	T	<DEL>	180	PASS	TRUE	DEL	NA	25715963	0	0	3to5	-5,5	-5,5	60	0	5	3	0.960396	GGGATTGCCAAGAATTCTCCCCTTTTGGTTTTAAGCATAATTTAGATAGGTGTAGAGTGCTATAAGGGCTTTCCAGGTGGCGCTACCCCCTGCCAATTT	1.979	NA	NA	23	25582973	26441088	858116	+	NA	copy_number_loss	NA	NA	9922	651		NA	.	Region	3.17319	25350734	NA	NA	.	23:26355693:+	:26355693	nssv1461501	nsv616107	Charolais10	651	SO:0001743	NA
DEL00000908	23	25715896	T	<DEL>	180	PASS	TRUE	DEL	NA	25715963	0	0	3to5	-5,5	-5,5	60	0	5	3	0.960396	GGGATTGCCAAGAATTCTCCCCTTTTGGTTTTAAGCATAATTTAGATAGGTGTAGAGTGCTATAAGGGCTTTCCAGGTGGCGCTACCCCCTGCCAATTT	1.979	NA	NA	23	25582973	26441088	858116	+	NA	copy_number_loss	NA	NA	9923	651		NA	.	Region	3.17319	25350734	NA	NA	.	23:25930382:+	:25930382	nssv1461501	nsv616107	Charolais10	651	SO:0001743	NA
DEL00000908	23	25715896	T	<DEL>	180	PASS	TRUE	DEL	NA	25715963	0	0	3to5	-5,5	-5,5	60	0	5	3	0.960396	GGGATTGCCAAGAATTCTCCCCTTTTGGTTTTAAGCATAATTTAGATAGGTGTAGAGTGCTATAAGGGCTTTCCAGGTGGCGCTACCCCCTGCCAATTT	1.979	NA	NA	23	25582973	26441088	858116	+	NA	copy_number_loss	NA	NA	9924	651		NA	.	Region	3.17319	25350734	NA	NA	.	23:25879167:+	:25879167	nssv1461501	nsv616107	Charolais10	651	SO:0001743	NA
DEL00000908	23	25715896	T	<DEL>	180	PASS	TRUE	DEL	NA	25715963	0	0	3to5	-5,5	-5,5	60	0	5	3	0.960396	GGGATTGCCAAGAATTCTCCCCTTTTGGTTTTAAGCATAATTTAGATAGGTGTAGAGTGCTATAAGGGCTTTCCAGGTGGCGCTACCCCCTGCCAATTT	1.979	NA	NA	23	25582973	26441088	858116	+	NA	copy_number_loss	NA	NA	9926	579		NA	.	Region	3.59393	25350734	NA	NA	.	23:26336197:+	:26336197	nssv1461407	nsv616107	Simmental5	579	SO:0001743	NA
DEL00000908	23	25715896	T	<DEL>	180	PASS	TRUE	DEL	NA	25715963	0	0	3to5	-5,5	-5,5	60	0	5	3	0.960396	GGGATTGCCAAGAATTCTCCCCTTTTGGTTTTAAGCATAATTTAGATAGGTGTAGAGTGCTATAAGGGCTTTCCAGGTGGCGCTACCCCCTGCCAATTT	1.979	NA	NA	23	25582973	26441088	858116	+	NA	copy_number_loss	NA	NA	9925	579		NA	.	Region	3.59393	25350734	NA	NA	.	23:25930382:+	:25930382	nssv1461407	nsv616107	Simmental5	579	SO:0001743	NA
DEL00000908	23	25715896	T	<DEL>	180	PASS	TRUE	DEL	NA	25715963	0	0	3to5	-5,5	-5,5	60	0	5	3	0.960396	GGGATTGCCAAGAATTCTCCCCTTTTGGTTTTAAGCATAATTTAGATAGGTGTAGAGTGCTATAAGGGCTTTCCAGGTGGCGCTACCCCCTGCCAATTT	1.979	NA	NA	23	25582973	26441088	858116	+	NA	copy_number_loss	NA	NA	9927	579		NA	.	Region	3.59393	25350734	NA	NA	.	23:25879167:+	:25879167	nssv1461407	nsv616107	Simmental5	579	SO:0001743	NA
DEL00000908	23	25715896	T	<DEL>	180	PASS	TRUE	DEL	NA	25715963	0	0	3to5	-5,5	-5,5	60	0	5	3	0.960396	GGGATTGCCAAGAATTCTCCCCTTTTGGTTTTAAGCATAATTTAGATAGGTGTAGAGTGCTATAAGGGCTTTCCAGGTGGCGCTACCCCCTGCCAATTT	1.979	NA	NA	23	25584226	26445548	861323	+	NA	copy_number_loss	NA	NA	9878-2	448		NA	.	Region	2.90033	25192066	NA	NA	.	23:25879167:+	:25879167	nssv1461074	nsv616107	Limousin6	448	SO:0001743	NA
DEL00000908	23	25715896	T	<DEL>	180	PASS	TRUE	DEL	NA	25715963	0	0	3to5	-5,5	-5,5	60	0	5	3	0.960396	GGGATTGCCAAGAATTCTCCCCTTTTGGTTTTAAGCATAATTTAGATAGGTGTAGAGTGCTATAAGGGCTTTCCAGGTGGCGCTACCCCCTGCCAATTT	1.979	NA	NA	23	25584226	26445548	861323	+	NA	copy_number_variation	NA	NA	9887-2	77		Calls with overlapping coordinates were merged	.	Region	2.43605	25192066	77	SO:0001019	.	NA	NA	NA	NA	NA	NA	NA	NA
DEL00000908	23	25715896	T	<DEL>	180	PASS	TRUE	DEL	NA	25715963	0	0	3to5	-5,5	-5,5	60	0	5	3	0.960396	GGGATTGCCAAGAATTCTCCCCTTTTGGTTTTAAGCATAATTTAGATAGGTGTAGAGTGCTATAAGGGCTTTCCAGGTGGCGCTACCCCCTGCCAATTT	1.979	NA	NA	23	25584226	26445548	861323	+	NA	copy_number_loss	NA	NA	9898-2	667		NA	.	Region	3.14709	25312689	NA	NA	.	23:26343000:+	:26343000	nssv1461709	nsv616107	Angus10	667	SO:0001743	NA
DEL00000908	23	25715896	T	<DEL>	180	PASS	TRUE	DEL	NA	25715963	0	0	3to5	-5,5	-5,5	60	0	5	3	0.960396	GGGATTGCCAAGAATTCTCCCCTTTTGGTTTTAAGCATAATTTAGATAGGTGTAGAGTGCTATAAGGGCTTTCCAGGTGGCGCTACCCCCTGCCAATTT	1.979	NA	NA	23	25584226	26445548	861323	+	NA	copy_number_loss	NA	NA	9900-2	667		NA	.	Region	3.14709	25312689	NA	NA	.	23:25930382:+	:25930382	nssv1461709	nsv616107	Angus10	667	SO:0001743	NA
DEL00000908	23	25715896	T	<DEL>	180	PASS	TRUE	DEL	NA	25715963	0	0	3to5	-5,5	-5,5	60	0	5	3	0.960396	GGGATTGCCAAGAATTCTCCCCTTTTGGTTTTAAGCATAATTTAGATAGGTGTAGAGTGCTATAAGGGCTTTCCAGGTGGCGCTACCCCCTGCCAATTT	1.979	NA	NA	23	25584226	26445548	861323	+	NA	copy_number_loss	NA	NA	9899-2	667		NA	.	Region	3.14709	25312689	NA	NA	.	23:25879167:+	:25879167	nssv1461709	nsv616107	Angus10	667	SO:0001743	NA
DEL00000908	23	25715896	T	<DEL>	180	PASS	TRUE	DEL	NA	25715963	0	0	3to5	-5,5	-5,5	60	0	5	3	0.960396	GGGATTGCCAAGAATTCTCCCCTTTTGGTTTTAAGCATAATTTAGATAGGTGTAGAGTGCTATAAGGGCTTTCCAGGTGGCGCTACCCCCTGCCAATTT	1.979	NA	NA	23	25584226	26445548	861323	+	NA	copy_number_loss	NA	NA	9879-2	448		NA	.	Region	2.90033	25192066	NA	NA	.	23:26310542:+	:26310542	nssv1461074	nsv616107	Limousin6	448	SO:0001743	NA
DEL00000908	23	25715896	T	<DEL>	180	PASS	TRUE	DEL	NA	25715963	0	0	3to5	-5,5	-5,5	60	0	5	3	0.960396	GGGATTGCCAAGAATTCTCCCCTTTTGGTTTTAAGCATAATTTAGATAGGTGTAGAGTGCTATAAGGGCTTTCCAGGTGGCGCTACCCCCTGCCAATTT	1.979	NA	NA	23	25584226	26445548	861323	+	NA	copy_number_loss	NA	NA	9880-2	448		NA	.	Region	2.90033	25192066	NA	NA	.	23:25930382:+	:25930382	nssv1461074	nsv616107	Limousin6	448	SO:0001743	NA
DEL00000908	23	25715896	T	<DEL>	180	PASS	TRUE	DEL	NA	25715963	0	0	3to5	-5,5	-5,5	60	0	5	3	0.960396	GGGATTGCCAAGAATTCTCCCCTTTTGGTTTTAAGCATAATTTAGATAGGTGTAGAGTGCTATAAGGGCTTTCCAGGTGGCGCTACCCCCTGCCAATTT	1.979	NA	NA	23	25584226	26445548	861323	+	NA	copy_number_loss	NA	NA	9885-2	419		NA	.	Region	3.81721	25192066	NA	NA	.	23:26271000:+	:26271000	nssv1461523	nsv616107	Angus8	419	SO:0001743	NA
DEL00000908	23	25715896	T	<DEL>	180	PASS	TRUE	DEL	NA	25715963	0	0	3to5	-5,5	-5,5	60	0	5	3	0.960396	GGGATTGCCAAGAATTCTCCCCTTTTGGTTTTAAGCATAATTTAGATAGGTGTAGAGTGCTATAAGGGCTTTCCAGGTGGCGCTACCCCCTGCCAATTT	1.979	NA	NA	23	25584226	26445548	861323	+	NA	copy_number_loss	NA	NA	9884-2	419		NA	.	Region	3.81721	25192066	NA	NA	.	23:25930382:+	:25930382	nssv1461523	nsv616107	Angus8	419	SO:0001743	NA
DEL00000908	23	25715896	T	<DEL>	180	PASS	TRUE	DEL	NA	25715963	0	0	3to5	-5,5	-5,5	60	0	5	3	0.960396	GGGATTGCCAAGAATTCTCCCCTTTTGGTTTTAAGCATAATTTAGATAGGTGTAGAGTGCTATAAGGGCTTTCCAGGTGGCGCTACCCCCTGCCAATTT	1.979	NA	NA	23	25584226	26445548	861323	+	NA	copy_number_loss	NA	NA	9886-2	419		NA	.	Region	3.81721	25192066	NA	NA	.	23:25879167:+	:25879167	nssv1461523	nsv616107	Angus8	419	SO:0001743	NA
DEL00000908	23	25715896	T	<DEL>	180	PASS	TRUE	DEL	NA	25715963	0	0	3to5	-5,5	-5,5	60	0	5	3	0.960396	GGGATTGCCAAGAATTCTCCCCTTTTGGTTTTAAGCATAATTTAGATAGGTGTAGAGTGCTATAAGGGCTTTCCAGGTGGCGCTACCCCCTGCCAATTT	1.979	NA	NA	23	25592819	26441088	848270	+	NA	copy_number_loss	NA	NA	9948	554		NA	.	Region	3.60128	25360580	NA	NA	.	23:25879167:+	:25879167	nssv1461210	nsv616107	Simmental4	554	SO:0001743	NA
DEL00000908	23	25715896	T	<DEL>	180	PASS	TRUE	DEL	NA	25715963	0	0	3to5	-5,5	-5,5	60	0	5	3	0.960396	GGGATTGCCAAGAATTCTCCCCTTTTGGTTTTAAGCATAATTTAGATAGGTGTAGAGTGCTATAAGGGCTTTCCAGGTGGCGCTACCCCCTGCCAATTT	1.979	NA	NA	23	25592819	26441088	848270	+	NA	copy_number_loss	NA	NA	9947	554		NA	.	Region	3.60128	25360580	NA	NA	.	23:26343000:+	:26343000	nssv1461210	nsv616107	Simmental4	554	SO:0001743	NA
DEL00000908	23	25715896	T	<DEL>	180	PASS	TRUE	DEL	NA	25715963	0	0	3to5	-5,5	-5,5	60	0	5	3	0.960396	GGGATTGCCAAGAATTCTCCCCTTTTGGTTTTAAGCATAATTTAGATAGGTGTAGAGTGCTATAAGGGCTTTCCAGGTGGCGCTACCCCCTGCCAATTT	1.979	NA	NA	23	25592819	26441088	848270	+	NA	copy_number_loss	NA	NA	9946	554		NA	.	Region	3.60128	25360580	NA	NA	.	23:25930382:+	:25930382	nssv1461210	nsv616107	Simmental4	554	SO:0001743	NA
DEL00000908	23	25715896	T	<DEL>	180	PASS	TRUE	DEL	NA	25715963	0	0	3to5	-5,5	-5,5	60	0	5	3	0.960396	GGGATTGCCAAGAATTCTCCCCTTTTGGTTTTAAGCATAATTTAGATAGGTGTAGAGTGCTATAAGGGCTTTCCAGGTGGCGCTACCCCCTGCCAATTT	1.979	NA	NA	23	25656565	25963825	307261	-	NA	copy_number_loss	NA	NA	9941-2	761		NA	.	Region	3.59393	25350734	NA	NA	.	23:25930382:+	:25930382	nssv1461765	nsv616107	RedAngus3	761	SO:0001743	NA
DEL00000908	23	25715896	T	<DEL>	180	PASS	TRUE	DEL	NA	25715963	0	0	3to5	-5,5	-5,5	60	0	5	3	0.960396	GGGATTGCCAAGAATTCTCCCCTTTTGGTTTTAAGCATAATTTAGATAGGTGTAGAGTGCTATAAGGGCTTTCCAGGTGGCGCTACCCCCTGCCAATTT	1.979	NA	NA	23	25656565	25963825	307261	-	NA	copy_number_loss	NA	NA	9917-2	747		NA	.	Region	3.93745	25350734	NA	NA	.	23:25879167:+	:25879167	nssv1461710	nsv616107	Angus6	747	SO:0001743	NA
DEL00000908	23	25715896	T	<DEL>	180	PASS	TRUE	DEL	NA	25715963	0	0	3to5	-5,5	-5,5	60	0	5	3	0.960396	GGGATTGCCAAGAATTCTCCCCTTTTGGTTTTAAGCATAATTTAGATAGGTGTAGAGTGCTATAAGGGCTTTCCAGGTGGCGCTACCCCCTGCCAATTT	1.979	NA	NA	23	25656565	25963825	307261	-	NA	copy_number_loss	NA	NA	9898-3	667		NA	.	Region	3.14709	25312689	NA	NA	.	23:26343000:+	:26343000	nssv1461709	nsv616107	Angus10	667	SO:0001743	NA
DEL00000908	23	25715896	T	<DEL>	180	PASS	TRUE	DEL	NA	25715963	0	0	3to5	-5,5	-5,5	60	0	5	3	0.960396	GGGATTGCCAAGAATTCTCCCCTTTTGGTTTTAAGCATAATTTAGATAGGTGTAGAGTGCTATAAGGGCTTTCCAGGTGGCGCTACCCCCTGCCAATTT	1.979	NA	NA	23	25656565	25963825	307261	-	NA	copy_number_loss	NA	NA	9900-3	667		NA	.	Region	3.14709	25312689	NA	NA	.	23:25930382:+	:25930382	nssv1461709	nsv616107	Angus10	667	SO:0001743	NA
DEL00000908	23	25715896	T	<DEL>	180	PASS	TRUE	DEL	NA	25715963	0	0	3to5	-5,5	-5,5	60	0	5	3	0.960396	GGGATTGCCAAGAATTCTCCCCTTTTGGTTTTAAGCATAATTTAGATAGGTGTAGAGTGCTATAAGGGCTTTCCAGGTGGCGCTACCCCCTGCCAATTT	1.979	NA	NA	23	25656565	25963825	307261	-	NA	copy_number_loss	NA	NA	9918-2	747		NA	.	Region	3.93745	25350734	NA	NA	.	23:25930382:+	:25930382	nssv1461710	nsv616107	Angus6	747	SO:0001743	NA
DEL00000908	23	25715896	T	<DEL>	180	PASS	TRUE	DEL	NA	25715963	0	0	3to5	-5,5	-5,5	60	0	5	3	0.960396	GGGATTGCCAAGAATTCTCCCCTTTTGGTTTTAAGCATAATTTAGATAGGTGTAGAGTGCTATAAGGGCTTTCCAGGTGGCGCTACCCCCTGCCAATTT	1.979	NA	NA	23	25656565	25963825	307261	-	NA	copy_number_loss	NA	NA	9916-2	747		NA	.	Region	3.93745	25350734	NA	NA	.	23:26323369:+	:26323369	nssv1461710	nsv616107	Angus6	747	SO:0001743	NA
DEL00000908	23	25715896	T	<DEL>	180	PASS	TRUE	DEL	NA	25715963	0	0	3to5	-5,5	-5,5	60	0	5	3	0.960396	GGGATTGCCAAGAATTCTCCCCTTTTGGTTTTAAGCATAATTTAGATAGGTGTAGAGTGCTATAAGGGCTTTCCAGGTGGCGCTACCCCCTGCCAATTT	1.979	NA	NA	23	25656565	25963825	307261	-	NA	copy_number_loss	NA	NA	9940-2	761		NA	.	Region	3.59393	25350734	NA	NA	.	23:25879167:+	:25879167	nssv1461765	nsv616107	RedAngus3	761	SO:0001743	NA
DEL00000908	23	25715896	T	<DEL>	180	PASS	TRUE	DEL	NA	25715963	0	0	3to5	-5,5	-5,5	60	0	5	3	0.960396	GGGATTGCCAAGAATTCTCCCCTTTTGGTTTTAAGCATAATTTAGATAGGTGTAGAGTGCTATAAGGGCTTTCCAGGTGGCGCTACCCCCTGCCAATTT	1.979	NA	NA	23	25656565	25963825	307261	-	NA	copy_number_loss	NA	NA	9899-3	667		NA	.	Region	3.14709	25312689	NA	NA	.	23:25879167:+	:25879167	nssv1461709	nsv616107	Angus10	667	SO:0001743	NA
DEL00000908	23	25715896	T	<DEL>	180	PASS	TRUE	DEL	NA	25715963	0	0	3to5	-5,5	-5,5	60	0	5	3	0.960396	GGGATTGCCAAGAATTCTCCCCTTTTGGTTTTAAGCATAATTTAGATAGGTGTAGAGTGCTATAAGGGCTTTCCAGGTGGCGCTACCCCCTGCCAATTT	1.979	NA	NA	23	25656565	25963825	307261	-	NA	copy_number_loss	NA	NA	9922-2	651		NA	.	Region	3.17319	25350734	NA	NA	.	23:26355693:+	:26355693	nssv1461501	nsv616107	Charolais10	651	SO:0001743	NA
DEL00000908	23	25715896	T	<DEL>	180	PASS	TRUE	DEL	NA	25715963	0	0	3to5	-5,5	-5,5	60	0	5	3	0.960396	GGGATTGCCAAGAATTCTCCCCTTTTGGTTTTAAGCATAATTTAGATAGGTGTAGAGTGCTATAAGGGCTTTCCAGGTGGCGCTACCCCCTGCCAATTT	1.979	NA	NA	23	25656565	25963825	307261	-	NA	copy_number_loss	NA	NA	9923-2	651		NA	.	Region	3.17319	25350734	NA	NA	.	23:25930382:+	:25930382	nssv1461501	nsv616107	Charolais10	651	SO:0001743	NA
DEL00000908	23	25715896	T	<DEL>	180	PASS	TRUE	DEL	NA	25715963	0	0	3to5	-5,5	-5,5	60	0	5	3	0.960396	GGGATTGCCAAGAATTCTCCCCTTTTGGTTTTAAGCATAATTTAGATAGGTGTAGAGTGCTATAAGGGCTTTCCAGGTGGCGCTACCCCCTGCCAATTT	1.979	NA	NA	23	25656565	25963825	307261	-	NA	copy_number_loss	NA	NA	9942-2	761		NA	.	Region	3.59393	25350734	NA	NA	.	23:26336197:+	:26336197	nssv1461765	nsv616107	RedAngus3	761	SO:0001743	NA
DEL00000908	23	25715896	T	<DEL>	180	PASS	TRUE	DEL	NA	25715963	0	0	3to5	-5,5	-5,5	60	0	5	3	0.960396	GGGATTGCCAAGAATTCTCCCCTTTTGGTTTTAAGCATAATTTAGATAGGTGTAGAGTGCTATAAGGGCTTTCCAGGTGGCGCTACCCCCTGCCAATTT	1.979	NA	NA	23	25656565	25963825	307261	-	NA	copy_number_loss	NA	NA	9924-2	651		NA	.	Region	3.17319	25350734	NA	NA	.	23:25879167:+	:25879167	nssv1461501	nsv616107	Charolais10	651	SO:0001743	NA
DEL00000908	23	25715896	T	<DEL>	180	PASS	TRUE	DEL	NA	25715963	0	0	3to5	-5,5	-5,5	60	0	5	3	0.960396	GGGATTGCCAAGAATTCTCCCCTTTTGGTTTTAAGCATAATTTAGATAGGTGTAGAGTGCTATAAGGGCTTTCCAGGTGGCGCTACCCCCTGCCAATTT	1.979	NA	NA	23	25656565	25963825	307261	-	NA	copy_number_loss	NA	NA	9926-2	579		NA	.	Region	3.59393	25350734	NA	NA	.	23:26336197:+	:26336197	nssv1461407	nsv616107	Simmental5	579	SO:0001743	NA
DEL00000908	23	25715896	T	<DEL>	180	PASS	TRUE	DEL	NA	25715963	0	0	3to5	-5,5	-5,5	60	0	5	3	0.960396	GGGATTGCCAAGAATTCTCCCCTTTTGGTTTTAAGCATAATTTAGATAGGTGTAGAGTGCTATAAGGGCTTTCCAGGTGGCGCTACCCCCTGCCAATTT	1.979	NA	NA	23	25656565	25963825	307261	-	NA	copy_number_loss	NA	NA	9925-2	579		NA	.	Region	3.59393	25350734	NA	NA	.	23:25930382:+	:25930382	nssv1461407	nsv616107	Simmental5	579	SO:0001743	NA
DEL00000908	23	25715896	T	<DEL>	180	PASS	TRUE	DEL	NA	25715963	0	0	3to5	-5,5	-5,5	60	0	5	3	0.960396	GGGATTGCCAAGAATTCTCCCCTTTTGGTTTTAAGCATAATTTAGATAGGTGTAGAGTGCTATAAGGGCTTTCCAGGTGGCGCTACCCCCTGCCAATTT	1.979	NA	NA	23	25656565	25963825	307261	-	NA	copy_number_loss	NA	NA	9927-2	579		NA	.	Region	3.59393	25350734	NA	NA	.	23:25879167:+	:25879167	nssv1461407	nsv616107	Simmental5	579	SO:0001743	NA
DEL00000908	23	25715896	T	<DEL>	180	PASS	TRUE	DEL	NA	25715963	0	0	3to5	-5,5	-5,5	60	0	5	3	0.960396	GGGATTGCCAAGAATTCTCCCCTTTTGGTTTTAAGCATAATTTAGATAGGTGTAGAGTGCTATAAGGGCTTTCCAGGTGGCGCTACCCCCTGCCAATTT	1.979	NA	NA	23	25656565	25963825	307261	-	NA	copy_number_loss	NA	NA	9947-2	554		NA	.	Region	3.60128	25360580	NA	NA	.	23:26343000:+	:26343000	nssv1461210	nsv616107	Simmental4	554	SO:0001743	NA
DEL00000908	23	25715896	T	<DEL>	180	PASS	TRUE	DEL	NA	25715963	0	0	3to5	-5,5	-5,5	60	0	5	3	0.960396	GGGATTGCCAAGAATTCTCCCCTTTTGGTTTTAAGCATAATTTAGATAGGTGTAGAGTGCTATAAGGGCTTTCCAGGTGGCGCTACCCCCTGCCAATTT	1.979	NA	NA	23	25656565	25963825	307261	-	NA	copy_number_loss	NA	NA	9946-2	554		NA	.	Region	3.60128	25360580	NA	NA	.	23:25930382:+	:25930382	nssv1461210	nsv616107	Simmental4	554	SO:0001743	NA
DEL00000908	23	25715896	T	<DEL>	180	PASS	TRUE	DEL	NA	25715963	0	0	3to5	-5,5	-5,5	60	0	5	3	0.960396	GGGATTGCCAAGAATTCTCCCCTTTTGGTTTTAAGCATAATTTAGATAGGTGTAGAGTGCTATAAGGGCTTTCCAGGTGGCGCTACCCCCTGCCAATTT	1.979	NA	NA	23	25656565	25963825	307261	-	NA	copy_number_loss	NA	NA	9948-2	554		NA	.	Region	3.60128	25360580	NA	NA	.	23:25879167:+	:25879167	nssv1461210	nsv616107	Simmental4	554	SO:0001743	NA
DEL00000908	23	25715896	T	<DEL>	180	PASS	TRUE	DEL	NA	25715963	0	0	3to5	-5,5	-5,5	60	0	5	3	0.960396	GGGATTGCCAAGAATTCTCCCCTTTTGGTTTTAAGCATAATTTAGATAGGTGTAGAGTGCTATAAGGGCTTTCCAGGTGGCGCTACCCCCTGCCAATTT	1.979	NA	NA	23	25656565	25963825	307261	-	NA	copy_number_loss	NA	NA	9915-2	397		NA	.	Region	3.99318	25350659	NA	NA	.	NA	NA	nssv1461357	nsv616107	Brahman1	397	SO:0001743	NA
DEL00000908	23	25715896	T	<DEL>	180	PASS	TRUE	DEL	NA	25715963	0	0	3to5	-5,5	-5,5	60	0	5	3	0.960396	GGGATTGCCAAGAATTCTCCCCTTTTGGTTTTAAGCATAATTTAGATAGGTGTAGAGTGCTATAAGGGCTTTCCAGGTGGCGCTACCCCCTGCCAATTT	1.979	NA	NA	23	25656565	25963825	307261	-	NA	copy_number_loss	NA	NA	9913-2	397		NA	.	Region	3.99318	25350659	NA	NA	.	23:26321440:+	:26321440	nssv1461357	nsv616107	Brahman1	397	SO:0001743	NA
DEL00000908	23	25715896	T	<DEL>	180	PASS	TRUE	DEL	NA	25715963	0	0	3to5	-5,5	-5,5	60	0	5	3	0.960396	GGGATTGCCAAGAATTCTCCCCTTTTGGTTTTAAGCATAATTTAGATAGGTGTAGAGTGCTATAAGGGCTTTCCAGGTGGCGCTACCCCCTGCCAATTT	1.979	NA	NA	23	25656565	25963825	307261	-	NA	copy_number_loss	NA	NA	9914-2	397		NA	.	Region	3.99318	25350659	NA	NA	.	23:25879167:+	:25879167	nssv1461357	nsv616107	Brahman1	397	SO:0001743	NA
