SV_ID	SV_CHROM	SV_START	REF	ALT	QUAL	FILTER	PRECISE	SVTYPE	CHR2	SV_END	PE	MAPQ	CT	CIPOS	CIEND	SRMAPQ	INSLEN	HOMLEN	SR	SRQ	CONSENSUS	CE	SVLEN	POS2	DATASET_CHROM	DATASET_START	DATASET_END	DATASET_SV_LENGTH	DATSET_STRAND	DATASET_SOURCE	DATASET_SV_TYPE	score	phase	DATSET_ID	Alias	Name	assertion_method	end_range	gbkey	start_range	submitter_variant_region_id	variant_region_so_id	variant_seq	breakpoint_detail	breakpoint_range	mate_id	parent	sample_name	submitter_variant_call_id	variant_call_so_id	part
DEL00000327	7	17528113	G	<DEL>	180	PASS	TRUE	DEL	NA	17528152	0	0	3to5	-1,1	-1,1	60	0	0	3	0.980769	GAAGGCATAGCACCAAAGAGTTGATACTTTCCAACTGTGTTACTGGAGAAGATTCTTGAGAGTCCTTTGGACAGCAAGGAGATCAAACCAGTCAATCTCAAAGG	1.96872	NA	NA	7	16670618	19954487	3283870	+	NA	copy_number_loss	NA	NA	216378	21514		NA	21177500	Region	.	NA	NA	.	7:21259438:+	21259438:	nssv13472571	nsv2727827	19949831	21514	SO:0001743	NA
DEL00000327	7	17528113	G	<DEL>	180	PASS	TRUE	DEL	NA	17528152	0	0	3to5	-1,1	-1,1	60	0	0	3	0.980769	GAAGGCATAGCACCAAAGAGTTGATACTTTCCAACTGTGTTACTGGAGAAGATTCTTGAGAGTCCTTTGGACAGCAAGGAGATCAAACCAGTCAATCTCAAAGG	1.96872	NA	NA	7	16670618	19954487	3283870	+	NA	copy_number_loss	NA	NA	216380	21514		NA	21177500	Region	.	NA	NA	.	7:21177500:+	21177500:	nssv13472571	nsv2727827	19949831	21514	SO:0001743	NA
DEL00000327	7	17528113	G	<DEL>	180	PASS	TRUE	DEL	NA	17528152	0	0	3to5	-1,1	-1,1	60	0	0	3	0.980769	GAAGGCATAGCACCAAAGAGTTGATACTTTCCAACTGTGTTACTGGAGAAGATTCTTGAGAGTCCTTTGGACAGCAAGGAGATCAAACCAGTCAATCTCAAAGG	1.96872	NA	NA	7	16670618	19954487	3283870	+	NA	copy_number_loss	NA	NA	216379	21514		NA	21177500	Region	.	NA	NA	.	7:21177500:+	21177500:	nssv13472571	nsv2727827	19949831	21514	SO:0001743	NA
DEL00000327	7	17528113	G	<DEL>	180	PASS	TRUE	DEL	NA	17528152	0	0	3to5	-1,1	-1,1	60	0	0	3	0.980769	GAAGGCATAGCACCAAAGAGTTGATACTTTCCAACTGTGTTACTGGAGAAGATTCTTGAGAGTCCTTTGGACAGCAAGGAGATCAAACCAGTCAATCTCAAAGG	1.96872	NA	NA	7	16670618	19954487	3283870	+	NA	copy_number_loss	NA	NA	216407	21464		NA	21177500	Region	.	NA	NA	.	7:21259438:+	21259438:	nssv13489235	nsv2727827	19989908	21464	SO:0001743	NA
DEL00000327	7	17528113	G	<DEL>	180	PASS	TRUE	DEL	NA	17528152	0	0	3to5	-1,1	-1,1	60	0	0	3	0.980769	GAAGGCATAGCACCAAAGAGTTGATACTTTCCAACTGTGTTACTGGAGAAGATTCTTGAGAGTCCTTTGGACAGCAAGGAGATCAAACCAGTCAATCTCAAAGG	1.96872	NA	NA	7	16670618	19954487	3283870	+	NA	copy_number_loss	NA	NA	216411	21464		NA	21177500	Region	.	NA	NA	.	7:21177500:+	21177500:	nssv13489235	nsv2727827	19989908	21464	SO:0001743	NA
DEL00000327	7	17528113	G	<DEL>	180	PASS	TRUE	DEL	NA	17528152	0	0	3to5	-1,1	-1,1	60	0	0	3	0.980769	GAAGGCATAGCACCAAAGAGTTGATACTTTCCAACTGTGTTACTGGAGAAGATTCTTGAGAGTCCTTTGGACAGCAAGGAGATCAAACCAGTCAATCTCAAAGG	1.96872	NA	NA	7	16670618	19954487	3283870	+	NA	copy_number_loss	NA	NA	216406	21464		NA	21177500	Region	.	NA	NA	.	7:21177500:+	21177500:	nssv13489235	nsv2727827	19989908	21464	SO:0001743	NA
DEL00000327	7	17528113	G	<DEL>	180	PASS	TRUE	DEL	NA	17528152	0	0	3to5	-1,1	-1,1	60	0	0	3	0.980769	GAAGGCATAGCACCAAAGAGTTGATACTTTCCAACTGTGTTACTGGAGAAGATTCTTGAGAGTCCTTTGGACAGCAAGGAGATCAAACCAGTCAATCTCAAAGG	1.96872	NA	NA	7	16670618	19954487	3283870	+	NA	copy_number_loss	NA	NA	216402	21463		NA	21177500	Region	.	NA	NA	.	7:21259438:+	21259438:	nssv13484056	nsv2727827	19989907	21463	SO:0001743	NA
DEL00000327	7	17528113	G	<DEL>	180	PASS	TRUE	DEL	NA	17528152	0	0	3to5	-1,1	-1,1	60	0	0	3	0.980769	GAAGGCATAGCACCAAAGAGTTGATACTTTCCAACTGTGTTACTGGAGAAGATTCTTGAGAGTCCTTTGGACAGCAAGGAGATCAAACCAGTCAATCTCAAAGG	1.96872	NA	NA	7	16670618	19954487	3283870	+	NA	copy_number_loss	NA	NA	216404	21463		NA	21177500	Region	.	NA	NA	.	7:21177500:+	21177500:	nssv13484056	nsv2727827	19989907	21463	SO:0001743	NA
DEL00000327	7	17528113	G	<DEL>	180	PASS	TRUE	DEL	NA	17528152	0	0	3to5	-1,1	-1,1	60	0	0	3	0.980769	GAAGGCATAGCACCAAAGAGTTGATACTTTCCAACTGTGTTACTGGAGAAGATTCTTGAGAGTCCTTTGGACAGCAAGGAGATCAAACCAGTCAATCTCAAAGG	1.96872	NA	NA	7	16670618	19954487	3283870	+	NA	copy_number_loss	NA	NA	216383	21521		NA	21177500	Region	.	NA	NA	.	7:21177500:+	21177500:	nssv13473346	nsv2727827	19989870	21521	SO:0001743	NA
DEL00000327	7	17528113	G	<DEL>	180	PASS	TRUE	DEL	NA	17528152	0	0	3to5	-1,1	-1,1	60	0	0	3	0.980769	GAAGGCATAGCACCAAAGAGTTGATACTTTCCAACTGTGTTACTGGAGAAGATTCTTGAGAGTCCTTTGGACAGCAAGGAGATCAAACCAGTCAATCTCAAAGG	1.96872	NA	NA	7	16670618	19954487	3283870	+	NA	copy_number_loss	NA	NA	216387	21521		NA	21177500	Region	.	NA	NA	.	7:21177500:+	21177500:	nssv13473346	nsv2727827	19989870	21521	SO:0001743	NA
DEL00000327	7	17528113	G	<DEL>	180	PASS	TRUE	DEL	NA	17528152	0	0	3to5	-1,1	-1,1	60	0	0	3	0.980769	GAAGGCATAGCACCAAAGAGTTGATACTTTCCAACTGTGTTACTGGAGAAGATTCTTGAGAGTCCTTTGGACAGCAAGGAGATCAAACCAGTCAATCTCAAAGG	1.96872	NA	NA	7	16670618	19954487	3283870	+	NA	copy_number_loss	NA	NA	216382	21521		NA	21177500	Region	.	NA	NA	.	7:21259438:+	21259438:	nssv13473346	nsv2727827	19989870	21521	SO:0001743	NA
DEL00000327	7	17528113	G	<DEL>	180	PASS	TRUE	DEL	NA	17528152	0	0	3to5	-1,1	-1,1	60	0	0	3	0.980769	GAAGGCATAGCACCAAAGAGTTGATACTTTCCAACTGTGTTACTGGAGAAGATTCTTGAGAGTCCTTTGGACAGCAAGGAGATCAAACCAGTCAATCTCAAAGG	1.96872	NA	NA	7	16670618	19954487	3283870	+	NA	copy_number_variation	NA	NA	216413	CNVR354		Reciprocal 50% Overlap	21177500	Region	.	CNVR354	SO:0001019	.	NA	NA	NA	NA	NA	NA	NA	NA
DEL00000327	7	17528113	G	<DEL>	180	PASS	TRUE	DEL	NA	17528152	0	0	3to5	-1,1	-1,1	60	0	0	3	0.980769	GAAGGCATAGCACCAAAGAGTTGATACTTTCCAACTGTGTTACTGGAGAAGATTCTTGAGAGTCCTTTGGACAGCAAGGAGATCAAACCAGTCAATCTCAAAGG	1.96872	NA	NA	7	16670618	19954487	3283870	+	NA	copy_number_loss	NA	NA	216403	21463		NA	21177500	Region	.	NA	NA	.	7:21177500:+	21177500:	nssv13484056	nsv2727827	19989907	21463	SO:0001743	NA
DEL00000327	7	17528113	G	<DEL>	180	PASS	TRUE	DEL	NA	17528152	0	0	3to5	-1,1	-1,1	60	0	0	3	0.980769	GAAGGCATAGCACCAAAGAGTTGATACTTTCCAACTGTGTTACTGGAGAAGATTCTTGAGAGTCCTTTGGACAGCAAGGAGATCAAACCAGTCAATCTCAAAGG	1.96872	NA	NA	7	16670618	19954487	3283870	+	NA	copy_number_loss	NA	NA	216395	21420		NA	21177500	Region	.	NA	NA	.	7:21259438:+	21259438:	nssv13480548	nsv2727827	19989834	21420	SO:0001743	NA
DEL00000327	7	17528113	G	<DEL>	180	PASS	TRUE	DEL	NA	17528152	0	0	3to5	-1,1	-1,1	60	0	0	3	0.980769	GAAGGCATAGCACCAAAGAGTTGATACTTTCCAACTGTGTTACTGGAGAAGATTCTTGAGAGTCCTTTGGACAGCAAGGAGATCAAACCAGTCAATCTCAAAGG	1.96872	NA	NA	7	16670618	19954487	3283870	+	NA	copy_number_loss	NA	NA	216399	21420		NA	21177500	Region	.	NA	NA	.	7:21177500:+	21177500:	nssv13480548	nsv2727827	19989834	21420	SO:0001743	NA
DEL00000327	7	17528113	G	<DEL>	180	PASS	TRUE	DEL	NA	17528152	0	0	3to5	-1,1	-1,1	60	0	0	3	0.980769	GAAGGCATAGCACCAAAGAGTTGATACTTTCCAACTGTGTTACTGGAGAAGATTCTTGAGAGTCCTTTGGACAGCAAGGAGATCAAACCAGTCAATCTCAAAGG	1.96872	NA	NA	7	16670618	19954487	3283870	+	NA	copy_number_loss	NA	NA	216394	21420		NA	21177500	Region	.	NA	NA	.	7:21177500:+	21177500:	nssv13480548	nsv2727827	19989834	21420	SO:0001743	NA
DEL00000327	7	17528113	G	<DEL>	180	PASS	TRUE	DEL	NA	17528152	0	0	3to5	-1,1	-1,1	60	0	0	3	0.980769	GAAGGCATAGCACCAAAGAGTTGATACTTTCCAACTGTGTTACTGGAGAAGATTCTTGAGAGTCCTTTGGACAGCAAGGAGATCAAACCAGTCAATCTCAAAGG	1.96872	NA	NA	7	16882747	19894245	3011499	-	NA	copy_number_loss	NA	NA	216378-2	21514		NA	21177500	Region	.	NA	NA	.	7:21259438:+	21259438:	nssv13472571	nsv2727827	19949831	21514	SO:0001743	NA
DEL00000327	7	17528113	G	<DEL>	180	PASS	TRUE	DEL	NA	17528152	0	0	3to5	-1,1	-1,1	60	0	0	3	0.980769	GAAGGCATAGCACCAAAGAGTTGATACTTTCCAACTGTGTTACTGGAGAAGATTCTTGAGAGTCCTTTGGACAGCAAGGAGATCAAACCAGTCAATCTCAAAGG	1.96872	NA	NA	7	16882747	19894245	3011499	-	NA	copy_number_variation	NA	NA	216413-2	CNVR354		Reciprocal 50% Overlap	21177500	Region	.	CNVR354	SO:0001019	.	NA	NA	NA	NA	NA	NA	NA	NA
DEL00000327	7	17528113	G	<DEL>	180	PASS	TRUE	DEL	NA	17528152	0	0	3to5	-1,1	-1,1	60	0	0	3	0.980769	GAAGGCATAGCACCAAAGAGTTGATACTTTCCAACTGTGTTACTGGAGAAGATTCTTGAGAGTCCTTTGGACAGCAAGGAGATCAAACCAGTCAATCTCAAAGG	1.96872	NA	NA	7	16882747	19894245	3011499	-	NA	copy_number_loss	NA	NA	216382-2	21521		NA	21177500	Region	.	NA	NA	.	7:21259438:+	21259438:	nssv13473346	nsv2727827	19989870	21521	SO:0001743	NA
DEL00000327	7	17528113	G	<DEL>	180	PASS	TRUE	DEL	NA	17528152	0	0	3to5	-1,1	-1,1	60	0	0	3	0.980769	GAAGGCATAGCACCAAAGAGTTGATACTTTCCAACTGTGTTACTGGAGAAGATTCTTGAGAGTCCTTTGGACAGCAAGGAGATCAAACCAGTCAATCTCAAAGG	1.96872	NA	NA	7	16882747	19894245	3011499	-	NA	copy_number_loss	NA	NA	216387-2	21521		NA	21177500	Region	.	NA	NA	.	7:21177500:+	21177500:	nssv13473346	nsv2727827	19989870	21521	SO:0001743	NA
DEL00000327	7	17528113	G	<DEL>	180	PASS	TRUE	DEL	NA	17528152	0	0	3to5	-1,1	-1,1	60	0	0	3	0.980769	GAAGGCATAGCACCAAAGAGTTGATACTTTCCAACTGTGTTACTGGAGAAGATTCTTGAGAGTCCTTTGGACAGCAAGGAGATCAAACCAGTCAATCTCAAAGG	1.96872	NA	NA	7	16882747	19894245	3011499	-	NA	copy_number_loss	NA	NA	216394-2	21420		NA	21177500	Region	.	NA	NA	.	7:21177500:+	21177500:	nssv13480548	nsv2727827	19989834	21420	SO:0001743	NA
DEL00000327	7	17528113	G	<DEL>	180	PASS	TRUE	DEL	NA	17528152	0	0	3to5	-1,1	-1,1	60	0	0	3	0.980769	GAAGGCATAGCACCAAAGAGTTGATACTTTCCAACTGTGTTACTGGAGAAGATTCTTGAGAGTCCTTTGGACAGCAAGGAGATCAAACCAGTCAATCTCAAAGG	1.96872	NA	NA	7	16882747	19894245	3011499	-	NA	copy_number_loss	NA	NA	216395-2	21420		NA	21177500	Region	.	NA	NA	.	7:21259438:+	21259438:	nssv13480548	nsv2727827	19989834	21420	SO:0001743	NA
DEL00000327	7	17528113	G	<DEL>	180	PASS	TRUE	DEL	NA	17528152	0	0	3to5	-1,1	-1,1	60	0	0	3	0.980769	GAAGGCATAGCACCAAAGAGTTGATACTTTCCAACTGTGTTACTGGAGAAGATTCTTGAGAGTCCTTTGGACAGCAAGGAGATCAAACCAGTCAATCTCAAAGG	1.96872	NA	NA	7	16882747	19894245	3011499	-	NA	copy_number_loss	NA	NA	216383-2	21521		NA	21177500	Region	.	NA	NA	.	7:21177500:+	21177500:	nssv13473346	nsv2727827	19989870	21521	SO:0001743	NA
DEL00000327	7	17528113	G	<DEL>	180	PASS	TRUE	DEL	NA	17528152	0	0	3to5	-1,1	-1,1	60	0	0	3	0.980769	GAAGGCATAGCACCAAAGAGTTGATACTTTCCAACTGTGTTACTGGAGAAGATTCTTGAGAGTCCTTTGGACAGCAAGGAGATCAAACCAGTCAATCTCAAAGG	1.96872	NA	NA	7	16882747	19894245	3011499	-	NA	copy_number_loss	NA	NA	216380-2	21514		NA	21177500	Region	.	NA	NA	.	7:21177500:+	21177500:	nssv13472571	nsv2727827	19949831	21514	SO:0001743	NA
DEL00000327	7	17528113	G	<DEL>	180	PASS	TRUE	DEL	NA	17528152	0	0	3to5	-1,1	-1,1	60	0	0	3	0.980769	GAAGGCATAGCACCAAAGAGTTGATACTTTCCAACTGTGTTACTGGAGAAGATTCTTGAGAGTCCTTTGGACAGCAAGGAGATCAAACCAGTCAATCTCAAAGG	1.96872	NA	NA	7	16882747	19894245	3011499	-	NA	copy_number_loss	NA	NA	216379-2	21514		NA	21177500	Region	.	NA	NA	.	7:21177500:+	21177500:	nssv13472571	nsv2727827	19949831	21514	SO:0001743	NA
DEL00000327	7	17528113	G	<DEL>	180	PASS	TRUE	DEL	NA	17528152	0	0	3to5	-1,1	-1,1	60	0	0	3	0.980769	GAAGGCATAGCACCAAAGAGTTGATACTTTCCAACTGTGTTACTGGAGAAGATTCTTGAGAGTCCTTTGGACAGCAAGGAGATCAAACCAGTCAATCTCAAAGG	1.96872	NA	NA	7	16882747	19894245	3011499	-	NA	copy_number_loss	NA	NA	216402-2	21463		NA	21177500	Region	.	NA	NA	.	7:21259438:+	21259438:	nssv13484056	nsv2727827	19989907	21463	SO:0001743	NA
DEL00000327	7	17528113	G	<DEL>	180	PASS	TRUE	DEL	NA	17528152	0	0	3to5	-1,1	-1,1	60	0	0	3	0.980769	GAAGGCATAGCACCAAAGAGTTGATACTTTCCAACTGTGTTACTGGAGAAGATTCTTGAGAGTCCTTTGGACAGCAAGGAGATCAAACCAGTCAATCTCAAAGG	1.96872	NA	NA	7	16882747	19894245	3011499	-	NA	copy_number_loss	NA	NA	216406-2	21464		NA	21177500	Region	.	NA	NA	.	7:21177500:+	21177500:	nssv13489235	nsv2727827	19989908	21464	SO:0001743	NA
DEL00000327	7	17528113	G	<DEL>	180	PASS	TRUE	DEL	NA	17528152	0	0	3to5	-1,1	-1,1	60	0	0	3	0.980769	GAAGGCATAGCACCAAAGAGTTGATACTTTCCAACTGTGTTACTGGAGAAGATTCTTGAGAGTCCTTTGGACAGCAAGGAGATCAAACCAGTCAATCTCAAAGG	1.96872	NA	NA	7	16882747	19894245	3011499	-	NA	copy_number_loss	NA	NA	216411-2	21464		NA	21177500	Region	.	NA	NA	.	7:21177500:+	21177500:	nssv13489235	nsv2727827	19989908	21464	SO:0001743	NA
DEL00000327	7	17528113	G	<DEL>	180	PASS	TRUE	DEL	NA	17528152	0	0	3to5	-1,1	-1,1	60	0	0	3	0.980769	GAAGGCATAGCACCAAAGAGTTGATACTTTCCAACTGTGTTACTGGAGAAGATTCTTGAGAGTCCTTTGGACAGCAAGGAGATCAAACCAGTCAATCTCAAAGG	1.96872	NA	NA	7	16882747	19894245	3011499	-	NA	copy_number_loss	NA	NA	216407-2	21464		NA	21177500	Region	.	NA	NA	.	7:21259438:+	21259438:	nssv13489235	nsv2727827	19989908	21464	SO:0001743	NA
DEL00000327	7	17528113	G	<DEL>	180	PASS	TRUE	DEL	NA	17528152	0	0	3to5	-1,1	-1,1	60	0	0	3	0.980769	GAAGGCATAGCACCAAAGAGTTGATACTTTCCAACTGTGTTACTGGAGAAGATTCTTGAGAGTCCTTTGGACAGCAAGGAGATCAAACCAGTCAATCTCAAAGG	1.96872	NA	NA	7	16882747	19894245	3011499	-	NA	copy_number_loss	NA	NA	216399-2	21420		NA	21177500	Region	.	NA	NA	.	7:21177500:+	21177500:	nssv13480548	nsv2727827	19989834	21420	SO:0001743	NA
DEL00000327	7	17528113	G	<DEL>	180	PASS	TRUE	DEL	NA	17528152	0	0	3to5	-1,1	-1,1	60	0	0	3	0.980769	GAAGGCATAGCACCAAAGAGTTGATACTTTCCAACTGTGTTACTGGAGAAGATTCTTGAGAGTCCTTTGGACAGCAAGGAGATCAAACCAGTCAATCTCAAAGG	1.96872	NA	NA	7	16882747	19894245	3011499	-	NA	copy_number_loss	NA	NA	216404-2	21463		NA	21177500	Region	.	NA	NA	.	7:21177500:+	21177500:	nssv13484056	nsv2727827	19989907	21463	SO:0001743	NA
DEL00000327	7	17528113	G	<DEL>	180	PASS	TRUE	DEL	NA	17528152	0	0	3to5	-1,1	-1,1	60	0	0	3	0.980769	GAAGGCATAGCACCAAAGAGTTGATACTTTCCAACTGTGTTACTGGAGAAGATTCTTGAGAGTCCTTTGGACAGCAAGGAGATCAAACCAGTCAATCTCAAAGG	1.96872	NA	NA	7	16882747	19894245	3011499	-	NA	copy_number_loss	NA	NA	216403-2	21463		NA	21177500	Region	.	NA	NA	.	7:21177500:+	21177500:	nssv13484056	nsv2727827	19989907	21463	SO:0001743	NA
DEL00000327	7	17528113	G	<DEL>	180	PASS	TRUE	DEL	NA	17528152	0	0	3to5	-1,1	-1,1	60	0	0	3	0.980769	GAAGGCATAGCACCAAAGAGTTGATACTTTCCAACTGTGTTACTGGAGAAGATTCTTGAGAGTCCTTTGGACAGCAAGGAGATCAAACCAGTCAATCTCAAAGG	1.96872	NA	NA	7	17029069	17868420	839352	+	NA	copy_number_loss	NA	NA	216499	21418		NA	19090000	Region	.	NA	NA	.	7:19090000:+	19090000:	nssv13489838	nsv2727827	19969821	21418	SO:0001743	NA
DEL00000327	7	17528113	G	<DEL>	180	PASS	TRUE	DEL	NA	17528152	0	0	3to5	-1,1	-1,1	60	0	0	3	0.980769	GAAGGCATAGCACCAAAGAGTTGATACTTTCCAACTGTGTTACTGGAGAAGATTCTTGAGAGTCCTTTGGACAGCAAGGAGATCAAACCAGTCAATCTCAAAGG	1.96872	NA	NA	7	17029069	17868420	839352	+	NA	copy_number_loss	NA	NA	216504	21418		NA	19090000	Region	.	NA	NA	.	7:19090000:+	19090000:	nssv13489838	nsv2727827	19969821	21418	SO:0001743	NA
DEL00000327	7	17528113	G	<DEL>	180	PASS	TRUE	DEL	NA	17528152	0	0	3to5	-1,1	-1,1	60	0	0	3	0.980769	GAAGGCATAGCACCAAAGAGTTGATACTTTCCAACTGTGTTACTGGAGAAGATTCTTGAGAGTCCTTTGGACAGCAAGGAGATCAAACCAGTCAATCTCAAAGG	1.96872	NA	NA	7	17029069	17868420	839352	+	NA	copy_number_loss	NA	NA	216500	21418		NA	19090000	Region	.	NA	NA	.	7:19173071:+	19173071:	nssv13489838	nsv2727827	19969821	21418	SO:0001743	NA
DEL00000327	7	17528113	G	<DEL>	180	PASS	TRUE	DEL	NA	17528152	0	0	3to5	-1,1	-1,1	60	0	0	3	0.980769	GAAGGCATAGCACCAAAGAGTTGATACTTTCCAACTGTGTTACTGGAGAAGATTCTTGAGAGTCCTTTGGACAGCAAGGAGATCAAACCAGTCAATCTCAAAGG	1.96872	NA	NA	7	17350409	17534698	184290	+	NA	copy_number_loss	NA	NA	218982	21484		NA	18740000	Region	.	NA	NA	.	7:18819123:+	18819123:	nssv13486340	nsv2727827	19989921	21484	SO:0001743	NA
DEL00000327	7	17528113	G	<DEL>	180	PASS	TRUE	DEL	NA	17528152	0	0	3to5	-1,1	-1,1	60	0	0	3	0.980769	GAAGGCATAGCACCAAAGAGTTGATACTTTCCAACTGTGTTACTGGAGAAGATTCTTGAGAGTCCTTTGGACAGCAAGGAGATCAAACCAGTCAATCTCAAAGG	1.96872	NA	NA	7	17350409	17534698	184290	+	NA	copy_number_loss	NA	NA	218983	21484		NA	18740000	Region	.	NA	NA	.	7:18740000:+	18740000:	nssv13486340	nsv2727827	19989921	21484	SO:0001743	NA
DEL00000327	7	17528113	G	<DEL>	180	PASS	TRUE	DEL	NA	17528152	0	0	3to5	-1,1	-1,1	60	0	0	3	0.980769	GAAGGCATAGCACCAAAGAGTTGATACTTTCCAACTGTGTTACTGGAGAAGATTCTTGAGAGTCCTTTGGACAGCAAGGAGATCAAACCAGTCAATCTCAAAGG	1.96872	NA	NA	7	17350409	17534698	184290	+	NA	copy_number_loss	NA	NA	218981	21484		NA	18740000	Region	.	NA	NA	.	7:18740000:+	18740000:	nssv13486340	nsv2727827	19989921	21484	SO:0001743	NA
DEL00000327	7	17528113	G	<DEL>	180	PASS	TRUE	DEL	NA	17528152	0	0	3to5	-1,1	-1,1	60	0	0	3	0.980769	GAAGGCATAGCACCAAAGAGTTGATACTTTCCAACTGTGTTACTGGAGAAGATTCTTGAGAGTCCTTTGGACAGCAAGGAGATCAAACCAGTCAATCTCAAAGG	1.96872	NA	NA	7	17352062	19621051	2268990	+	NA	copy_number_loss	NA	NA	216407-3	21464		NA	21177500	Region	.	NA	NA	.	7:21259438:+	21259438:	nssv13489235	nsv2727827	19989908	21464	SO:0001743	NA
DEL00000327	7	17528113	G	<DEL>	180	PASS	TRUE	DEL	NA	17528152	0	0	3to5	-1,1	-1,1	60	0	0	3	0.980769	GAAGGCATAGCACCAAAGAGTTGATACTTTCCAACTGTGTTACTGGAGAAGATTCTTGAGAGTCCTTTGGACAGCAAGGAGATCAAACCAGTCAATCTCAAAGG	1.96872	NA	NA	7	17352062	19621051	2268990	+	NA	copy_number_loss	NA	NA	216379-3	21514		NA	21177500	Region	.	NA	NA	.	7:21177500:+	21177500:	nssv13472571	nsv2727827	19949831	21514	SO:0001743	NA
DEL00000327	7	17528113	G	<DEL>	180	PASS	TRUE	DEL	NA	17528152	0	0	3to5	-1,1	-1,1	60	0	0	3	0.980769	GAAGGCATAGCACCAAAGAGTTGATACTTTCCAACTGTGTTACTGGAGAAGATTCTTGAGAGTCCTTTGGACAGCAAGGAGATCAAACCAGTCAATCTCAAAGG	1.96872	NA	NA	7	17352062	19621051	2268990	+	NA	copy_number_loss	NA	NA	216380-3	21514		NA	21177500	Region	.	NA	NA	.	7:21177500:+	21177500:	nssv13472571	nsv2727827	19949831	21514	SO:0001743	NA
DEL00000327	7	17528113	G	<DEL>	180	PASS	TRUE	DEL	NA	17528152	0	0	3to5	-1,1	-1,1	60	0	0	3	0.980769	GAAGGCATAGCACCAAAGAGTTGATACTTTCCAACTGTGTTACTGGAGAAGATTCTTGAGAGTCCTTTGGACAGCAAGGAGATCAAACCAGTCAATCTCAAAGG	1.96872	NA	NA	7	17352062	19621051	2268990	+	NA	copy_number_loss	NA	NA	216378-3	21514		NA	21177500	Region	.	NA	NA	.	7:21259438:+	21259438:	nssv13472571	nsv2727827	19949831	21514	SO:0001743	NA
DEL00000327	7	17528113	G	<DEL>	180	PASS	TRUE	DEL	NA	17528152	0	0	3to5	-1,1	-1,1	60	0	0	3	0.980769	GAAGGCATAGCACCAAAGAGTTGATACTTTCCAACTGTGTTACTGGAGAAGATTCTTGAGAGTCCTTTGGACAGCAAGGAGATCAAACCAGTCAATCTCAAAGG	1.96872	NA	NA	7	17352062	19621051	2268990	+	NA	copy_number_loss	NA	NA	216383-3	21521		NA	21177500	Region	.	NA	NA	.	7:21177500:+	21177500:	nssv13473346	nsv2727827	19989870	21521	SO:0001743	NA
DEL00000327	7	17528113	G	<DEL>	180	PASS	TRUE	DEL	NA	17528152	0	0	3to5	-1,1	-1,1	60	0	0	3	0.980769	GAAGGCATAGCACCAAAGAGTTGATACTTTCCAACTGTGTTACTGGAGAAGATTCTTGAGAGTCCTTTGGACAGCAAGGAGATCAAACCAGTCAATCTCAAAGG	1.96872	NA	NA	7	17352062	19621051	2268990	+	NA	copy_number_loss	NA	NA	216387-3	21521		NA	21177500	Region	.	NA	NA	.	7:21177500:+	21177500:	nssv13473346	nsv2727827	19989870	21521	SO:0001743	NA
DEL00000327	7	17528113	G	<DEL>	180	PASS	TRUE	DEL	NA	17528152	0	0	3to5	-1,1	-1,1	60	0	0	3	0.980769	GAAGGCATAGCACCAAAGAGTTGATACTTTCCAACTGTGTTACTGGAGAAGATTCTTGAGAGTCCTTTGGACAGCAAGGAGATCAAACCAGTCAATCTCAAAGG	1.96872	NA	NA	7	17352062	19621051	2268990	+	NA	copy_number_loss	NA	NA	216382-3	21521		NA	21177500	Region	.	NA	NA	.	7:21259438:+	21259438:	nssv13473346	nsv2727827	19989870	21521	SO:0001743	NA
DEL00000327	7	17528113	G	<DEL>	180	PASS	TRUE	DEL	NA	17528152	0	0	3to5	-1,1	-1,1	60	0	0	3	0.980769	GAAGGCATAGCACCAAAGAGTTGATACTTTCCAACTGTGTTACTGGAGAAGATTCTTGAGAGTCCTTTGGACAGCAAGGAGATCAAACCAGTCAATCTCAAAGG	1.96872	NA	NA	7	17352062	19621051	2268990	+	NA	copy_number_variation	NA	NA	216413-3	CNVR354		Reciprocal 50% Overlap	21177500	Region	.	CNVR354	SO:0001019	.	NA	NA	NA	NA	NA	NA	NA	NA
DEL00000327	7	17528113	G	<DEL>	180	PASS	TRUE	DEL	NA	17528152	0	0	3to5	-1,1	-1,1	60	0	0	3	0.980769	GAAGGCATAGCACCAAAGAGTTGATACTTTCCAACTGTGTTACTGGAGAAGATTCTTGAGAGTCCTTTGGACAGCAAGGAGATCAAACCAGTCAATCTCAAAGG	1.96872	NA	NA	7	17352062	19621051	2268990	+	NA	copy_number_loss	NA	NA	216411-3	21464		NA	21177500	Region	.	NA	NA	.	7:21177500:+	21177500:	nssv13489235	nsv2727827	19989908	21464	SO:0001743	NA
DEL00000327	7	17528113	G	<DEL>	180	PASS	TRUE	DEL	NA	17528152	0	0	3to5	-1,1	-1,1	60	0	0	3	0.980769	GAAGGCATAGCACCAAAGAGTTGATACTTTCCAACTGTGTTACTGGAGAAGATTCTTGAGAGTCCTTTGGACAGCAAGGAGATCAAACCAGTCAATCTCAAAGG	1.96872	NA	NA	7	17352062	19621051	2268990	+	NA	copy_number_loss	NA	NA	216406-3	21464		NA	21177500	Region	.	NA	NA	.	7:21177500:+	21177500:	nssv13489235	nsv2727827	19989908	21464	SO:0001743	NA
DEL00000327	7	17528113	G	<DEL>	180	PASS	TRUE	DEL	NA	17528152	0	0	3to5	-1,1	-1,1	60	0	0	3	0.980769	GAAGGCATAGCACCAAAGAGTTGATACTTTCCAACTGTGTTACTGGAGAAGATTCTTGAGAGTCCTTTGGACAGCAAGGAGATCAAACCAGTCAATCTCAAAGG	1.96872	NA	NA	7	17352062	19621051	2268990	+	NA	copy_number_loss	NA	NA	216402-3	21463		NA	21177500	Region	.	NA	NA	.	7:21259438:+	21259438:	nssv13484056	nsv2727827	19989907	21463	SO:0001743	NA
DEL00000327	7	17528113	G	<DEL>	180	PASS	TRUE	DEL	NA	17528152	0	0	3to5	-1,1	-1,1	60	0	0	3	0.980769	GAAGGCATAGCACCAAAGAGTTGATACTTTCCAACTGTGTTACTGGAGAAGATTCTTGAGAGTCCTTTGGACAGCAAGGAGATCAAACCAGTCAATCTCAAAGG	1.96872	NA	NA	7	17352062	19621051	2268990	+	NA	copy_number_loss	NA	NA	216404-3	21463		NA	21177500	Region	.	NA	NA	.	7:21177500:+	21177500:	nssv13484056	nsv2727827	19989907	21463	SO:0001743	NA
DEL00000327	7	17528113	G	<DEL>	180	PASS	TRUE	DEL	NA	17528152	0	0	3to5	-1,1	-1,1	60	0	0	3	0.980769	GAAGGCATAGCACCAAAGAGTTGATACTTTCCAACTGTGTTACTGGAGAAGATTCTTGAGAGTCCTTTGGACAGCAAGGAGATCAAACCAGTCAATCTCAAAGG	1.96872	NA	NA	7	17352062	19621051	2268990	+	NA	copy_number_loss	NA	NA	216403-3	21463		NA	21177500	Region	.	NA	NA	.	7:21177500:+	21177500:	nssv13484056	nsv2727827	19989907	21463	SO:0001743	NA
DEL00000327	7	17528113	G	<DEL>	180	PASS	TRUE	DEL	NA	17528152	0	0	3to5	-1,1	-1,1	60	0	0	3	0.980769	GAAGGCATAGCACCAAAGAGTTGATACTTTCCAACTGTGTTACTGGAGAAGATTCTTGAGAGTCCTTTGGACAGCAAGGAGATCAAACCAGTCAATCTCAAAGG	1.96872	NA	NA	7	17352062	19621051	2268990	+	NA	copy_number_loss	NA	NA	216395-3	21420		NA	21177500	Region	.	NA	NA	.	7:21259438:+	21259438:	nssv13480548	nsv2727827	19989834	21420	SO:0001743	NA
DEL00000327	7	17528113	G	<DEL>	180	PASS	TRUE	DEL	NA	17528152	0	0	3to5	-1,1	-1,1	60	0	0	3	0.980769	GAAGGCATAGCACCAAAGAGTTGATACTTTCCAACTGTGTTACTGGAGAAGATTCTTGAGAGTCCTTTGGACAGCAAGGAGATCAAACCAGTCAATCTCAAAGG	1.96872	NA	NA	7	17352062	19621051	2268990	+	NA	copy_number_loss	NA	NA	216399-3	21420		NA	21177500	Region	.	NA	NA	.	7:21177500:+	21177500:	nssv13480548	nsv2727827	19989834	21420	SO:0001743	NA
DEL00000327	7	17528113	G	<DEL>	180	PASS	TRUE	DEL	NA	17528152	0	0	3to5	-1,1	-1,1	60	0	0	3	0.980769	GAAGGCATAGCACCAAAGAGTTGATACTTTCCAACTGTGTTACTGGAGAAGATTCTTGAGAGTCCTTTGGACAGCAAGGAGATCAAACCAGTCAATCTCAAAGG	1.96872	NA	NA	7	17352062	19621051	2268990	+	NA	copy_number_loss	NA	NA	216394-3	21420		NA	21177500	Region	.	NA	NA	.	7:21177500:+	21177500:	nssv13480548	nsv2727827	19989834	21420	SO:0001743	NA
DEL00000327	7	17528113	G	<DEL>	180	PASS	TRUE	DEL	NA	17528152	0	0	3to5	-1,1	-1,1	60	0	0	3	0.980769	GAAGGCATAGCACCAAAGAGTTGATACTTTCCAACTGTGTTACTGGAGAAGATTCTTGAGAGTCCTTTGGACAGCAAGGAGATCAAACCAGTCAATCTCAAAGG	1.96872	NA	NA	7	17352062	17608737	256676	+	NA	copy_number_loss	NA	NA	219285	21486		NA	19037500	Region	.	NA	NA	.	7:19037500:+	19037500:	nssv13480093	nsv2727827	19989921	21486	SO:0001743	NA
DEL00000327	7	17528113	G	<DEL>	180	PASS	TRUE	DEL	NA	17528152	0	0	3to5	-1,1	-1,1	60	0	0	3	0.980769	GAAGGCATAGCACCAAAGAGTTGATACTTTCCAACTGTGTTACTGGAGAAGATTCTTGAGAGTCCTTTGGACAGCAAGGAGATCAAACCAGTCAATCTCAAAGG	1.96872	NA	NA	7	17352062	17608737	256676	+	NA	copy_number_loss	NA	NA	219286	21486		NA	19037500	Region	.	NA	NA	.	7:19117198:+	19117198:	nssv13480093	nsv2727827	19989921	21486	SO:0001743	NA
DEL00000327	7	17528113	G	<DEL>	180	PASS	TRUE	DEL	NA	17528152	0	0	3to5	-1,1	-1,1	60	0	0	3	0.980769	GAAGGCATAGCACCAAAGAGTTGATACTTTCCAACTGTGTTACTGGAGAAGATTCTTGAGAGTCCTTTGGACAGCAAGGAGATCAAACCAGTCAATCTCAAAGG	1.96872	NA	NA	7	17352062	17608737	256676	+	NA	copy_number_loss	NA	NA	219287	21486		NA	19037500	Region	.	NA	NA	.	7:19037500:+	19037500:	nssv13480093	nsv2727827	19989921	21486	SO:0001743	NA
DEL00000327	7	17528113	G	<DEL>	180	PASS	TRUE	DEL	NA	17528152	0	0	3to5	-1,1	-1,1	60	0	0	3	0.980769	GAAGGCATAGCACCAAAGAGTTGATACTTTCCAACTGTGTTACTGGAGAAGATTCTTGAGAGTCCTTTGGACAGCAAGGAGATCAAACCAGTCAATCTCAAAGG	1.96872	NA	NA	7	17353313	17822288	468976	+	NA	copy_number_loss	NA	NA	219285-2	21486		NA	19037500	Region	.	NA	NA	.	7:19037500:+	19037500:	nssv13480093	nsv2727827	19989921	21486	SO:0001743	NA
DEL00000327	7	17528113	G	<DEL>	180	PASS	TRUE	DEL	NA	17528152	0	0	3to5	-1,1	-1,1	60	0	0	3	0.980769	GAAGGCATAGCACCAAAGAGTTGATACTTTCCAACTGTGTTACTGGAGAAGATTCTTGAGAGTCCTTTGGACAGCAAGGAGATCAAACCAGTCAATCTCAAAGG	1.96872	NA	NA	7	17353313	17822288	468976	+	NA	copy_number_loss	NA	NA	219287-2	21486		NA	19037500	Region	.	NA	NA	.	7:19037500:+	19037500:	nssv13480093	nsv2727827	19989921	21486	SO:0001743	NA
DEL00000327	7	17528113	G	<DEL>	180	PASS	TRUE	DEL	NA	17528152	0	0	3to5	-1,1	-1,1	60	0	0	3	0.980769	GAAGGCATAGCACCAAAGAGTTGATACTTTCCAACTGTGTTACTGGAGAAGATTCTTGAGAGTCCTTTGGACAGCAAGGAGATCAAACCAGTCAATCTCAAAGG	1.96872	NA	NA	7	17353313	17822288	468976	+	NA	copy_number_loss	NA	NA	219286-2	21486		NA	19037500	Region	.	NA	NA	.	7:19117198:+	19117198:	nssv13480093	nsv2727827	19989921	21486	SO:0001743	NA
DEL00000327	7	17528113	G	<DEL>	180	PASS	TRUE	DEL	NA	17528152	0	0	3to5	-1,1	-1,1	60	0	0	3	0.980769	GAAGGCATAGCACCAAAGAGTTGATACTTTCCAACTGTGTTACTGGAGAAGATTCTTGAGAGTCCTTTGGACAGCAAGGAGATCAAACCAGTCAATCTCAAAGG	1.96872	NA	NA	7	17429142	18310154	881013	+	NA	copy_number_loss	NA	NA	219333	21488		NA	19535000	Region	.	NA	NA	.	7:19535000:+	19535000:	nssv13483535	nsv2727827	19989921	21488	SO:0001743	NA
DEL00000327	7	17528113	G	<DEL>	180	PASS	TRUE	DEL	NA	17528152	0	0	3to5	-1,1	-1,1	60	0	0	3	0.980769	GAAGGCATAGCACCAAAGAGTTGATACTTTCCAACTGTGTTACTGGAGAAGATTCTTGAGAGTCCTTTGGACAGCAAGGAGATCAAACCAGTCAATCTCAAAGG	1.96872	NA	NA	7	17429142	18310154	881013	+	NA	copy_number_loss	NA	NA	219334	21488		NA	19535000	Region	.	NA	NA	.	7:19535000:+	19535000:	nssv13483535	nsv2727827	19989921	21488	SO:0001743	NA
DEL00000327	7	17528113	G	<DEL>	180	PASS	TRUE	DEL	NA	17528152	0	0	3to5	-1,1	-1,1	60	0	0	3	0.980769	GAAGGCATAGCACCAAAGAGTTGATACTTTCCAACTGTGTTACTGGAGAAGATTCTTGAGAGTCCTTTGGACAGCAAGGAGATCAAACCAGTCAATCTCAAAGG	1.96872	NA	NA	7	17429142	18310154	881013	+	NA	copy_number_loss	NA	NA	219335	21488		NA	19535000	Region	.	NA	NA	.	7:19620965:+	19620965:	nssv13483535	nsv2727827	19989921	21488	SO:0001743	NA
BND00001145	X	26164249	C	C]22:20949437]	417	PASS	TRUE	BND	22	26164250	0	0	3to3	-4,4	-4,4	60	0	5	7	0.980132	TGACAAGCCACTCATACAACCCCACCCACAGTGAGGAACCTCCACAATAAAGAGGAACCACAAGCTGCCAGAATACAGAAAGGCCACCCCAAATACAGCAATCTAACTGATGCTGAAGCTGAAACTCCAATGTTTTGGTCACCTGATGTAA	1.91566	NA	20949437	X	24411300	26763395	2352096	+	NA	copy_number_loss	NA	NA	657503-3	71656		NA	26735000	Region	.	NA	NA	.	x:26735000:+	26735000:	nssv13512802	nsv2727498	19969821	71656	SO:0001743	NA
BND00001145	X	26164249	C	C]22:20949437]	417	PASS	TRUE	BND	22	26164250	0	0	3to3	-4,4	-4,4	60	0	5	7	0.980132	TGACAAGCCACTCATACAACCCCACCCACAGTGAGGAACCTCCACAATAAAGAGGAACCACAAGCTGCCAGAATACAGAAAGGCCACCCCAAATACAGCAATCTAACTGATGCTGAAGCTGAAACTCCAATGTTTTGGTCACCTGATGTAA	1.91566	NA	20949437	X	24411300	26763395	2352096	+	NA	copy_number_variation	NA	NA	657496-3	CNVR1265		Reciprocal 50% Overlap	26735000	Region	.	CNVR1265	SO:0001019	.	NA	NA	NA	NA	NA	NA	NA	NA
BND00001145	X	26164249	C	C]22:20949437]	417	PASS	TRUE	BND	22	26164250	0	0	3to3	-4,4	-4,4	60	0	5	7	0.980132	TGACAAGCCACTCATACAACCCCACCCACAGTGAGGAACCTCCACAATAAAGAGGAACCACAAGCTGCCAGAATACAGAAAGGCCACCCCAAATACAGCAATCTAACTGATGCTGAAGCTGAAACTCCAATGTTTTGGTCACCTGATGTAA	1.91566	NA	20949437	X	24411300	26763395	2352096	+	NA	copy_number_loss	NA	NA	657499-3	71656		NA	26735000	Region	.	NA	NA	.	x:26878641:+	26878641:	nssv13512802	nsv2727498	19969821	71656	SO:0001743	NA
BND00001145	X	26164249	C	C]22:20949437]	417	PASS	TRUE	BND	22	26164250	0	0	3to3	-4,4	-4,4	60	0	5	7	0.980132	TGACAAGCCACTCATACAACCCCACCCACAGTGAGGAACCTCCACAATAAAGAGGAACCACAAGCTGCCAGAATACAGAAAGGCCACCCCAAATACAGCAATCTAACTGATGCTGAAGCTGAAACTCCAATGTTTTGGTCACCTGATGTAA	1.91566	NA	20949437	X	24411300	26763395	2352096	+	NA	copy_number_loss	NA	NA	657498-3	71656		NA	26735000	Region	.	NA	NA	.	x:26735000:+	26735000:	nssv13512802	nsv2727498	19969821	71656	SO:0001743	NA
BND00001145	X	26164249	C	C]22:20949437]	417	PASS	TRUE	BND	22	26164250	0	0	3to3	-4,4	-4,4	60	0	5	7	0.980132	TGACAAGCCACTCATACAACCCCACCCACAGTGAGGAACCTCCACAATAAAGAGGAACCACAAGCTGCCAGAATACAGAAAGGCCACCCCAAATACAGCAATCTAACTGATGCTGAAGCTGAAACTCCAATGTTTTGGTCACCTGATGTAA	1.91566	NA	20949437	X	24733567	26763395	2029829	+	NA	copy_number_loss	NA	NA	657669-4	71657		NA	26735000	Region	.	NA	NA	.	x:26735000:+	26735000:	nssv13524910	nsv2727498	19989834	71657	SO:0001743	NA
BND00001145	X	26164249	C	C]22:20949437]	417	PASS	TRUE	BND	22	26164250	0	0	3to3	-4,4	-4,4	60	0	5	7	0.980132	TGACAAGCCACTCATACAACCCCACCCACAGTGAGGAACCTCCACAATAAAGAGGAACCACAAGCTGCCAGAATACAGAAAGGCCACCCCAAATACAGCAATCTAACTGATGCTGAAGCTGAAACTCCAATGTTTTGGTCACCTGATGTAA	1.91566	NA	20949437	X	24733567	26763395	2029829	+	NA	copy_number_loss	NA	NA	657670-4	71657		NA	26735000	Region	.	NA	NA	.	x:26735000:+	26735000:	nssv13524910	nsv2727498	19989834	71657	SO:0001743	NA
BND00001145	X	26164249	C	C]22:20949437]	417	PASS	TRUE	BND	22	26164250	0	0	3to3	-4,4	-4,4	60	0	5	7	0.980132	TGACAAGCCACTCATACAACCCCACCCACAGTGAGGAACCTCCACAATAAAGAGGAACCACAAGCTGCCAGAATACAGAAAGGCCACCCCAAATACAGCAATCTAACTGATGCTGAAGCTGAAACTCCAATGTTTTGGTCACCTGATGTAA	1.91566	NA	20949437	X	24733567	26763395	2029829	+	NA	copy_number_loss	NA	NA	657671-4	71657		NA	26735000	Region	.	NA	NA	.	x:26878641:+	26878641:	nssv13524910	nsv2727498	19989834	71657	SO:0001743	NA
BND00001145	X	26164249	C	C]22:20949437]	417	PASS	TRUE	BND	22	26164250	0	0	3to3	-4,4	-4,4	60	0	5	7	0.980132	TGACAAGCCACTCATACAACCCCACCCACAGTGAGGAACCTCCACAATAAAGAGGAACCACAAGCTGCCAGAATACAGAAAGGCCACCCCAAATACAGCAATCTAACTGATGCTGAAGCTGAAACTCCAATGTTTTGGTCACCTGATGTAA	1.91566	NA	20949437	X	24733567	26763395	2029829	+	NA	copy_number_loss	NA	NA	657661-4	71700		NA	26735000	Region	.	NA	NA	.	x:26735000:+	26735000:	nssv13524597	nsv2727498	19989907	71700	SO:0001743	NA
BND00001145	X	26164249	C	C]22:20949437]	417	PASS	TRUE	BND	22	26164250	0	0	3to3	-4,4	-4,4	60	0	5	7	0.980132	TGACAAGCCACTCATACAACCCCACCCACAGTGAGGAACCTCCACAATAAAGAGGAACCACAAGCTGCCAGAATACAGAAAGGCCACCCCAAATACAGCAATCTAACTGATGCTGAAGCTGAAACTCCAATGTTTTGGTCACCTGATGTAA	1.91566	NA	20949437	X	24733567	26763395	2029829	+	NA	copy_number_loss	NA	NA	657666-4	71700		NA	26735000	Region	.	NA	NA	.	x:26735000:+	26735000:	nssv13524597	nsv2727498	19989907	71700	SO:0001743	NA
BND00001145	X	26164249	C	C]22:20949437]	417	PASS	TRUE	BND	22	26164250	0	0	3to3	-4,4	-4,4	60	0	5	7	0.980132	TGACAAGCCACTCATACAACCCCACCCACAGTGAGGAACCTCCACAATAAAGAGGAACCACAAGCTGCCAGAATACAGAAAGGCCACCCCAAATACAGCAATCTAACTGATGCTGAAGCTGAAACTCCAATGTTTTGGTCACCTGATGTAA	1.91566	NA	20949437	X	24733567	26763395	2029829	+	NA	copy_number_loss	NA	NA	657662-4	71700		NA	26735000	Region	.	NA	NA	.	x:26878641:+	26878641:	nssv13524597	nsv2727498	19989907	71700	SO:0001743	NA
BND00001145	X	26164249	C	C]22:20949437]	417	PASS	TRUE	BND	22	26164250	0	0	3to3	-4,4	-4,4	60	0	5	7	0.980132	TGACAAGCCACTCATACAACCCCACCCACAGTGAGGAACCTCCACAATAAAGAGGAACCACAAGCTGCCAGAATACAGAAAGGCCACCCCAAATACAGCAATCTAACTGATGCTGAAGCTGAAACTCCAATGTTTTGGTCACCTGATGTAA	1.91566	NA	20949437	X	24733567	26763395	2029829	+	NA	copy_number_loss	NA	NA	657685-4	71701		NA	26735000	Region	.	NA	NA	.	x:26735000:+	26735000:	nssv13518439	nsv2727498	19989908	71701	SO:0001743	NA
BND00001145	X	26164249	C	C]22:20949437]	417	PASS	TRUE	BND	22	26164250	0	0	3to3	-4,4	-4,4	60	0	5	7	0.980132	TGACAAGCCACTCATACAACCCCACCCACAGTGAGGAACCTCCACAATAAAGAGGAACCACAAGCTGCCAGAATACAGAAAGGCCACCCCAAATACAGCAATCTAACTGATGCTGAAGCTGAAACTCCAATGTTTTGGTCACCTGATGTAA	1.91566	NA	20949437	X	24733567	26763395	2029829	+	NA	copy_number_loss	NA	NA	657673-4	71738		NA	26735000	Region	.	NA	NA	.	x:26878641:+	26878641:	nssv13525182	nsv2727498	19989870	71738	SO:0001743	NA
BND00001145	X	26164249	C	C]22:20949437]	417	PASS	TRUE	BND	22	26164250	0	0	3to3	-4,4	-4,4	60	0	5	7	0.980132	TGACAAGCCACTCATACAACCCCACCCACAGTGAGGAACCTCCACAATAAAGAGGAACCACAAGCTGCCAGAATACAGAAAGGCCACCCCAAATACAGCAATCTAACTGATGCTGAAGCTGAAACTCCAATGTTTTGGTCACCTGATGTAA	1.91566	NA	20949437	X	24733567	26763395	2029829	+	NA	copy_number_loss	NA	NA	657686-4	71701		NA	26735000	Region	.	NA	NA	.	x:26735000:+	26735000:	nssv13518439	nsv2727498	19989908	71701	SO:0001743	NA
BND00001145	X	26164249	C	C]22:20949437]	417	PASS	TRUE	BND	22	26164250	0	0	3to3	-4,4	-4,4	60	0	5	7	0.980132	TGACAAGCCACTCATACAACCCCACCCACAGTGAGGAACCTCCACAATAAAGAGGAACCACAAGCTGCCAGAATACAGAAAGGCCACCCCAAATACAGCAATCTAACTGATGCTGAAGCTGAAACTCCAATGTTTTGGTCACCTGATGTAA	1.91566	NA	20949437	X	24733567	26763395	2029829	+	NA	copy_number_loss	NA	NA	657690-4	71701		NA	26735000	Region	.	NA	NA	.	x:26878641:+	26878641:	nssv13518439	nsv2727498	19989908	71701	SO:0001743	NA
BND00001145	X	26164249	C	C]22:20949437]	417	PASS	TRUE	BND	22	26164250	0	0	3to3	-4,4	-4,4	60	0	5	7	0.980132	TGACAAGCCACTCATACAACCCCACCCACAGTGAGGAACCTCCACAATAAAGAGGAACCACAAGCTGCCAGAATACAGAAAGGCCACCCCAAATACAGCAATCTAACTGATGCTGAAGCTGAAACTCCAATGTTTTGGTCACCTGATGTAA	1.91566	NA	20949437	X	24733567	26763395	2029829	+	NA	copy_number_loss	NA	NA	657674-4	71738		NA	26735000	Region	.	NA	NA	.	x:26735000:+	26735000:	nssv13525182	nsv2727498	19989870	71738	SO:0001743	NA
BND00001145	X	26164249	C	C]22:20949437]	417	PASS	TRUE	BND	22	26164250	0	0	3to3	-4,4	-4,4	60	0	5	7	0.980132	TGACAAGCCACTCATACAACCCCACCCACAGTGAGGAACCTCCACAATAAAGAGGAACCACAAGCTGCCAGAATACAGAAAGGCCACCCCAAATACAGCAATCTAACTGATGCTGAAGCTGAAACTCCAATGTTTTGGTCACCTGATGTAA	1.91566	NA	20949437	X	24733567	26763395	2029829	+	NA	copy_number_loss	NA	NA	657678-4	71738		NA	26735000	Region	.	NA	NA	.	x:26735000:+	26735000:	nssv13525182	nsv2727498	19989870	71738	SO:0001743	NA
BND00001145	X	26164249	C	C]22:20949437]	417	PASS	TRUE	BND	22	26164250	0	0	3to3	-4,4	-4,4	60	0	5	7	0.980132	TGACAAGCCACTCATACAACCCCACCCACAGTGAGGAACCTCCACAATAAAGAGGAACCACAAGCTGCCAGAATACAGAAAGGCCACCCCAAATACAGCAATCTAACTGATGCTGAAGCTGAAACTCCAATGTTTTGGTCACCTGATGTAA	1.91566	NA	20949437	X	26010350	26763395	753046	+	NA	copy_number_loss	NA	NA	673429-2	71737		NA	26735000	Region	.	NA	NA	.	x:26878641:+	26878641:	nssv13518821	nsv2727498	19949831	71737	SO:0001743	NA
BND00001145	X	26164249	C	C]22:20949437]	417	PASS	TRUE	BND	22	26164250	0	0	3to3	-4,4	-4,4	60	0	5	7	0.980132	TGACAAGCCACTCATACAACCCCACCCACAGTGAGGAACCTCCACAATAAAGAGGAACCACAAGCTGCCAGAATACAGAAAGGCCACCCCAAATACAGCAATCTAACTGATGCTGAAGCTGAAACTCCAATGTTTTGGTCACCTGATGTAA	1.91566	NA	20949437	X	26010350	26763395	753046	+	NA	copy_number_loss	NA	NA	673428-2	71737		NA	26735000	Region	.	NA	NA	.	x:26735000:+	26735000:	nssv13518821	nsv2727498	19949831	71737	SO:0001743	NA
BND00001145	X	26164249	C	C]22:20949437]	417	PASS	TRUE	BND	22	26164250	0	0	3to3	-4,4	-4,4	60	0	5	7	0.980132	TGACAAGCCACTCATACAACCCCACCCACAGTGAGGAACCTCCACAATAAAGAGGAACCACAAGCTGCCAGAATACAGAAAGGCCACCCCAAATACAGCAATCTAACTGATGCTGAAGCTGAAACTCCAATGTTTTGGTCACCTGATGTAA	1.91566	NA	20949437	X	26010350	26763395	753046	+	NA	copy_number_loss	NA	NA	673427-2	71737		NA	26735000	Region	.	NA	NA	.	x:26735000:+	26735000:	nssv13518821	nsv2727498	19949831	71737	SO:0001743	NA
BND00001145	X	26164249	C	C]22:20949437]	417	PASS	TRUE	BND	22	26164250	0	0	3to3	-4,4	-4,4	60	0	5	7	0.980132	TGACAAGCCACTCATACAACCCCACCCACAGTGAGGAACCTCCACAATAAAGAGGAACCACAAGCTGCCAGAATACAGAAAGGCCACCCCAAATACAGCAATCTAACTGATGCTGAAGCTGAAACTCCAATGTTTTGGTCACCTGATGTAA	1.91566	NA	20949437	X	26099500	26306303	206804	+	NA	copy_number_loss	NA	NA	674881-2	71727		NA	26277500	Region	.	NA	NA	.	x:26412162:+	26412162:	nssv13515866	nsv2727498	19989921	71727	SO:0001743	NA
BND00001145	X	26164249	C	C]22:20949437]	417	PASS	TRUE	BND	22	26164250	0	0	3to3	-4,4	-4,4	60	0	5	7	0.980132	TGACAAGCCACTCATACAACCCCACCCACAGTGAGGAACCTCCACAATAAAGAGGAACCACAAGCTGCCAGAATACAGAAAGGCCACCCCAAATACAGCAATCTAACTGATGCTGAAGCTGAAACTCCAATGTTTTGGTCACCTGATGTAA	1.91566	NA	20949437	X	26099500	26306303	206804	+	NA	copy_number_loss	NA	NA	674882-2	71727		NA	26277500	Region	.	NA	NA	.	x:26277500:+	26277500:	nssv13515866	nsv2727498	19989921	71727	SO:0001743	NA
BND00001145	X	26164249	C	C]22:20949437]	417	PASS	TRUE	BND	22	26164250	0	0	3to3	-4,4	-4,4	60	0	5	7	0.980132	TGACAAGCCACTCATACAACCCCACCCACAGTGAGGAACCTCCACAATAAAGAGGAACCACAAGCTGCCAGAATACAGAAAGGCCACCCCAAATACAGCAATCTAACTGATGCTGAAGCTGAAACTCCAATGTTTTGGTCACCTGATGTAA	1.91566	NA	20949437	X	26099500	26306303	206804	+	NA	copy_number_loss	NA	NA	674886-2	71727		NA	26277500	Region	.	NA	NA	.	x:26277500:+	26277500:	nssv13515866	nsv2727498	19989921	71727	SO:0001743	NA
INS00001166	X	75806277	C	<INS>	160	PASS	TRUE	INS	NA	75806278	0	0	NtoN	-9,9	-9,9	60	26	8	3	1	AGTCGTGTCCAACAACCCTCAGCGACCCCATGGACTAAAGCCTTCCAGGCTCCTCCATCCGTGGGATTTTCCAGGCAAGAGGGGCTACATTAAAAAAAAAAACAAAA	1.95038	26	NA	X	74835561	76609382	1773822	+	NA	copy_number_variation	NA	NA	718185	CNVR1282		Reciprocal 50% Overlap	81662500	Region	.	CNVR1282	SO:0001019	.	NA	NA	NA	NA	NA	NA	NA	NA
INS00001166	X	75806277	C	<INS>	160	PASS	TRUE	INS	NA	75806278	0	0	NtoN	-9,9	-9,9	60	26	8	3	1	AGTCGTGTCCAACAACCCTCAGCGACCCCATGGACTAAAGCCTTCCAGGCTCCTCCATCCGTGGGATTTTCCAGGCAAGAGGGGCTACATTAAAAAAAAAAACAAAA	1.95038	26	NA	X	74920291	76216325	1296035	+	NA	copy_number_loss	NA	NA	718197	73050		NA	81247500	Region	.	NA	NA	.	x:81247500:+	81247500:	nssv13520895	nsv2727517	19989834	73050	SO:0001743	NA
INS00001166	X	75806277	C	<INS>	160	PASS	TRUE	INS	NA	75806278	0	0	NtoN	-9,9	-9,9	60	26	8	3	1	AGTCGTGTCCAACAACCCTCAGCGACCCCATGGACTAAAGCCTTCCAGGCTCCTCCATCCGTGGGATTTTCCAGGCAAGAGGGGCTACATTAAAAAAAAAAACAAAA	1.95038	26	NA	X	74920291	76216325	1296035	+	NA	copy_number_loss	NA	NA	718196	73050		NA	81247500	Region	.	NA	NA	.	x:82199277:+	82199277:	nssv13520895	nsv2727517	19989834	73050	SO:0001743	NA
INS00001166	X	75806277	C	<INS>	160	PASS	TRUE	INS	NA	75806278	0	0	NtoN	-9,9	-9,9	60	26	8	3	1	AGTCGTGTCCAACAACCCTCAGCGACCCCATGGACTAAAGCCTTCCAGGCTCCTCCATCCGTGGGATTTTCCAGGCAAGAGGGGCTACATTAAAAAAAAAAACAAAA	1.95038	26	NA	X	74920291	76216325	1296035	+	NA	copy_number_loss	NA	NA	718211	73049		NA	81247500	Region	.	NA	NA	.	x:82199277:+	82199277:	nssv13513076	nsv2727517	19969821	73049	SO:0001743	NA
INS00001166	X	75806277	C	<INS>	160	PASS	TRUE	INS	NA	75806278	0	0	NtoN	-9,9	-9,9	60	26	8	3	1	AGTCGTGTCCAACAACCCTCAGCGACCCCATGGACTAAAGCCTTCCAGGCTCCTCCATCCGTGGGATTTTCCAGGCAAGAGGGGCTACATTAAAAAAAAAAACAAAA	1.95038	26	NA	X	74920291	76216325	1296035	+	NA	copy_number_loss	NA	NA	718212	73049		NA	81247500	Region	.	NA	NA	.	x:81247500:+	81247500:	nssv13513076	nsv2727517	19969821	73049	SO:0001743	NA
INS00001166	X	75806277	C	<INS>	160	PASS	TRUE	INS	NA	75806278	0	0	NtoN	-9,9	-9,9	60	26	8	3	1	AGTCGTGTCCAACAACCCTCAGCGACCCCATGGACTAAAGCCTTCCAGGCTCCTCCATCCGTGGGATTTTCCAGGCAAGAGGGGCTACATTAAAAAAAAAAACAAAA	1.95038	26	NA	X	74920291	76216325	1296035	+	NA	copy_number_loss	NA	NA	718216	73049		NA	81247500	Region	.	NA	NA	.	x:81247500:+	81247500:	nssv13513076	nsv2727517	19969821	73049	SO:0001743	NA
INS00001166	X	75806277	C	<INS>	160	PASS	TRUE	INS	NA	75806278	0	0	NtoN	-9,9	-9,9	60	26	8	3	1	AGTCGTGTCCAACAACCCTCAGCGACCCCATGGACTAAAGCCTTCCAGGCTCCTCCATCCGTGGGATTTTCCAGGCAAGAGGGGCTACATTAAAAAAAAAAACAAAA	1.95038	26	NA	X	74920291	76216325	1296035	+	NA	copy_number_loss	NA	NA	718195	73050		NA	81247500	Region	.	NA	NA	.	x:81247500:+	81247500:	nssv13520895	nsv2727517	19989834	73050	SO:0001743	NA
INS00001166	X	75806277	C	<INS>	160	PASS	TRUE	INS	NA	75806278	0	0	NtoN	-9,9	-9,9	60	26	8	3	1	AGTCGTGTCCAACAACCCTCAGCGACCCCATGGACTAAAGCCTTCCAGGCTCCTCCATCCGTGGGATTTTCCAGGCAAGAGGGGCTACATTAAAAAAAAAAACAAAA	1.95038	26	NA	X	74920291	76046816	1126526	+	NA	copy_number_loss	NA	NA	718201	73078		NA	81075000	Region	.	NA	NA	.	x:81075000:+	81075000:	nssv13521236	nsv2727517	19989907	73078	SO:0001743	NA
INS00001166	X	75806277	C	<INS>	160	PASS	TRUE	INS	NA	75806278	0	0	NtoN	-9,9	-9,9	60	26	8	3	1	AGTCGTGTCCAACAACCCTCAGCGACCCCATGGACTAAAGCCTTCCAGGCTCCTCCATCCGTGGGATTTTCCAGGCAAGAGGGGCTACATTAAAAAAAAAAACAAAA	1.95038	26	NA	X	74920291	76046816	1126526	+	NA	copy_number_loss	NA	NA	718202	73078		NA	81075000	Region	.	NA	NA	.	x:81075000:+	81075000:	nssv13521236	nsv2727517	19989907	73078	SO:0001743	NA
INS00001166	X	75806277	C	<INS>	160	PASS	TRUE	INS	NA	75806278	0	0	NtoN	-9,9	-9,9	60	26	8	3	1	AGTCGTGTCCAACAACCCTCAGCGACCCCATGGACTAAAGCCTTCCAGGCTCCTCCATCCGTGGGATTTTCCAGGCAAGAGGGGCTACATTAAAAAAAAAAACAAAA	1.95038	26	NA	X	74920291	76046816	1126526	+	NA	copy_number_loss	NA	NA	718203	73078		NA	81075000	Region	.	NA	NA	.	x:82029170:+	82029170:	nssv13521236	nsv2727517	19989907	73078	SO:0001743	NA
INS00001166	X	75806277	C	<INS>	160	PASS	TRUE	INS	NA	75806278	0	0	NtoN	-9,9	-9,9	60	26	8	3	1	AGTCGTGTCCAACAACCCTCAGCGACCCCATGGACTAAAGCCTTCCAGGCTCCTCCATCCGTGGGATTTTCCAGGCAAGAGGGGCTACATTAAAAAAAAAAACAAAA	1.95038	26	NA	X	75372276	76609382	1237107	+	NA	copy_number_loss	NA	NA	718359	73095		NA	81662500	Region	.	NA	NA	.	x:81662500:+	81662500:	nssv13513211	nsv2727517	19989921	73095	SO:0001743	NA
INS00001166	X	75806277	C	<INS>	160	PASS	TRUE	INS	NA	75806278	0	0	NtoN	-9,9	-9,9	60	26	8	3	1	AGTCGTGTCCAACAACCCTCAGCGACCCCATGGACTAAAGCCTTCCAGGCTCCTCCATCCGTGGGATTTTCCAGGCAAGAGGGGCTACATTAAAAAAAAAAACAAAA	1.95038	26	NA	X	75372276	76609382	1237107	+	NA	copy_number_loss	NA	NA	718358	73095		NA	81662500	Region	.	NA	NA	.	x:82618491:+	82618491:	nssv13513211	nsv2727517	19989921	73095	SO:0001743	NA
INS00001166	X	75806277	C	<INS>	160	PASS	TRUE	INS	NA	75806278	0	0	NtoN	-9,9	-9,9	60	26	8	3	1	AGTCGTGTCCAACAACCCTCAGCGACCCCATGGACTAAAGCCTTCCAGGCTCCTCCATCCGTGGGATTTTCCAGGCAAGAGGGGCTACATTAAAAAAAAAAACAAAA	1.95038	26	NA	X	75372276	76609382	1237107	+	NA	copy_number_loss	NA	NA	718357	73095		NA	81662500	Region	.	NA	NA	.	x:81662500:+	81662500:	nssv13513211	nsv2727517	19989921	73095	SO:0001743	NA
INS00001166	X	75806277	C	<INS>	160	PASS	TRUE	INS	NA	75806278	0	0	NtoN	-9,9	-9,9	60	26	8	3	1	AGTCGTGTCCAACAACCCTCAGCGACCCCATGGACTAAAGCCTTCCAGGCTCCTCCATCCGTGGGATTTTCCAGGCAAGAGGGGCTACATTAAAAAAAAAAACAAAA	1.95038	26	NA	X	75555992	76046816	490825	+	NA	copy_number_loss	NA	NA	718429	73081		NA	81075000	Region	.	NA	NA	.	x:81075000:+	81075000:	nssv13523733	nsv2727517	19989908	73081	SO:0001743	NA
INS00001166	X	75806277	C	<INS>	160	PASS	TRUE	INS	NA	75806278	0	0	NtoN	-9,9	-9,9	60	26	8	3	1	AGTCGTGTCCAACAACCCTCAGCGACCCCATGGACTAAAGCCTTCCAGGCTCCTCCATCCGTGGGATTTTCCAGGCAAGAGGGGCTACATTAAAAAAAAAAACAAAA	1.95038	26	NA	X	75555992	76046816	490825	+	NA	copy_number_loss	NA	NA	718431	73081		NA	81075000	Region	.	NA	NA	.	x:81075000:+	81075000:	nssv13523733	nsv2727517	19989908	73081	SO:0001743	NA
INS00001166	X	75806277	C	<INS>	160	PASS	TRUE	INS	NA	75806278	0	0	NtoN	-9,9	-9,9	60	26	8	3	1	AGTCGTGTCCAACAACCCTCAGCGACCCCATGGACTAAAGCCTTCCAGGCTCCTCCATCCGTGGGATTTTCCAGGCAAGAGGGGCTACATTAAAAAAAAAAACAAAA	1.95038	26	NA	X	75555992	76046816	490825	+	NA	copy_number_loss	NA	NA	718430	73081		NA	81075000	Region	.	NA	NA	.	x:82029170:+	82029170:	nssv13523733	nsv2727517	19989908	73081	SO:0001743	NA
INS00001166	X	75806277	C	<INS>	160	PASS	TRUE	INS	NA	75806278	0	0	NtoN	-9,9	-9,9	60	26	8	3	1	AGTCGTGTCCAACAACCCTCAGCGACCCCATGGACTAAAGCCTTCCAGGCTCCTCCATCCGTGGGATTTTCCAGGCAAGAGGGGCTACATTAAAAAAAAAAACAAAA	1.95038	26	NA	X	75555992	76046816	490825	+	NA	copy_number_loss	NA	NA	718435	73098		NA	81075000	Region	.	NA	NA	.	x:81075000:+	81075000:	nssv13522943	nsv2727517	19949831	73098	SO:0001743	NA
INS00001166	X	75806277	C	<INS>	160	PASS	TRUE	INS	NA	75806278	0	0	NtoN	-9,9	-9,9	60	26	8	3	1	AGTCGTGTCCAACAACCCTCAGCGACCCCATGGACTAAAGCCTTCCAGGCTCCTCCATCCGTGGGATTTTCCAGGCAAGAGGGGCTACATTAAAAAAAAAAACAAAA	1.95038	26	NA	X	75555992	76046816	490825	+	NA	copy_number_loss	NA	NA	718436	73098		NA	81075000	Region	.	NA	NA	.	x:81075000:+	81075000:	nssv13522943	nsv2727517	19949831	73098	SO:0001743	NA
INS00001166	X	75806277	C	<INS>	160	PASS	TRUE	INS	NA	75806278	0	0	NtoN	-9,9	-9,9	60	26	8	3	1	AGTCGTGTCCAACAACCCTCAGCGACCCCATGGACTAAAGCCTTCCAGGCTCCTCCATCCGTGGGATTTTCCAGGCAAGAGGGGCTACATTAAAAAAAAAAACAAAA	1.95038	26	NA	X	75555992	76046816	490825	+	NA	copy_number_loss	NA	NA	718437	73098		NA	81075000	Region	.	NA	NA	.	x:82029170:+	82029170:	nssv13522943	nsv2727517	19949831	73098	SO:0001743	NA
INS00001166	X	75806277	C	<INS>	160	PASS	TRUE	INS	NA	75806278	0	0	NtoN	-9,9	-9,9	60	26	8	3	1	AGTCGTGTCCAACAACCCTCAGCGACCCCATGGACTAAAGCCTTCCAGGCTCCTCCATCCGTGGGATTTTCCAGGCAAGAGGGGCTACATTAAAAAAAAAAACAAAA	1.95038	26	NA	X	75555992	76046816	490825	+	NA	copy_number_loss	NA	NA	718423	73101		NA	81075000	Region	.	NA	NA	.	x:81075000:+	81075000:	nssv13514082	nsv2727517	19989870	73101	SO:0001743	NA
INS00001166	X	75806277	C	<INS>	160	PASS	TRUE	INS	NA	75806278	0	0	NtoN	-9,9	-9,9	60	26	8	3	1	AGTCGTGTCCAACAACCCTCAGCGACCCCATGGACTAAAGCCTTCCAGGCTCCTCCATCCGTGGGATTTTCCAGGCAAGAGGGGCTACATTAAAAAAAAAAACAAAA	1.95038	26	NA	X	75555992	76046816	490825	+	NA	copy_number_loss	NA	NA	718425	73101		NA	81075000	Region	.	NA	NA	.	x:81075000:+	81075000:	nssv13514082	nsv2727517	19989870	73101	SO:0001743	NA
INS00001166	X	75806277	C	<INS>	160	PASS	TRUE	INS	NA	75806278	0	0	NtoN	-9,9	-9,9	60	26	8	3	1	AGTCGTGTCCAACAACCCTCAGCGACCCCATGGACTAAAGCCTTCCAGGCTCCTCCATCCGTGGGATTTTCCAGGCAAGAGGGGCTACATTAAAAAAAAAAACAAAA	1.95038	26	NA	X	75555992	76046816	490825	+	NA	copy_number_loss	NA	NA	718424	73101		NA	81075000	Region	.	NA	NA	.	x:82029170:+	82029170:	nssv13514082	nsv2727517	19989870	73101	SO:0001743	NA
INS00001166	X	75806277	C	<INS>	160	PASS	TRUE	INS	NA	75806278	0	0	NtoN	-9,9	-9,9	60	26	8	3	1	AGTCGTGTCCAACAACCCTCAGCGACCCCATGGACTAAAGCCTTCCAGGCTCCTCCATCCGTGGGATTTTCCAGGCAAGAGGGGCTACATTAAAAAAAAAAACAAAA	1.95038	26	NA	X	75794320	75806819	12500	+	NA	copy_number_loss	NA	NA	718488	73106		NA	80835000	Region	.	NA	NA	.	x:81789170:+	81789170:	nssv13516303	nsv2727517	19989885	73106	SO:0001743	NA
INS00001166	X	75806277	C	<INS>	160	PASS	TRUE	INS	NA	75806278	0	0	NtoN	-9,9	-9,9	60	26	8	3	1	AGTCGTGTCCAACAACCCTCAGCGACCCCATGGACTAAAGCCTTCCAGGCTCCTCCATCCGTGGGATTTTCCAGGCAAGAGGGGCTACATTAAAAAAAAAAACAAAA	1.95038	26	NA	X	75794320	75806819	12500	+	NA	copy_number_loss	NA	NA	718489	73106		NA	80835000	Region	.	NA	NA	.	x:80835000:+	80835000:	nssv13516303	nsv2727517	19989885	73106	SO:0001743	NA
INS00001166	X	75806277	C	<INS>	160	PASS	TRUE	INS	NA	75806278	0	0	NtoN	-9,9	-9,9	60	26	8	3	1	AGTCGTGTCCAACAACCCTCAGCGACCCCATGGACTAAAGCCTTCCAGGCTCCTCCATCCGTGGGATTTTCCAGGCAAGAGGGGCTACATTAAAAAAAAAAACAAAA	1.95038	26	NA	X	75794320	75806819	12500	+	NA	copy_number_loss	NA	NA	718487	73106		NA	80835000	Region	.	NA	NA	.	x:80835000:+	80835000:	nssv13516303	nsv2727517	19989885	73106	SO:0001743	NA
INS00001166	X	75806277	C	<INS>	160	PASS	TRUE	INS	NA	75806278	0	0	NtoN	-9,9	-9,9	60	26	8	3	1	AGTCGTGTCCAACAACCCTCAGCGACCCCATGGACTAAAGCCTTCCAGGCTCCTCCATCCGTGGGATTTTCCAGGCAAGAGGGGCTACATTAAAAAAAAAAACAAAA	1.95038	26	NA	X	75796820	76143362	346543	+	NA	copy_number_loss	NA	NA	718495	73059		NA	81172500	Region	.	NA	NA	.	x:81172500:+	81172500:	nssv13512092	nsv2727517	19989843	73059	SO:0001743	NA
INS00001166	X	75806277	C	<INS>	160	PASS	TRUE	INS	NA	75806278	0	0	NtoN	-9,9	-9,9	60	26	8	3	1	AGTCGTGTCCAACAACCCTCAGCGACCCCATGGACTAAAGCCTTCCAGGCTCCTCCATCCGTGGGATTTTCCAGGCAAGAGGGGCTACATTAAAAAAAAAAACAAAA	1.95038	26	NA	X	75796820	76143362	346543	+	NA	copy_number_loss	NA	NA	718494	73059		NA	81172500	Region	.	NA	NA	.	x:81172500:+	81172500:	nssv13512092	nsv2727517	19989843	73059	SO:0001743	NA
INS00001166	X	75806277	C	<INS>	160	PASS	TRUE	INS	NA	75806278	0	0	NtoN	-9,9	-9,9	60	26	8	3	1	AGTCGTGTCCAACAACCCTCAGCGACCCCATGGACTAAAGCCTTCCAGGCTCCTCCATCCGTGGGATTTTCCAGGCAAGAGGGGCTACATTAAAAAAAAAAACAAAA	1.95038	26	NA	X	75796820	76143362	346543	+	NA	copy_number_loss	NA	NA	718493	73059		NA	81172500	Region	.	NA	NA	.	x:82124277:+	82124277:	nssv13512092	nsv2727517	19989843	73059	SO:0001743	NA
INS00001166	X	75806277	C	<INS>	160	PASS	TRUE	INS	NA	75806278	0	0	NtoN	-9,9	-9,9	60	26	8	3	1	AGTCGTGTCCAACAACCCTCAGCGACCCCATGGACTAAAGCCTTCCAGGCTCCTCCATCCGTGGGATTTTCCAGGCAAGAGGGGCTACATTAAAAAAAAAAACAAAA	1.95038	26	NA	X	75801820	75809319	7500	+	NA	copy_number_loss	NA	NA	718500	73123		NA	80837500	Region	.	NA	NA	.	x:81791670:+	81791670:	nssv13525356	nsv2727517	19989814	73123	SO:0001743	NA
INS00001166	X	75806277	C	<INS>	160	PASS	TRUE	INS	NA	75806278	0	0	NtoN	-9,9	-9,9	60	26	8	3	1	AGTCGTGTCCAACAACCCTCAGCGACCCCATGGACTAAAGCCTTCCAGGCTCCTCCATCCGTGGGATTTTCCAGGCAAGAGGGGCTACATTAAAAAAAAAAACAAAA	1.95038	26	NA	X	75801820	75809319	7500	+	NA	copy_number_loss	NA	NA	718501	73123		NA	80837500	Region	.	NA	NA	.	x:80837500:+	80837500:	nssv13525356	nsv2727517	19989814	73123	SO:0001743	NA
INS00001166	X	75806277	C	<INS>	160	PASS	TRUE	INS	NA	75806278	0	0	NtoN	-9,9	-9,9	60	26	8	3	1	AGTCGTGTCCAACAACCCTCAGCGACCCCATGGACTAAAGCCTTCCAGGCTCCTCCATCCGTGGGATTTTCCAGGCAAGAGGGGCTACATTAAAAAAAAAAACAAAA	1.95038	26	NA	X	75801820	75809319	7500	+	NA	copy_number_loss	NA	NA	718499	73123		NA	80837500	Region	.	NA	NA	.	x:80837500:+	80837500:	nssv13525356	nsv2727517	19989814	73123	SO:0001743	NA
DEL00001170	X	84658777	T	<DEL>	300	PASS	TRUE	DEL	NA	84658822	0	0	3to5	-3,3	-3,3	60	0	2	5	1	TGATGGACAGGGAGGCCTGGCGTGCTGCGATTCATGGGGTTGCAAAGAGCTGGACACGACTGAGCGATGGATCTGATCTGATCTGATCTGAAAGTCATTTTAATAGAAGTTCTTGATTGAAGTTCTTACTGATGATTCTACTATTACTTCT	1.96301	NA	NA	X	84350434	85542463	1192030	+	NA	copy_number_variation	NA	NA	721925	CNVR1288		Reciprocal 50% Overlap	90805000	Region	.	CNVR1288	SO:0001019	.	NA	NA	NA	NA	NA	NA	NA	NA
DEL00001170	X	84658777	T	<DEL>	300	PASS	TRUE	DEL	NA	84658822	0	0	3to5	-3,3	-3,3	60	0	2	5	1	TGATGGACAGGGAGGCCTGGCGTGCTGCGATTCATGGGGTTGCAAAGAGCTGGACACGACTGAGCGATGGATCTGATCTGATCTGATCTGAAAGTCATTTTAATAGAAGTTCTTGATTGAAGTTCTTACTGATGATTCTACTATTACTTCT	1.96301	NA	NA	X	84350434	85186722	836289	+	NA	copy_number_loss	NA	NA	721918	73360		NA	90447500	Region	.	NA	NA	.	x:90447500:+	90447500:	nssv13527408	nsv2727523	19989843	73360	SO:0001743	NA
DEL00001170	X	84658777	T	<DEL>	300	PASS	TRUE	DEL	NA	84658822	0	0	3to5	-3,3	-3,3	60	0	2	5	1	TGATGGACAGGGAGGCCTGGCGTGCTGCGATTCATGGGGTTGCAAAGAGCTGGACACGACTGAGCGATGGATCTGATCTGATCTGATCTGAAAGTCATTTTAATAGAAGTTCTTGATTGAAGTTCTTACTGATGATTCTACTATTACTTCT	1.96301	NA	NA	X	84350434	85186722	836289	+	NA	copy_number_loss	NA	NA	721923	73360		NA	90447500	Region	.	NA	NA	.	x:90447500:+	90447500:	nssv13527408	nsv2727523	19989843	73360	SO:0001743	NA
DEL00001170	X	84658777	T	<DEL>	300	PASS	TRUE	DEL	NA	84658822	0	0	3to5	-3,3	-3,3	60	0	2	5	1	TGATGGACAGGGAGGCCTGGCGTGCTGCGATTCATGGGGTTGCAAAGAGCTGGACACGACTGAGCGATGGATCTGATCTGATCTGATCTGAAAGTCATTTTAATAGAAGTTCTTGATTGAAGTTCTTACTGATGATTCTACTATTACTTCT	1.96301	NA	NA	X	84350434	85186722	836289	+	NA	copy_number_loss	NA	NA	721919	73360		NA	90447500	Region	.	NA	NA	.	x:91474450:+	91474450:	nssv13527408	nsv2727523	19989843	73360	SO:0001743	NA
DEL00001170	X	84658777	T	<DEL>	300	PASS	TRUE	DEL	NA	84658822	0	0	3to5	-3,3	-3,3	60	0	2	5	1	TGATGGACAGGGAGGCCTGGCGTGCTGCGATTCATGGGGTTGCAAAGAGCTGGACACGACTGAGCGATGGATCTGATCTGATCTGATCTGAAAGTCATTTTAATAGAAGTTCTTGATTGAAGTTCTTACTGATGATTCTACTATTACTTCT	1.96301	NA	NA	X	84537438	85542463	1005026	+	NA	copy_number_loss	NA	NA	721969	73461		NA	90805000	Region	.	NA	NA	.	x:91833743:+	91833743:	nssv13515570	nsv2727523	19989870	73461	SO:0001743	NA
DEL00001170	X	84658777	T	<DEL>	300	PASS	TRUE	DEL	NA	84658822	0	0	3to5	-3,3	-3,3	60	0	2	5	1	TGATGGACAGGGAGGCCTGGCGTGCTGCGATTCATGGGGTTGCAAAGAGCTGGACACGACTGAGCGATGGATCTGATCTGATCTGATCTGAAAGTCATTTTAATAGAAGTTCTTGATTGAAGTTCTTACTGATGATTCTACTATTACTTCT	1.96301	NA	NA	X	84537438	85542463	1005026	+	NA	copy_number_loss	NA	NA	721973	73461		NA	90805000	Region	.	NA	NA	.	x:90805000:+	90805000:	nssv13515570	nsv2727523	19989870	73461	SO:0001743	NA
DEL00001170	X	84658777	T	<DEL>	300	PASS	TRUE	DEL	NA	84658822	0	0	3to5	-3,3	-3,3	60	0	2	5	1	TGATGGACAGGGAGGCCTGGCGTGCTGCGATTCATGGGGTTGCAAAGAGCTGGACACGACTGAGCGATGGATCTGATCTGATCTGATCTGAAAGTCATTTTAATAGAAGTTCTTGATTGAAGTTCTTACTGATGATTCTACTATTACTTCT	1.96301	NA	NA	X	84537438	85542463	1005026	+	NA	copy_number_loss	NA	NA	721968	73461		NA	90805000	Region	.	NA	NA	.	x:90805000:+	90805000:	nssv13515570	nsv2727523	19989870	73461	SO:0001743	NA
DEL00001170	X	84658777	T	<DEL>	300	PASS	TRUE	DEL	NA	84658822	0	0	3to5	-3,3	-3,3	60	0	2	5	1	TGATGGACAGGGAGGCCTGGCGTGCTGCGATTCATGGGGTTGCAAAGAGCTGGACACGACTGAGCGATGGATCTGATCTGATCTGATCTGAAAGTCATTTTAATAGAAGTTCTTGATTGAAGTTCTTACTGATGATTCTACTATTACTTCT	1.96301	NA	NA	X	84537438	85542463	1005026	+	NA	copy_number_loss	NA	NA	721964	73456		NA	90805000	Region	.	NA	NA	.	x:91833743:+	91833743:	nssv13515064	nsv2727523	19949831	73456	SO:0001743	NA
DEL00001170	X	84658777	T	<DEL>	300	PASS	TRUE	DEL	NA	84658822	0	0	3to5	-3,3	-3,3	60	0	2	5	1	TGATGGACAGGGAGGCCTGGCGTGCTGCGATTCATGGGGTTGCAAAGAGCTGGACACGACTGAGCGATGGATCTGATCTGATCTGATCTGAAAGTCATTTTAATAGAAGTTCTTGATTGAAGTTCTTACTGATGATTCTACTATTACTTCT	1.96301	NA	NA	X	84537438	85542463	1005026	+	NA	copy_number_loss	NA	NA	721966	73456		NA	90805000	Region	.	NA	NA	.	x:90805000:+	90805000:	nssv13515064	nsv2727523	19949831	73456	SO:0001743	NA
DEL00001170	X	84658777	T	<DEL>	300	PASS	TRUE	DEL	NA	84658822	0	0	3to5	-3,3	-3,3	60	0	2	5	1	TGATGGACAGGGAGGCCTGGCGTGCTGCGATTCATGGGGTTGCAAAGAGCTGGACACGACTGAGCGATGGATCTGATCTGATCTGATCTGAAAGTCATTTTAATAGAAGTTCTTGATTGAAGTTCTTACTGATGATTCTACTATTACTTCT	1.96301	NA	NA	X	84537438	85542463	1005026	+	NA	copy_number_loss	NA	NA	721965	73456		NA	90805000	Region	.	NA	NA	.	x:90805000:+	90805000:	nssv13515064	nsv2727523	19949831	73456	SO:0001743	NA
DEL00001170	X	84658777	T	<DEL>	300	PASS	TRUE	DEL	NA	84658822	0	0	3to5	-3,3	-3,3	60	0	2	5	1	TGATGGACAGGGAGGCCTGGCGTGCTGCGATTCATGGGGTTGCAAAGAGCTGGACACGACTGAGCGATGGATCTGATCTGATCTGATCTGAAAGTCATTTTAATAGAAGTTCTTGATTGAAGTTCTTACTGATGATTCTACTATTACTTCT	1.96301	NA	NA	X	84537438	85542463	1005026	+	NA	copy_number_loss	NA	NA	721979	73408		NA	90805000	Region	.	NA	NA	.	x:91833743:+	91833743:	nssv13516509	nsv2727523	19989908	73408	SO:0001743	NA
DEL00001170	X	84658777	T	<DEL>	300	PASS	TRUE	DEL	NA	84658822	0	0	3to5	-3,3	-3,3	60	0	2	5	1	TGATGGACAGGGAGGCCTGGCGTGCTGCGATTCATGGGGTTGCAAAGAGCTGGACACGACTGAGCGATGGATCTGATCTGATCTGATCTGAAAGTCATTTTAATAGAAGTTCTTGATTGAAGTTCTTACTGATGATTCTACTATTACTTCT	1.96301	NA	NA	X	84537438	85542463	1005026	+	NA	copy_number_loss	NA	NA	721974	73408		NA	90805000	Region	.	NA	NA	.	x:90805000:+	90805000:	nssv13516509	nsv2727523	19989908	73408	SO:0001743	NA
DEL00001170	X	84658777	T	<DEL>	300	PASS	TRUE	DEL	NA	84658822	0	0	3to5	-3,3	-3,3	60	0	2	5	1	TGATGGACAGGGAGGCCTGGCGTGCTGCGATTCATGGGGTTGCAAAGAGCTGGACACGACTGAGCGATGGATCTGATCTGATCTGATCTGAAAGTCATTTTAATAGAAGTTCTTGATTGAAGTTCTTACTGATGATTCTACTATTACTTCT	1.96301	NA	NA	X	84537438	85542463	1005026	+	NA	copy_number_loss	NA	NA	721987	73407		NA	90805000	Region	.	NA	NA	.	x:91833743:+	91833743:	nssv13527806	nsv2727523	19989907	73407	SO:0001743	NA
DEL00001170	X	84658777	T	<DEL>	300	PASS	TRUE	DEL	NA	84658822	0	0	3to5	-3,3	-3,3	60	0	2	5	1	TGATGGACAGGGAGGCCTGGCGTGCTGCGATTCATGGGGTTGCAAAGAGCTGGACACGACTGAGCGATGGATCTGATCTGATCTGATCTGAAAGTCATTTTAATAGAAGTTCTTGATTGAAGTTCTTACTGATGATTCTACTATTACTTCT	1.96301	NA	NA	X	84537438	85542463	1005026	+	NA	copy_number_loss	NA	NA	721991	73407		NA	90805000	Region	.	NA	NA	.	x:90805000:+	90805000:	nssv13527806	nsv2727523	19989907	73407	SO:0001743	NA
DEL00001170	X	84658777	T	<DEL>	300	PASS	TRUE	DEL	NA	84658822	0	0	3to5	-3,3	-3,3	60	0	2	5	1	TGATGGACAGGGAGGCCTGGCGTGCTGCGATTCATGGGGTTGCAAAGAGCTGGACACGACTGAGCGATGGATCTGATCTGATCTGATCTGAAAGTCATTTTAATAGAAGTTCTTGATTGAAGTTCTTACTGATGATTCTACTATTACTTCT	1.96301	NA	NA	X	84537438	85542463	1005026	+	NA	copy_number_loss	NA	NA	721986	73407		NA	90805000	Region	.	NA	NA	.	x:90805000:+	90805000:	nssv13527806	nsv2727523	19989907	73407	SO:0001743	NA
DEL00001170	X	84658777	T	<DEL>	300	PASS	TRUE	DEL	NA	84658822	0	0	3to5	-3,3	-3,3	60	0	2	5	1	TGATGGACAGGGAGGCCTGGCGTGCTGCGATTCATGGGGTTGCAAAGAGCTGGACACGACTGAGCGATGGATCTGATCTGATCTGATCTGAAAGTCATTTTAATAGAAGTTCTTGATTGAAGTTCTTACTGATGATTCTACTATTACTTCT	1.96301	NA	NA	X	84537438	85542463	1005026	+	NA	copy_number_loss	NA	NA	721982	73354		NA	90805000	Region	.	NA	NA	.	x:91833743:+	91833743:	nssv13526599	nsv2727523	19989834	73354	SO:0001743	NA
DEL00001170	X	84658777	T	<DEL>	300	PASS	TRUE	DEL	NA	84658822	0	0	3to5	-3,3	-3,3	60	0	2	5	1	TGATGGACAGGGAGGCCTGGCGTGCTGCGATTCATGGGGTTGCAAAGAGCTGGACACGACTGAGCGATGGATCTGATCTGATCTGATCTGAAAGTCATTTTAATAGAAGTTCTTGATTGAAGTTCTTACTGATGATTCTACTATTACTTCT	1.96301	NA	NA	X	84537438	85542463	1005026	+	NA	copy_number_loss	NA	NA	721983	73354		NA	90805000	Region	.	NA	NA	.	x:90805000:+	90805000:	nssv13526599	nsv2727523	19989834	73354	SO:0001743	NA
DEL00001170	X	84658777	T	<DEL>	300	PASS	TRUE	DEL	NA	84658822	0	0	3to5	-3,3	-3,3	60	0	2	5	1	TGATGGACAGGGAGGCCTGGCGTGCTGCGATTCATGGGGTTGCAAAGAGCTGGACACGACTGAGCGATGGATCTGATCTGATCTGATCTGAAAGTCATTTTAATAGAAGTTCTTGATTGAAGTTCTTACTGATGATTCTACTATTACTTCT	1.96301	NA	NA	X	84537438	85542463	1005026	+	NA	copy_number_loss	NA	NA	721975	73408		NA	90805000	Region	.	NA	NA	.	x:90805000:+	90805000:	nssv13516509	nsv2727523	19989908	73408	SO:0001743	NA
DEL00001170	X	84658777	T	<DEL>	300	PASS	TRUE	DEL	NA	84658822	0	0	3to5	-3,3	-3,3	60	0	2	5	1	TGATGGACAGGGAGGCCTGGCGTGCTGCGATTCATGGGGTTGCAAAGAGCTGGACACGACTGAGCGATGGATCTGATCTGATCTGATCTGAAAGTCATTTTAATAGAAGTTCTTGATTGAAGTTCTTACTGATGATTCTACTATTACTTCT	1.96301	NA	NA	X	84537438	85542463	1005026	+	NA	copy_number_loss	NA	NA	721984	73354		NA	90805000	Region	.	NA	NA	.	x:90805000:+	90805000:	nssv13526599	nsv2727523	19989834	73354	SO:0001743	NA
