SV_ID	SV_CHROM	SV_START	REF	ALT	QUAL	FILTER	PRECISE	SVTYPE	CHR2	SV_END	PE	MAPQ	CT	CIPOS	CIEND	SRMAPQ	INSLEN	HOMLEN	SR	SRQ	CONSENSUS	CE	SVLEN	POS2	DATASET_CHROM	DATASET_START	DATASET_END	DATASET_SV_LENGTH	DATSET_STRAND	DATASET_SOURCE	DATASET_SV_TYPE	score	phase	DATSET_ID	Alias	Name	breakpoint_detail	breakpoint_range	copy_number	end_range	gbkey	mate_id	parent	remap_score	sample_name	start_range	submitter_variant_call_id	variant_call_so_id	variant_seq	assertion_method	submitter_variant_region_id	variant_region_so_id	part
DEL00000081	2	56212383	T	<DEL>	180	PASS	TRUE	DEL	NA	56212521	0	0	3to5	-11,11	-11,11	60	0	11	3	0.988636	ATATTTGTGTTATGATGATTTCTGATATTAATAGTATTTCTATAATATTTCAAACCACTTTTGAATGTCTGGTTTTTTTTTAATCTGT	1.68466	NA	NA	2	55904681	56444493	539813	+	NA	copy_number_variation	NA	NA	1184	36		NA	NA	NA	.	Region	NA	NA	2.01044	NA	56123711	NA	NA	.	Overlapping calls within sampleset	36	SO:0001019	NA
DEL00000081	2	56212383	T	<DEL>	180	PASS	TRUE	DEL	NA	56212521	0	0	3to5	-11,11	-11,11	60	0	11	3	0.988636	ATATTTGTGTTATGATGATTTCTGATATTAATAGTATTTCTATAATATTTCAAACCACTTTTGAATGTCTGGTTTTTTTTTAATCTGT	1.68466	NA	NA	2	55931550	56444493	512944	+	NA	copy_number_variation	NA	NA	1188	326		NA	NA	NA	.	Region	NA	NA	1.78431	NA	56150583	NA	NA	.	Overlapping calls within sampleset	326	SO:0001019	NA
DEL00000081	2	56212383	T	<DEL>	180	PASS	TRUE	DEL	NA	56212521	0	0	3to5	-11,11	-11,11	60	0	11	3	0.988636	ATATTTGTGTTATGATGATTTCTGATATTAATAGTATTTCTATAATATTTCAAACCACTTTTGAATGTCTGGTTTTTTTTTAATCTGT	1.68466	NA	NA	2	56015459	56444493	429035	+	NA	copy_number_gain	NA	NA	1200	1066		2:58626068:+	:58626068	3	.	Region	nssv1383131	nsv810767	2.10435	20041457	56234795	1066	SO:0001742	.	NA	NA	NA	NA
DEL00000081	2	56212383	T	<DEL>	180	PASS	TRUE	DEL	NA	56212521	0	0	3to5	-11,11	-11,11	60	0	11	3	0.988636	ATATTTGTGTTATGATGATTTCTGATATTAATAGTATTTCTATAATATTTCAAACCACTTTTGAATGTCTGGTTTTTTTTTAATCTGT	1.68466	NA	NA	2	56015459	56444493	429035	+	NA	copy_number_gain	NA	NA	1189	340		2:56665722:+	:56665722	3	.	Region	nssv1382405	nsv810804	2.71369	20001271	56234795	340	SO:0001742	.	NA	NA	NA	NA
DEL00000081	2	56212383	T	<DEL>	180	PASS	TRUE	DEL	NA	56212521	0	0	3to5	-11,11	-11,11	60	0	11	3	0.988636	ATATTTGTGTTATGATGATTTCTGATATTAATAGTATTTCTATAATATTTCAAACCACTTTTGAATGTCTGGTTTTTTTTTAATCTGT	1.68466	NA	NA	2	56015459	56444493	429035	+	NA	copy_number_gain	NA	NA	1191	340		2:56834183:+	:56834183	3	.	Region	nssv1382405	nsv810804	2.71369	20001271	56234795	340	SO:0001742	.	NA	NA	NA	NA
DEL00000081	2	56212383	T	<DEL>	180	PASS	TRUE	DEL	NA	56212521	0	0	3to5	-11,11	-11,11	60	0	11	3	0.988636	ATATTTGTGTTATGATGATTTCTGATATTAATAGTATTTCTATAATATTTCAAACCACTTTTGAATGTCTGGTTTTTTTTTAATCTGT	1.68466	NA	NA	2	56015459	56444493	429035	+	NA	copy_number_gain	NA	NA	1190	340		2:58580086:+	:58580086	3	.	Region	nssv1382405	nsv810804	2.71369	20001271	56234795	340	SO:0001742	.	NA	NA	NA	NA
DEL00000081	2	56212383	T	<DEL>	180	PASS	TRUE	DEL	NA	56212521	0	0	3to5	-11,11	-11,11	60	0	11	3	0.988636	ATATTTGTGTTATGATGATTTCTGATATTAATAGTATTTCTATAATATTTCAAACCACTTTTGAATGTCTGGTTTTTTTTTAATCTGT	1.68466	NA	NA	2	56015459	56444493	429035	+	NA	copy_number_gain	NA	NA	1198	1066		2:56665722:+	:56665722	3	.	Region	nssv1383131	nsv810767	2.10435	20041457	56234795	1066	SO:0001742	.	NA	NA	NA	NA
DEL00000081	2	56212383	T	<DEL>	180	PASS	TRUE	DEL	NA	56212521	0	0	3to5	-11,11	-11,11	60	0	11	3	0.988636	ATATTTGTGTTATGATGATTTCTGATATTAATAGTATTTCTATAATATTTCAAACCACTTTTGAATGTCTGGTTTTTTTTTAATCTGT	1.68466	NA	NA	2	56015459	56444493	429035	+	NA	copy_number_gain	NA	NA	1192	104		2:56665722:+	:56665722	3	.	Region	nssv1382169	nsv810804	2.71369	19941066	56234795	104	SO:0001742	.	NA	NA	NA	NA
DEL00000081	2	56212383	T	<DEL>	180	PASS	TRUE	DEL	NA	56212521	0	0	3to5	-11,11	-11,11	60	0	11	3	0.988636	ATATTTGTGTTATGATGATTTCTGATATTAATAGTATTTCTATAATATTTCAAACCACTTTTGAATGTCTGGTTTTTTTTTAATCTGT	1.68466	NA	NA	2	56015459	56444493	429035	+	NA	copy_number_gain	NA	NA	1194	104		2:56834183:+	:56834183	3	.	Region	nssv1382169	nsv810804	2.71369	19941066	56234795	104	SO:0001742	.	NA	NA	NA	NA
DEL00000081	2	56212383	T	<DEL>	180	PASS	TRUE	DEL	NA	56212521	0	0	3to5	-11,11	-11,11	60	0	11	3	0.988636	ATATTTGTGTTATGATGATTTCTGATATTAATAGTATTTCTATAATATTTCAAACCACTTTTGAATGTCTGGTTTTTTTTTAATCTGT	1.68466	NA	NA	2	56015459	56444493	429035	+	NA	copy_number_gain	NA	NA	1193	104		2:58580086:+	:58580086	3	.	Region	nssv1382169	nsv810804	2.71369	19941066	56234795	104	SO:0001742	.	NA	NA	NA	NA
DEL00000081	2	56212383	T	<DEL>	180	PASS	TRUE	DEL	NA	56212521	0	0	3to5	-11,11	-11,11	60	0	11	3	0.988636	ATATTTGTGTTATGATGATTTCTGATATTAATAGTATTTCTATAATATTTCAAACCACTTTTGAATGTCTGGTTTTTTTTTAATCTGT	1.68466	NA	NA	2	56015459	56444493	429035	+	NA	copy_number_gain	NA	NA	1195	1060		2:56665722:+	:56665722	3	.	Region	nssv1383125	nsv810767	2.71369	20041456	56234795	1060	SO:0001742	.	NA	NA	NA	NA
DEL00000081	2	56212383	T	<DEL>	180	PASS	TRUE	DEL	NA	56212521	0	0	3to5	-11,11	-11,11	60	0	11	3	0.988636	ATATTTGTGTTATGATGATTTCTGATATTAATAGTATTTCTATAATATTTCAAACCACTTTTGAATGTCTGGTTTTTTTTTAATCTGT	1.68466	NA	NA	2	56015459	56444493	429035	+	NA	copy_number_gain	NA	NA	1196	1060		2:56834183:+	:56834183	3	.	Region	nssv1383125	nsv810767	2.71369	20041456	56234795	1060	SO:0001742	.	NA	NA	NA	NA
DEL00000081	2	56212383	T	<DEL>	180	PASS	TRUE	DEL	NA	56212521	0	0	3to5	-11,11	-11,11	60	0	11	3	0.988636	ATATTTGTGTTATGATGATTTCTGATATTAATAGTATTTCTATAATATTTCAAACCACTTTTGAATGTCTGGTTTTTTTTTAATCTGT	1.68466	NA	NA	2	56015459	56444493	429035	+	NA	copy_number_gain	NA	NA	1197	1060		2:58580086:+	:58580086	3	.	Region	nssv1383125	nsv810767	2.71369	20041456	56234795	1060	SO:0001742	.	NA	NA	NA	NA
DEL00000081	2	56212383	T	<DEL>	180	PASS	TRUE	DEL	NA	56212521	0	0	3to5	-11,11	-11,11	60	0	11	3	0.988636	ATATTTGTGTTATGATGATTTCTGATATTAATAGTATTTCTATAATATTTCAAACCACTTTTGAATGTCTGGTTTTTTTTTAATCTGT	1.68466	NA	NA	2	56015459	56444493	429035	+	NA	copy_number_gain	NA	NA	1199	1066		2:56834183:+	:56834183	3	.	Region	nssv1383131	nsv810767	2.10435	20041457	56234795	1066	SO:0001742	.	NA	NA	NA	NA
DEL00000088	2	67570528	T	<DEL>	180	PASS	TRUE	DEL	NA	67570651	0	0	3to5	-5,5	-5,5	60	0	4	3	1	AATTAAAACAGGAACAAGTAAATTATGCTCATGACCAATAAAAGTATATTTTAAGAAACGGACTCAAGTTTTTTGAAAGTAAGAAACAATAACCTTTCATTTGACAACAATT	1.79664	NA	NA	2	67414840	67619975	205136	+	NA	copy_number_gain	NA	NA	1266	529		2:68203633:+	:68203633	3	.	Region	nssv1382594	nsv810826	.86894	20041466	67766128	529	SO:0001742	.	NA	NA	NA	NA
DEL00000088	2	67570528	T	<DEL>	180	PASS	TRUE	DEL	NA	67570651	0	0	3to5	-5,5	-5,5	60	0	4	3	1	AATTAAAACAGGAACAAGTAAATTATGCTCATGACCAATAAAAGTATATTTTAAGAAACGGACTCAAGTTTTTTGAAAGTAAGAAACAATAACCTTTCATTTGACAACAATT	1.79664	NA	NA	2	67414840	67619975	205136	+	NA	copy_number_gain	NA	NA	1267	529		2:70962445:+	:70962445	3	.	Region	nssv1382594	nsv810826	.86894	20041466	67766128	529	SO:0001742	.	NA	NA	NA	NA
DEL00000088	2	67570528	T	<DEL>	180	PASS	TRUE	DEL	NA	67570651	0	0	3to5	-5,5	-5,5	60	0	4	3	1	AATTAAAACAGGAACAAGTAAATTATGCTCATGACCAATAAAAGTATATTTTAAGAAACGGACTCAAGTTTTTTGAAAGTAAGAAACAATAACCTTTCATTTGACAACAATT	1.79664	NA	NA	2	67414840	67619975	205136	+	NA	copy_number_gain	NA	NA	1268	529		2:67971112:+	:67971112	3	.	Region	nssv1382594	nsv810826	.86894	20041466	67766128	529	SO:0001742	.	NA	NA	NA	NA
DEL00000088	2	67570528	T	<DEL>	180	PASS	TRUE	DEL	NA	67570651	0	0	3to5	-5,5	-5,5	60	0	4	3	1	AATTAAAACAGGAACAAGTAAATTATGCTCATGACCAATAAAAGTATATTTTAAGAAACGGACTCAAGTTTTTTGAAAGTAAGAAACAATAACCTTTCATTTGACAACAATT	1.79664	NA	NA	2	67414840	67619975	205136	+	NA	copy_number_variation	NA	NA	1265	38		NA	NA	NA	.	Region	NA	NA	.86894	NA	67766128	NA	NA	.	Overlapping calls within sampleset	38	SO:0001019	NA
DEL00000088	2	67570528	T	<DEL>	180	PASS	TRUE	DEL	NA	67570651	0	0	3to5	-5,5	-5,5	60	0	4	3	1	AATTAAAACAGGAACAAGTAAATTATGCTCATGACCAATAAAAGTATATTTTAAGAAACGGACTCAAGTTTTTTGAAAGTAAGAAACAATAACCTTTCATTTGACAACAATT	1.79664	NA	NA	2	67496449	67619975	123527	+	NA	copy_number_gain	NA	NA	1271	762		2:70962445:+	:70962445	3	.	Region	nssv1382827	nsv810769	.99318	19961111	67847790	762	SO:0001742	.	NA	NA	NA	NA
DEL00000088	2	67570528	T	<DEL>	180	PASS	TRUE	DEL	NA	67570651	0	0	3to5	-5,5	-5,5	60	0	4	3	1	AATTAAAACAGGAACAAGTAAATTATGCTCATGACCAATAAAAGTATATTTTAAGAAACGGACTCAAGTTTTTTGAAAGTAAGAAACAATAACCTTTCATTTGACAACAATT	1.79664	NA	NA	2	67496449	67619975	123527	+	NA	copy_number_gain	NA	NA	1275	765		2:67971112:+	:67971112	3	.	Region	nssv1382830	nsv810769	.99318	19961112	67847790	765	SO:0001742	.	NA	NA	NA	NA
DEL00000088	2	67570528	T	<DEL>	180	PASS	TRUE	DEL	NA	67570651	0	0	3to5	-5,5	-5,5	60	0	4	3	1	AATTAAAACAGGAACAAGTAAATTATGCTCATGACCAATAAAAGTATATTTTAAGAAACGGACTCAAGTTTTTTGAAAGTAAGAAACAATAACCTTTCATTTGACAACAATT	1.79664	NA	NA	2	67496449	67619975	123527	+	NA	copy_number_gain	NA	NA	1276	765		2:68203633:+	:68203633	3	.	Region	nssv1382830	nsv810769	.99318	19961112	67847790	765	SO:0001742	.	NA	NA	NA	NA
DEL00000088	2	67570528	T	<DEL>	180	PASS	TRUE	DEL	NA	67570651	0	0	3to5	-5,5	-5,5	60	0	4	3	1	AATTAAAACAGGAACAAGTAAATTATGCTCATGACCAATAAAAGTATATTTTAAGAAACGGACTCAAGTTTTTTGAAAGTAAGAAACAATAACCTTTCATTTGACAACAATT	1.79664	NA	NA	2	67496449	67619975	123527	+	NA	copy_number_gain	NA	NA	1270	762		2:68203633:+	:68203633	3	.	Region	nssv1382827	nsv810769	.99318	19961111	67847790	762	SO:0001742	.	NA	NA	NA	NA
DEL00000088	2	67570528	T	<DEL>	180	PASS	TRUE	DEL	NA	67570651	0	0	3to5	-5,5	-5,5	60	0	4	3	1	AATTAAAACAGGAACAAGTAAATTATGCTCATGACCAATAAAAGTATATTTTAAGAAACGGACTCAAGTTTTTTGAAAGTAAGAAACAATAACCTTTCATTTGACAACAATT	1.79664	NA	NA	2	67496449	67619975	123527	+	NA	copy_number_gain	NA	NA	1269	762		2:67971112:+	:67971112	3	.	Region	nssv1382827	nsv810769	.99318	19961111	67847790	762	SO:0001742	.	NA	NA	NA	NA
DEL00000088	2	67570528	T	<DEL>	180	PASS	TRUE	DEL	NA	67570651	0	0	3to5	-5,5	-5,5	60	0	4	3	1	AATTAAAACAGGAACAAGTAAATTATGCTCATGACCAATAAAAGTATATTTTAAGAAACGGACTCAAGTTTTTTGAAAGTAAGAAACAATAACCTTTCATTTGACAACAATT	1.79664	NA	NA	2	67496449	67619975	123527	+	NA	copy_number_gain	NA	NA	1280	1104		2:70962445:+	:70962445	3	.	Region	nssv1383169	nsv810769	.99318	20061474	67847790	1104	SO:0001742	.	NA	NA	NA	NA
DEL00000088	2	67570528	T	<DEL>	180	PASS	TRUE	DEL	NA	67570651	0	0	3to5	-5,5	-5,5	60	0	4	3	1	AATTAAAACAGGAACAAGTAAATTATGCTCATGACCAATAAAAGTATATTTTAAGAAACGGACTCAAGTTTTTTGAAAGTAAGAAACAATAACCTTTCATTTGACAACAATT	1.79664	NA	NA	2	67496449	67619975	123527	+	NA	copy_number_gain	NA	NA	1277	765		2:70962445:+	:70962445	3	.	Region	nssv1382830	nsv810769	.99318	19961112	67847790	765	SO:0001742	.	NA	NA	NA	NA
DEL00000088	2	67570528	T	<DEL>	180	PASS	TRUE	DEL	NA	67570651	0	0	3to5	-5,5	-5,5	60	0	4	3	1	AATTAAAACAGGAACAAGTAAATTATGCTCATGACCAATAAAAGTATATTTTAAGAAACGGACTCAAGTTTTTTGAAAGTAAGAAACAATAACCTTTCATTTGACAACAATT	1.79664	NA	NA	2	67496449	67619975	123527	+	NA	copy_number_variation	NA	NA	1278	328		NA	NA	NA	.	Region	NA	NA	.99318	NA	67847790	NA	NA	.	Overlapping calls within sampleset	328	SO:0001019	NA
DEL00000088	2	67570528	T	<DEL>	180	PASS	TRUE	DEL	NA	67570651	0	0	3to5	-5,5	-5,5	60	0	4	3	1	AATTAAAACAGGAACAAGTAAATTATGCTCATGACCAATAAAAGTATATTTTAAGAAACGGACTCAAGTTTTTTGAAAGTAAGAAACAATAACCTTTCATTTGACAACAATT	1.79664	NA	NA	2	67496449	67619975	123527	+	NA	copy_number_gain	NA	NA	1279	1104		2:68203633:+	:68203633	3	.	Region	nssv1383169	nsv810769	.99318	20061474	67847790	1104	SO:0001742	.	NA	NA	NA	NA
DEL00000088	2	67570528	T	<DEL>	180	PASS	TRUE	DEL	NA	67570651	0	0	3to5	-5,5	-5,5	60	0	4	3	1	AATTAAAACAGGAACAAGTAAATTATGCTCATGACCAATAAAAGTATATTTTAAGAAACGGACTCAAGTTTTTTGAAAGTAAGAAACAATAACCTTTCATTTGACAACAATT	1.79664	NA	NA	2	67496449	67619975	123527	+	NA	copy_number_gain	NA	NA	1281	1104		2:67971112:+	:67971112	3	.	Region	nssv1383169	nsv810769	.99318	20061474	67847790	1104	SO:0001742	.	NA	NA	NA	NA
DEL00000088	2	67570528	T	<DEL>	180	PASS	TRUE	DEL	NA	67570651	0	0	3to5	-5,5	-5,5	60	0	4	3	1	AATTAAAACAGGAACAAGTAAATTATGCTCATGACCAATAAAAGTATATTTTAAGAAACGGACTCAAGTTTTTTGAAAGTAAGAAACAATAACCTTTCATTTGACAACAATT	1.79664	NA	NA	2	67496449	67619975	123527	+	NA	copy_number_gain	NA	NA	1273	11		2:70962445:+	:70962445	3	.	Region	nssv1382076	nsv810826	.99318	19920757	67847790	11	SO:0001742	.	NA	NA	NA	NA
DEL00000088	2	67570528	T	<DEL>	180	PASS	TRUE	DEL	NA	67570651	0	0	3to5	-5,5	-5,5	60	0	4	3	1	AATTAAAACAGGAACAAGTAAATTATGCTCATGACCAATAAAAGTATATTTTAAGAAACGGACTCAAGTTTTTTGAAAGTAAGAAACAATAACCTTTCATTTGACAACAATT	1.79664	NA	NA	2	67496449	67619975	123527	+	NA	copy_number_gain	NA	NA	1274	11		2:68203633:+	:68203633	3	.	Region	nssv1382076	nsv810826	.99318	19920757	67847790	11	SO:0001742	.	NA	NA	NA	NA
DEL00000088	2	67570528	T	<DEL>	180	PASS	TRUE	DEL	NA	67570651	0	0	3to5	-5,5	-5,5	60	0	4	3	1	AATTAAAACAGGAACAAGTAAATTATGCTCATGACCAATAAAAGTATATTTTAAGAAACGGACTCAAGTTTTTTGAAAGTAAGAAACAATAACCTTTCATTTGACAACAATT	1.79664	NA	NA	2	67496449	67619975	123527	+	NA	copy_number_gain	NA	NA	1272	11		2:67971112:+	:67971112	3	.	Region	nssv1382076	nsv810826	.99318	19920757	67847790	11	SO:0001742	.	NA	NA	NA	NA
DEL00000088	2	67570528	T	<DEL>	180	PASS	TRUE	DEL	NA	67570651	0	0	3to5	-5,5	-5,5	60	0	4	3	1	AATTAAAACAGGAACAAGTAAATTATGCTCATGACCAATAAAAGTATATTTTAAGAAACGGACTCAAGTTTTTTGAAAGTAAGAAACAATAACCTTTCATTTGACAACAATT	1.79664	NA	NA	2	67543604	67619975	76372	+	NA	copy_number_gain	NA	NA	1284	106		2:70962445:+	:70962445	3	.	Region	nssv1382171	nsv810826	.99196	19941066	67894735	106	SO:0001742	.	NA	NA	NA	NA
DEL00000088	2	67570528	T	<DEL>	180	PASS	TRUE	DEL	NA	67570651	0	0	3to5	-5,5	-5,5	60	0	4	3	1	AATTAAAACAGGAACAAGTAAATTATGCTCATGACCAATAAAAGTATATTTTAAGAAACGGACTCAAGTTTTTTGAAAGTAAGAAACAATAACCTTTCATTTGACAACAATT	1.79664	NA	NA	2	67543604	67619975	76372	+	NA	copy_number_gain	NA	NA	1283	106		2:68203633:+	:68203633	3	.	Region	nssv1382171	nsv810826	.99196	19941066	67894735	106	SO:0001742	.	NA	NA	NA	NA
DEL00000088	2	67570528	T	<DEL>	180	PASS	TRUE	DEL	NA	67570651	0	0	3to5	-5,5	-5,5	60	0	4	3	1	AATTAAAACAGGAACAAGTAAATTATGCTCATGACCAATAAAAGTATATTTTAAGAAACGGACTCAAGTTTTTTGAAAGTAAGAAACAATAACCTTTCATTTGACAACAATT	1.79664	NA	NA	2	67543604	67619975	76372	+	NA	copy_number_gain	NA	NA	1282	106		2:67971112:+	:67971112	3	.	Region	nssv1382171	nsv810826	.99196	19941066	67894735	106	SO:0001742	.	NA	NA	NA	NA
DEL00000194	4	105600714	T	<DEL>	240	PASS	TRUE	DEL	NA	105600861	0	0	3to5	-19,19	-19,19	60	0	19	4	0.983193	ACTTCCTTCTTAGTAAAAATGTCAGATCATTCAGTCTTTTACCTCCAGAGGATAAGAGTGGATTTGAGGATCAACCCTAATTCTGTCAGGCTGGGAAGGCAGTAGATCACGGGTGTGTA	1.97903	NA	NA	4	105568916	105993935	425020	+	NA	copy_number_variation	NA	NA	2495	76		NA	NA	NA	.	Region	NA	NA	2.11099	NA	106452401	NA	NA	.	Overlapping calls within sampleset	76	SO:0001019	NA
DEL00000194	4	105600714	T	<DEL>	240	PASS	TRUE	DEL	NA	105600861	0	0	3to5	-19,19	-19,19	60	0	19	4	0.983193	ACTTCCTTCTTAGTAAAAATGTCAGATCATTCAGTCTTTTACCTCCAGAGGATAAGAGTGGATTTGAGGATCAACCCTAATTCTGTCAGGCTGGGAAGGCAGTAGATCACGGGTGTGTA	1.97903	NA	NA	4	105568916	105993935	425020	+	NA	copy_number_gain	NA	NA	2496	335		4:107156112:+	:107156112	3	.	Region	nssv1382400	nsv811068	2.11099	20001269	106452401	335	SO:0001742	.	NA	NA	NA	NA
DEL00000194	4	105600714	T	<DEL>	240	PASS	TRUE	DEL	NA	105600861	0	0	3to5	-19,19	-19,19	60	0	19	4	0.983193	ACTTCCTTCTTAGTAAAAATGTCAGATCATTCAGTCTTTTACCTCCAGAGGATAAGAGTGGATTTGAGGATCAACCCTAATTCTGTCAGGCTGGGAAGGCAGTAGATCACGGGTGTGTA	1.97903	NA	NA	4	105568916	105993935	425020	+	NA	copy_number_gain	NA	NA	2498	335		4:107547388:+	:107547388	3	.	Region	nssv1382400	nsv811068	2.11099	20001269	106452401	335	SO:0001742	.	NA	NA	NA	NA
DEL00000194	4	105600714	T	<DEL>	240	PASS	TRUE	DEL	NA	105600861	0	0	3to5	-19,19	-19,19	60	0	19	4	0.983193	ACTTCCTTCTTAGTAAAAATGTCAGATCATTCAGTCTTTTACCTCCAGAGGATAAGAGTGGATTTGAGGATCAACCCTAATTCTGTCAGGCTGGGAAGGCAGTAGATCACGGGTGTGTA	1.97903	NA	NA	4	105568916	105993935	425020	+	NA	copy_number_gain	NA	NA	2497	335		4:109690847:+	:109690847	3	.	Region	nssv1382400	nsv811068	2.11099	20001269	106452401	335	SO:0001742	.	NA	NA	NA	NA
DEL00000194	4	105600714	T	<DEL>	240	PASS	TRUE	DEL	NA	105600861	0	0	3to5	-19,19	-19,19	60	0	19	4	0.983193	ACTTCCTTCTTAGTAAAAATGTCAGATCATTCAGTCTTTTACCTCCAGAGGATAAGAGTGGATTTGAGGATCAACCCTAATTCTGTCAGGCTGGGAAGGCAGTAGATCACGGGTGTGTA	1.97903	NA	NA	4	105600861	106337915	737055	+	NA	copy_number_variation	NA	NA	2495-2	76		NA	NA	NA	.	Region	NA	NA	2.11099	NA	106452401	NA	NA	.	Overlapping calls within sampleset	76	SO:0001019	NA
DEL00000194	4	105600714	T	<DEL>	240	PASS	TRUE	DEL	NA	105600861	0	0	3to5	-19,19	-19,19	60	0	19	4	0.983193	ACTTCCTTCTTAGTAAAAATGTCAGATCATTCAGTCTTTTACCTCCAGAGGATAAGAGTGGATTTGAGGATCAACCCTAATTCTGTCAGGCTGGGAAGGCAGTAGATCACGGGTGTGTA	1.97903	NA	NA	4	105600861	106337915	737055	+	NA	copy_number_gain	NA	NA	2497-2	335		4:109690847:+	:109690847	3	.	Region	nssv1382400	nsv811068	2.11099	20001269	106452401	335	SO:0001742	.	NA	NA	NA	NA
DEL00000194	4	105600714	T	<DEL>	240	PASS	TRUE	DEL	NA	105600861	0	0	3to5	-19,19	-19,19	60	0	19	4	0.983193	ACTTCCTTCTTAGTAAAAATGTCAGATCATTCAGTCTTTTACCTCCAGAGGATAAGAGTGGATTTGAGGATCAACCCTAATTCTGTCAGGCTGGGAAGGCAGTAGATCACGGGTGTGTA	1.97903	NA	NA	4	105600861	106337915	737055	+	NA	copy_number_gain	NA	NA	2498-2	335		4:107547388:+	:107547388	3	.	Region	nssv1382400	nsv811068	2.11099	20001269	106452401	335	SO:0001742	.	NA	NA	NA	NA
DEL00000194	4	105600714	T	<DEL>	240	PASS	TRUE	DEL	NA	105600861	0	0	3to5	-19,19	-19,19	60	0	19	4	0.983193	ACTTCCTTCTTAGTAAAAATGTCAGATCATTCAGTCTTTTACCTCCAGAGGATAAGAGTGGATTTGAGGATCAACCCTAATTCTGTCAGGCTGGGAAGGCAGTAGATCACGGGTGTGTA	1.97903	NA	NA	4	105600861	106337915	737055	+	NA	copy_number_gain	NA	NA	2496-2	335		4:107156112:+	:107156112	3	.	Region	nssv1382400	nsv811068	2.11099	20001269	106452401	335	SO:0001742	.	NA	NA	NA	NA
DUP00000256	6	5432986	T	<DUP>	2280	PASS	TRUE	DUP	NA	5800660	29	60	5to3	-1,1	-1,1	60	0	0	9	0.96648	GTGGGTATTGGGTGCACATTATGGGCACAGCCCTTTACCCTGTACTTATCAGAGAGCTTTGCTAGAACAGCATCCAGCCAGGCTGCAGAGCACGGACCTGTTGTAAGTATAGGTGGTGCCAGTCTGTAATGTTTTTATGTTCAAAGTTTTCTAAAATTGGCACTGTTTAAAATTTAA	1.97529	NA	NA	6	5434643	5800662	366020	+	NA	copy_number_gain	NA	NA	3544	1064		6:6535197:+	:6535197	3	.	Region	nssv1383129	nsv811031	.76461	20041456	5860976	1064	SO:0001742	.	NA	NA	NA	NA
DUP00000256	6	5432986	T	<DUP>	2280	PASS	TRUE	DUP	NA	5800660	29	60	5to3	-1,1	-1,1	60	0	0	9	0.96648	GTGGGTATTGGGTGCACATTATGGGCACAGCCCTTTACCCTGTACTTATCAGAGAGCTTTGCTAGAACAGCATCCAGCCAGGCTGCAGAGCACGGACCTGTTGTAAGTATAGGTGGTGCCAGTCTGTAATGTTTTTATGTTCAAAGTTTTCTAAAATTGGCACTGTTTAAAATTTAA	1.97529	NA	NA	6	5434643	5800662	366020	+	NA	copy_number_gain	NA	NA	3550	1064		6:6760449:+	:6760449	3	.	Region	nssv1383129	nsv811031	.76461	20041456	5860976	1064	SO:0001742	.	NA	NA	NA	NA
DUP00000256	6	5432986	T	<DUP>	2280	PASS	TRUE	DUP	NA	5800660	29	60	5to3	-1,1	-1,1	60	0	0	9	0.96648	GTGGGTATTGGGTGCACATTATGGGCACAGCCCTTTACCCTGTACTTATCAGAGAGCTTTGCTAGAACAGCATCCAGCCAGGCTGCAGAGCACGGACCTGTTGTAAGTATAGGTGGTGCCAGTCTGTAATGTTTTTATGTTCAAAGTTTTCTAAAATTGGCACTGTTTAAAATTTAA	1.97529	NA	NA	6	5434643	5800662	366020	+	NA	copy_number_variation	NA	NA	3551	564		NA	NA	NA	.	Region	NA	NA	.60804	NA	5860976	NA	NA	.	Overlapping calls within sampleset	564	SO:0001019	NA
DUP00000256	6	5432986	T	<DUP>	2280	PASS	TRUE	DUP	NA	5800660	29	60	5to3	-1,1	-1,1	60	0	0	9	0.96648	GTGGGTATTGGGTGCACATTATGGGCACAGCCCTTTACCCTGTACTTATCAGAGAGCTTTGCTAGAACAGCATCCAGCCAGGCTGCAGAGCACGGACCTGTTGTAAGTATAGGTGGTGCCAGTCTGTAATGTTTTTATGTTCAAAGTTTTCTAAAATTGGCACTGTTTAAAATTTAA	1.97529	NA	NA	6	5434643	5800662	366020	+	NA	copy_number_gain	NA	NA	3548	1064		27:9931667:+	:9931667	3	.	Region	nssv1383129	nsv811031	.76461	20041456	5860976	1064	SO:0001742	.	NA	NA	NA	NA
DUP00000256	6	5432986	T	<DUP>	2280	PASS	TRUE	DUP	NA	5800660	29	60	5to3	-1,1	-1,1	60	0	0	9	0.96648	GTGGGTATTGGGTGCACATTATGGGCACAGCCCTTTACCCTGTACTTATCAGAGAGCTTTGCTAGAACAGCATCCAGCCAGGCTGCAGAGCACGGACCTGTTGTAAGTATAGGTGGTGCCAGTCTGTAATGTTTTTATGTTCAAAGTTTTCTAAAATTGGCACTGTTTAAAATTTAA	1.97529	NA	NA	6	5434643	5800662	366020	+	NA	copy_number_gain	NA	NA	3549	1064		6:6658758:+	:6658758	3	.	Region	nssv1383129	nsv811031	.76461	20041456	5860976	1064	SO:0001742	.	NA	NA	NA	NA
DUP00000256	6	5432986	T	<DUP>	2280	PASS	TRUE	DUP	NA	5800660	29	60	5to3	-1,1	-1,1	60	0	0	9	0.96648	GTGGGTATTGGGTGCACATTATGGGCACAGCCCTTTACCCTGTACTTATCAGAGAGCTTTGCTAGAACAGCATCCAGCCAGGCTGCAGAGCACGGACCTGTTGTAAGTATAGGTGGTGCCAGTCTGTAATGTTTTTATGTTCAAAGTTTTCTAAAATTGGCACTGTTTAAAATTTAA	1.97529	NA	NA	6	5434643	5800662	366020	+	NA	copy_number_gain	NA	NA	3545	1064		6:6630572:+	:6630572	3	.	Region	nssv1383129	nsv811031	.76461	20041456	5860976	1064	SO:0001742	.	NA	NA	NA	NA
DUP00000256	6	5432986	T	<DUP>	2280	PASS	TRUE	DUP	NA	5800660	29	60	5to3	-1,1	-1,1	60	0	0	9	0.96648	GTGGGTATTGGGTGCACATTATGGGCACAGCCCTTTACCCTGTACTTATCAGAGAGCTTTGCTAGAACAGCATCCAGCCAGGCTGCAGAGCACGGACCTGTTGTAAGTATAGGTGGTGCCAGTCTGTAATGTTTTTATGTTCAAAGTTTTCTAAAATTGGCACTGTTTAAAATTTAA	1.97529	NA	NA	6	5434643	5800662	366020	+	NA	copy_number_gain	NA	NA	3542	1064		27:11887628:+	:11887628	3	.	Region	nssv1383129	nsv811031	.76461	20041456	5860976	1064	SO:0001742	.	NA	NA	NA	NA
DUP00000256	6	5432986	T	<DUP>	2280	PASS	TRUE	DUP	NA	5800660	29	60	5to3	-1,1	-1,1	60	0	0	9	0.96648	GTGGGTATTGGGTGCACATTATGGGCACAGCCCTTTACCCTGTACTTATCAGAGAGCTTTGCTAGAACAGCATCCAGCCAGGCTGCAGAGCACGGACCTGTTGTAAGTATAGGTGGTGCCAGTCTGTAATGTTTTTATGTTCAAAGTTTTCTAAAATTGGCACTGTTTAAAATTTAA	1.97529	NA	NA	6	5434643	5800662	366020	+	NA	copy_number_gain	NA	NA	3547	1064		27:10012366:+	:10012366	3	.	Region	nssv1383129	nsv811031	.76461	20041456	5860976	1064	SO:0001742	.	NA	NA	NA	NA
DUP00000256	6	5432986	T	<DUP>	2280	PASS	TRUE	DUP	NA	5800660	29	60	5to3	-1,1	-1,1	60	0	0	9	0.96648	GTGGGTATTGGGTGCACATTATGGGCACAGCCCTTTACCCTGTACTTATCAGAGAGCTTTGCTAGAACAGCATCCAGCCAGGCTGCAGAGCACGGACCTGTTGTAAGTATAGGTGGTGCCAGTCTGTAATGTTTTTATGTTCAAAGTTTTCTAAAATTGGCACTGTTTAAAATTTAA	1.97529	NA	NA	6	5434643	5800662	366020	+	NA	copy_number_gain	NA	NA	3543	1064		27:10018574:+	:10018574	3	.	Region	nssv1383129	nsv811031	.76461	20041456	5860976	1064	SO:0001742	.	NA	NA	NA	NA
DUP00000256	6	5432986	T	<DUP>	2280	PASS	TRUE	DUP	NA	5800660	29	60	5to3	-1,1	-1,1	60	0	0	9	0.96648	GTGGGTATTGGGTGCACATTATGGGCACAGCCCTTTACCCTGTACTTATCAGAGAGCTTTGCTAGAACAGCATCCAGCCAGGCTGCAGAGCACGGACCTGTTGTAAGTATAGGTGGTGCCAGTCTGTAATGTTTTTATGTTCAAAGTTTTCTAAAATTGGCACTGTTTAAAATTTAA	1.97529	NA	NA	6	5434643	5800662	366020	+	NA	copy_number_gain	NA	NA	3546	1064		27:10099543:+	:10099543	3	.	Region	nssv1383129	nsv811031	.76461	20041456	5860976	1064	SO:0001742	.	NA	NA	NA	NA
DEL00000259	6	5464051	G	<DEL>	360	PASS	TRUE	DEL	NA	5465319	3	60	3to5	-8,8	-8,8	60	0	8	3	1	CTAAAAAGGGTTTGCTTCAGAAGAGTCACAGTAAGGCCATCCTAAGCACAACCAAATTAAGTCTTAAACCAGTGCTCAACAGGATC	1.94374	NA	NA	6	5434643	5800662	366020	+	NA	copy_number_gain	NA	NA	3544	1064		6:6535197:+	:6535197	3	.	Region	nssv1383129	nsv811031	.76461	20041456	5860976	1064	SO:0001742	.	NA	NA	NA	NA
DEL00000259	6	5464051	G	<DEL>	360	PASS	TRUE	DEL	NA	5465319	3	60	3to5	-8,8	-8,8	60	0	8	3	1	CTAAAAAGGGTTTGCTTCAGAAGAGTCACAGTAAGGCCATCCTAAGCACAACCAAATTAAGTCTTAAACCAGTGCTCAACAGGATC	1.94374	NA	NA	6	5434643	5800662	366020	+	NA	copy_number_gain	NA	NA	3550	1064		6:6760449:+	:6760449	3	.	Region	nssv1383129	nsv811031	.76461	20041456	5860976	1064	SO:0001742	.	NA	NA	NA	NA
DEL00000259	6	5464051	G	<DEL>	360	PASS	TRUE	DEL	NA	5465319	3	60	3to5	-8,8	-8,8	60	0	8	3	1	CTAAAAAGGGTTTGCTTCAGAAGAGTCACAGTAAGGCCATCCTAAGCACAACCAAATTAAGTCTTAAACCAGTGCTCAACAGGATC	1.94374	NA	NA	6	5434643	5800662	366020	+	NA	copy_number_variation	NA	NA	3551	564		NA	NA	NA	.	Region	NA	NA	.60804	NA	5860976	NA	NA	.	Overlapping calls within sampleset	564	SO:0001019	NA
DEL00000259	6	5464051	G	<DEL>	360	PASS	TRUE	DEL	NA	5465319	3	60	3to5	-8,8	-8,8	60	0	8	3	1	CTAAAAAGGGTTTGCTTCAGAAGAGTCACAGTAAGGCCATCCTAAGCACAACCAAATTAAGTCTTAAACCAGTGCTCAACAGGATC	1.94374	NA	NA	6	5434643	5800662	366020	+	NA	copy_number_gain	NA	NA	3548	1064		27:9931667:+	:9931667	3	.	Region	nssv1383129	nsv811031	.76461	20041456	5860976	1064	SO:0001742	.	NA	NA	NA	NA
DEL00000259	6	5464051	G	<DEL>	360	PASS	TRUE	DEL	NA	5465319	3	60	3to5	-8,8	-8,8	60	0	8	3	1	CTAAAAAGGGTTTGCTTCAGAAGAGTCACAGTAAGGCCATCCTAAGCACAACCAAATTAAGTCTTAAACCAGTGCTCAACAGGATC	1.94374	NA	NA	6	5434643	5800662	366020	+	NA	copy_number_gain	NA	NA	3549	1064		6:6658758:+	:6658758	3	.	Region	nssv1383129	nsv811031	.76461	20041456	5860976	1064	SO:0001742	.	NA	NA	NA	NA
DEL00000259	6	5464051	G	<DEL>	360	PASS	TRUE	DEL	NA	5465319	3	60	3to5	-8,8	-8,8	60	0	8	3	1	CTAAAAAGGGTTTGCTTCAGAAGAGTCACAGTAAGGCCATCCTAAGCACAACCAAATTAAGTCTTAAACCAGTGCTCAACAGGATC	1.94374	NA	NA	6	5434643	5800662	366020	+	NA	copy_number_gain	NA	NA	3545	1064		6:6630572:+	:6630572	3	.	Region	nssv1383129	nsv811031	.76461	20041456	5860976	1064	SO:0001742	.	NA	NA	NA	NA
DEL00000259	6	5464051	G	<DEL>	360	PASS	TRUE	DEL	NA	5465319	3	60	3to5	-8,8	-8,8	60	0	8	3	1	CTAAAAAGGGTTTGCTTCAGAAGAGTCACAGTAAGGCCATCCTAAGCACAACCAAATTAAGTCTTAAACCAGTGCTCAACAGGATC	1.94374	NA	NA	6	5434643	5800662	366020	+	NA	copy_number_gain	NA	NA	3542	1064		27:11887628:+	:11887628	3	.	Region	nssv1383129	nsv811031	.76461	20041456	5860976	1064	SO:0001742	.	NA	NA	NA	NA
DEL00000259	6	5464051	G	<DEL>	360	PASS	TRUE	DEL	NA	5465319	3	60	3to5	-8,8	-8,8	60	0	8	3	1	CTAAAAAGGGTTTGCTTCAGAAGAGTCACAGTAAGGCCATCCTAAGCACAACCAAATTAAGTCTTAAACCAGTGCTCAACAGGATC	1.94374	NA	NA	6	5434643	5800662	366020	+	NA	copy_number_gain	NA	NA	3547	1064		27:10012366:+	:10012366	3	.	Region	nssv1383129	nsv811031	.76461	20041456	5860976	1064	SO:0001742	.	NA	NA	NA	NA
DEL00000259	6	5464051	G	<DEL>	360	PASS	TRUE	DEL	NA	5465319	3	60	3to5	-8,8	-8,8	60	0	8	3	1	CTAAAAAGGGTTTGCTTCAGAAGAGTCACAGTAAGGCCATCCTAAGCACAACCAAATTAAGTCTTAAACCAGTGCTCAACAGGATC	1.94374	NA	NA	6	5434643	5800662	366020	+	NA	copy_number_gain	NA	NA	3543	1064		27:10018574:+	:10018574	3	.	Region	nssv1383129	nsv811031	.76461	20041456	5860976	1064	SO:0001742	.	NA	NA	NA	NA
DEL00000259	6	5464051	G	<DEL>	360	PASS	TRUE	DEL	NA	5465319	3	60	3to5	-8,8	-8,8	60	0	8	3	1	CTAAAAAGGGTTTGCTTCAGAAGAGTCACAGTAAGGCCATCCTAAGCACAACCAAATTAAGTCTTAAACCAGTGCTCAACAGGATC	1.94374	NA	NA	6	5434643	5800662	366020	+	NA	copy_number_gain	NA	NA	3546	1064		27:10099543:+	:10099543	3	.	Region	nssv1383129	nsv811031	.76461	20041456	5860976	1064	SO:0001742	.	NA	NA	NA	NA
DEL00000261	6	7794417	T	<DEL>	180	PASS	TRUE	DEL	NA	7794921	0	0	3to5	-6,6	-6,6	60	0	5	3	0.97037	TTAAGTAGTACTGTTCTTGTATATCACTAGTTATTTCATATCCAAAGATAATTTCTTTTTAAAAAGTCCAGATTTTATATTAAAATAATTAATTTTTAAATTAAAAAATCATATGCTACATTAAAATAATATGCT	1.67118	NA	NA	6	7691609	8450315	758707	+	NA	copy_number_variation	NA	NA	3591	95		NA	NA	NA	.	Region	NA	NA	1.06984	NA	8874632	NA	NA	.	Overlapping calls within sampleset	95	SO:0001019	NA
DEL00000261	6	7794417	T	<DEL>	180	PASS	TRUE	DEL	NA	7794921	0	0	3to5	-6,6	-6,6	60	0	5	3	0.97037	TTAAGTAGTACTGTTCTTGTATATCACTAGTTATTTCATATCCAAAGATAATTTCTTTTTAAAAAGTCCAGATTTTATATTAAAATAATTAATTTTTAAATTAAAAAATCATATGCTACATTAAAATAATATGCT	1.67118	NA	NA	6	7691609	7882294	190686	+	NA	copy_number_gain	NA	NA	3590	266		6:8807367:+	:8807367	3	.	Region	nssv1382331	nsv811089	1.05099	19991235	8874632	266	SO:0001742	.	NA	NA	NA	NA
DEL00000261	6	7794417	T	<DEL>	180	PASS	TRUE	DEL	NA	7794921	0	0	3to5	-6,6	-6,6	60	0	5	3	0.97037	TTAAGTAGTACTGTTCTTGTATATCACTAGTTATTTCATATCCAAAGATAATTTCTTTTTAAAAAGTCCAGATTTTATATTAAAATAATTAATTTTTAAATTAAAAAATCATATGCTACATTAAAATAATATGCT	1.67118	NA	NA	6	7691609	7882294	190686	+	NA	copy_number_gain	NA	NA	3588	266		6:9062502:+	:9062502	3	.	Region	nssv1382331	nsv811089	1.05099	19991235	8874632	266	SO:0001742	.	NA	NA	NA	NA
DEL00000261	6	7794417	T	<DEL>	180	PASS	TRUE	DEL	NA	7794921	0	0	3to5	-6,6	-6,6	60	0	5	3	0.97037	TTAAGTAGTACTGTTCTTGTATATCACTAGTTATTTCATATCCAAAGATAATTTCTTTTTAAAAAGTCCAGATTTTATATTAAAATAATTAATTTTTAAATTAAAAAATCATATGCTACATTAAAATAATATGCT	1.67118	NA	NA	6	7691609	7882294	190686	+	NA	copy_number_gain	NA	NA	3589	266		6:9198734:+	:9198734	3	.	Region	nssv1382331	nsv811089	1.05099	19991235	8874632	266	SO:0001742	.	NA	NA	NA	NA
DEL00000261	6	7794417	T	<DEL>	180	PASS	TRUE	DEL	NA	7794921	0	0	3to5	-6,6	-6,6	60	0	5	3	0.97037	TTAAGTAGTACTGTTCTTGTATATCACTAGTTATTTCATATCCAAAGATAATTTCTTTTTAAAAAGTCCAGATTTTATATTAAAATAATTAATTTTTAAATTAAAAAATCATATGCTACATTAAAATAATATGCT	1.67118	NA	NA	6	7772905	8339535	566631	+	NA	copy_number_loss	NA	NA	3593	554		6:9657862:+	:9657862	1	.	Region	nssv1382619	nsv811089	1.6224	20061472	8953237	554	SO:0001743	.	NA	NA	NA	NA
DEL00000261	6	7794417	T	<DEL>	180	PASS	TRUE	DEL	NA	7794921	0	0	3to5	-6,6	-6,6	60	0	5	3	0.97037	TTAAGTAGTACTGTTCTTGTATATCACTAGTTATTTCATATCCAAAGATAATTTCTTTTTAAAAAGTCCAGATTTTATATTAAAATAATTAATTTTTAAATTAAAAAATCATATGCTACATTAAAATAATATGCT	1.67118	NA	NA	6	7772905	8339535	566631	+	NA	copy_number_loss	NA	NA	3592	554		6:9520957:+	:9520957	1	.	Region	nssv1382619	nsv811089	1.6224	20061472	8953237	554	SO:0001743	.	NA	NA	NA	NA
DEL00000261	6	7794417	T	<DEL>	180	PASS	TRUE	DEL	NA	7794921	0	0	3to5	-6,6	-6,6	60	0	5	3	0.97037	TTAAGTAGTACTGTTCTTGTATATCACTAGTTATTTCATATCCAAAGATAATTTCTTTTTAAAAAGTCCAGATTTTATATTAAAATAATTAATTTTTAAATTAAAAAATCATATGCTACATTAAAATAATATGCT	1.67118	NA	NA	6	7772905	8339535	566631	+	NA	copy_number_loss	NA	NA	3594	554		6:9046434:+	:9046434	1	.	Region	nssv1382619	nsv811089	1.6224	20061472	8953237	554	SO:0001743	.	NA	NA	NA	NA
DEL00000263	6	8712682	T	<DEL>	180	PASS	TRUE	DEL	NA	8712784	0	0	3to5	-5,5	-5,5	60	0	6	3	0.972973	GGGATTGCTGGATAGTATGACAACTCTATTTTTAGATTTTAAGTGATCTTCATATCATTTTCCATAGTAGCTATACTAATTTACATTGCCGTAAGCAGTGTAGGAGGGT	1.91028	NA	NA	6	8342802	9142300	799499	+	NA	copy_number_variation	NA	NA	3635	377		NA	NA	NA	.	Region	NA	NA	.94488	NA	9524225	NA	NA	.	Overlapping calls within sampleset	377	SO:0001019	NA
DEL00000263	6	8712682	T	<DEL>	180	PASS	TRUE	DEL	NA	8712784	0	0	3to5	-5,5	-5,5	60	0	6	3	0.972973	GGGATTGCTGGATAGTATGACAACTCTATTTTTAGATTTTAAGTGATCTTCATATCATTTTCCATAGTAGCTATACTAATTTACATTGCCGTAAGCAGTGTAGGAGGGT	1.91028	NA	NA	6	8342802	8959602	616801	+	NA	copy_number_loss	NA	NA	3633	964		6:10144178:+	:10144178	1	.	Region	nssv1383029	nsv810823	1.0115	20021367	9524225	964	SO:0001743	.	NA	NA	NA	NA
DEL00000263	6	8712682	T	<DEL>	180	PASS	TRUE	DEL	NA	8712784	0	0	3to5	-5,5	-5,5	60	0	6	3	0.972973	GGGATTGCTGGATAGTATGACAACTCTATTTTTAGATTTTAAGTGATCTTCATATCATTTTCCATAGTAGCTATACTAATTTACATTGCCGTAAGCAGTGTAGGAGGGT	1.91028	NA	NA	6	8342802	8959602	616801	+	NA	copy_number_loss	NA	NA	3632	964		6:10278194:+	:10278194	1	.	Region	nssv1383029	nsv810823	1.0115	20021367	9524225	964	SO:0001743	.	NA	NA	NA	NA
DEL00000263	6	8712682	T	<DEL>	180	PASS	TRUE	DEL	NA	8712784	0	0	3to5	-5,5	-5,5	60	0	6	3	0.972973	GGGATTGCTGGATAGTATGACAACTCTATTTTTAGATTTTAAGTGATCTTCATATCATTTTCCATAGTAGCTATACTAATTTACATTGCCGTAAGCAGTGTAGGAGGGT	1.91028	NA	NA	6	8342802	8959602	616801	+	NA	copy_number_loss	NA	NA	3634	964		6:9843296:+	:9843296	1	.	Region	nssv1383029	nsv810823	1.0115	20021367	9524225	964	SO:0001743	.	NA	NA	NA	NA
INS00000404	8	61338393	T	<INS>	180	PASS	TRUE	INS	NA	61338394	0	0	NtoN	-2,2	-2,2	60	26	1	3	1	TCACTCTCCCTAATACTAGTACTTTGTTATTACTATTTACTTTAAATTACCAACCACAGCCTTACCAAGCTTTTTATTATTTATTCACTATAGGTATAGCCT	1.79939	26	NA	8	61212041	61366315	154275	+	NA	copy_number_gain	NA	NA	4784	623		8:64139578:+	:64139578	3	.	Region	nssv1382688	nsv810862	1.03062	19886278	61614264	623	SO:0001742	.	NA	NA	NA	NA
INS00000404	8	61338393	T	<INS>	180	PASS	TRUE	INS	NA	61338394	0	0	NtoN	-2,2	-2,2	60	26	1	3	1	TCACTCTCCCTAATACTAGTACTTTGTTATTACTATTTACTTTAAATTACCAACCACAGCCTTACCAAGCTTTTTATTATTTATTCACTATAGGTATAGCCT	1.79939	26	NA	8	61212041	61366315	154275	+	NA	copy_number_variation	NA	NA	4783	411		NA	NA	NA	.	Region	NA	NA	1.03062	NA	61614264	NA	NA	.	Overlapping calls within sampleset	411	SO:0001019	NA
INS00000404	8	61338393	T	<INS>	180	PASS	TRUE	INS	NA	61338394	0	0	NtoN	-2,2	-2,2	60	26	1	3	1	TCACTCTCCCTAATACTAGTACTTTGTTATTACTATTTACTTTAAATTACCAACCACAGCCTTACCAAGCTTTTTATTATTTATTCACTATAGGTATAGCCT	1.79939	26	NA	8	61212041	61366315	154275	+	NA	copy_number_gain	NA	NA	4785	623		8:62016599:+	:62016599	3	.	Region	nssv1382688	nsv810862	1.03062	19886278	61614264	623	SO:0001742	.	NA	NA	NA	NA
INS00000404	8	61338393	T	<INS>	180	PASS	TRUE	INS	NA	61338394	0	0	NtoN	-2,2	-2,2	60	26	1	3	1	TCACTCTCCCTAATACTAGTACTTTGTTATTACTATTTACTTTAAATTACCAACCACAGCCTTACCAAGCTTTTTATTATTTATTCACTATAGGTATAGCCT	1.79939	26	NA	8	61212041	61366315	154275	+	NA	copy_number_gain	NA	NA	4786	623		8:61752352:+	:61752352	3	.	Region	nssv1382688	nsv810862	1.03062	19886278	61614264	623	SO:0001742	.	NA	NA	NA	NA
DEL00000662	14	39289551	C	<DEL>	540	PASS	TRUE	DEL	NA	39290405	6	60	3to5	-16,16	-16,16	60	0	15	3	1	TGTCATACTTCTGATCTAAGTCAATTCTCACACACACATTTTAAAAATTACTTATAGAGTATTATCATTATTTTGTCGTGTGTAGTAT	1.827	NA	NA	14	39237128	39640410	403283	+	NA	copy_number_variation	NA	NA	7185	467		NA	NA	NA	.	Region	NA	NA	.98327	NA	41374053	NA	NA	.	Overlapping calls within sampleset	467	SO:0001019	NA
DEL00000662	14	39289551	C	<DEL>	540	PASS	TRUE	DEL	NA	39290405	6	60	3to5	-16,16	-16,16	60	0	15	3	1	TGTCATACTTCTGATCTAAGTCAATTCTCACACACACATTTTAAAAATTACTTATAGAGTATTATCATTATTTTGTCGTGTGTAGTAT	1.827	NA	NA	14	39237128	39640410	403283	+	NA	copy_number_loss	NA	NA	7180	1133		14:42026384:+	:42026384	1	.	Region	nssv1383198	nsv810923	.98327	20061490	41374053	1133	SO:0001743	.	NA	NA	NA	NA
DEL00000662	14	39289551	C	<DEL>	540	PASS	TRUE	DEL	NA	39290405	6	60	3to5	-16,16	-16,16	60	0	15	3	1	TGTCATACTTCTGATCTAAGTCAATTCTCACACACACATTTTAAAAATTACTTATAGAGTATTATCATTATTTTGTCGTGTGTAGTAT	1.827	NA	NA	14	39237128	39640410	403283	+	NA	copy_number_loss	NA	NA	7179	1133		14:36467315:+	:36467315	1	.	Region	nssv1383198	nsv810923	.98327	20061490	41374053	1133	SO:0001743	.	NA	NA	NA	NA
DEL00000662	14	39289551	C	<DEL>	540	PASS	TRUE	DEL	NA	39290405	6	60	3to5	-16,16	-16,16	60	0	15	3	1	TGTCATACTTCTGATCTAAGTCAATTCTCACACACACATTTTAAAAATTACTTATAGAGTATTATCATTATTTTGTCGTGTGTAGTAT	1.827	NA	NA	14	39237128	39640410	403283	+	NA	copy_number_loss	NA	NA	7181	1133		14:41779483:+	:41779483	1	.	Region	nssv1383198	nsv810923	.98327	20061490	41374053	1133	SO:0001743	.	NA	NA	NA	NA
DEL00000662	14	39289551	C	<DEL>	540	PASS	TRUE	DEL	NA	39290405	6	60	3to5	-16,16	-16,16	60	0	15	3	1	TGTCATACTTCTGATCTAAGTCAATTCTCACACACACATTTTAAAAATTACTTATAGAGTATTATCATTATTTTGTCGTGTGTAGTAT	1.827	NA	NA	14	39237128	39417078	179951	+	NA	copy_number_loss	NA	NA	7184	217		14:41554867:+	:41554867	1	.	Region	nssv1382282	nsv810613	.99867	19991222	41374053	217	SO:0001743	.	NA	NA	NA	NA
DEL00000662	14	39289551	C	<DEL>	540	PASS	TRUE	DEL	NA	39290405	6	60	3to5	-16,16	-16,16	60	0	15	3	1	TGTCATACTTCTGATCTAAGTCAATTCTCACACACACATTTTAAAAATTACTTATAGAGTATTATCATTATTTTGTCGTGTGTAGTAT	1.827	NA	NA	14	39237128	39417078	179951	+	NA	copy_number_loss	NA	NA	7183	217		14:41802142:+	:41802142	1	.	Region	nssv1382282	nsv810613	.99867	19991222	41374053	217	SO:0001743	.	NA	NA	NA	NA
DEL00000662	14	39289551	C	<DEL>	540	PASS	TRUE	DEL	NA	39290405	6	60	3to5	-16,16	-16,16	60	0	15	3	1	TGTCATACTTCTGATCTAAGTCAATTCTCACACACACATTTTAAAAATTACTTATAGAGTATTATCATTATTTTGTCGTGTGTAGTAT	1.827	NA	NA	14	39237128	39417078	179951	+	NA	copy_number_variation	NA	NA	7186	188		NA	NA	NA	.	Region	NA	NA	.99867	NA	41374053	NA	NA	.	Overlapping calls within sampleset	188	SO:0001019	NA
DEL00000662	14	39289551	C	<DEL>	540	PASS	TRUE	DEL	NA	39290405	6	60	3to5	-16,16	-16,16	60	0	15	3	1	TGTCATACTTCTGATCTAAGTCAATTCTCACACACACATTTTAAAAATTACTTATAGAGTATTATCATTATTTTGTCGTGTGTAGTAT	1.827	NA	NA	14	39237128	39417078	179951	+	NA	copy_number_loss	NA	NA	7182	217		14:36236042:+	:36236042	1	.	Region	nssv1382282	nsv810613	.99867	19991222	41374053	217	SO:0001743	.	NA	NA	NA	NA
DEL00001030	24	5744564	C	<DEL>	180	PASS	TRUE	DEL	NA	5744595	0	0	3to5	-6,6	-6,6	60	0	5	3	1	AGACACAGATCACAATACACGGGTCTCAGCAACTGATAAGGCTATATATAATATGTTTTATATGTATATTTATGTAATATGTGTGAAA	1.86848	NA	NA	24	5415600	5768292	352693	+	NA	copy_number_loss	NA	NA	10515	852		24:6047560:+	:6047560	1	.	Region	nssv1382917	nsv811011	1.00824	19991223	5696088	852	SO:0001743	.	NA	NA	NA	NA
DEL00001030	24	5744564	C	<DEL>	180	PASS	TRUE	DEL	NA	5744595	0	0	3to5	-6,6	-6,6	60	0	5	3	1	AGACACAGATCACAATACACGGGTCTCAGCAACTGATAAGGCTATATATAATATGTTTTATATGTATATTTATGTAATATGTGTGAAA	1.86848	NA	NA	24	5415600	5768292	352693	+	NA	copy_number_loss	NA	NA	10516	852		24:5995681:+	:5995681	1	.	Region	nssv1382917	nsv811011	1.00824	19991223	5696088	852	SO:0001743	.	NA	NA	NA	NA
DEL00001030	24	5744564	C	<DEL>	180	PASS	TRUE	DEL	NA	5744595	0	0	3to5	-6,6	-6,6	60	0	5	3	1	AGACACAGATCACAATACACGGGTCTCAGCAACTGATAAGGCTATATATAATATGTTTTATATGTATATTTATGTAATATGTGTGAAA	1.86848	NA	NA	24	5415600	5768292	352693	+	NA	copy_number_variation	NA	NA	10517	546		NA	NA	NA	.	Region	NA	NA	1.00824	NA	5696088	NA	NA	.	Overlapping calls within sampleset	546	SO:0001019	NA
DEL00001030	24	5744564	C	<DEL>	180	PASS	TRUE	DEL	NA	5744595	0	0	3to5	-6,6	-6,6	60	0	5	3	1	AGACACAGATCACAATACACGGGTCTCAGCAACTGATAAGGCTATATATAATATGTTTTATATGTATATTTATGTAATATGTGTGAAA	1.86848	NA	NA	24	5415600	5768292	352693	+	NA	copy_number_loss	NA	NA	10514	852		24:6073209:+	:6073209	1	.	Region	nssv1382917	nsv811011	1.00824	19991223	5696088	852	SO:0001743	.	NA	NA	NA	NA
DEL00001030	24	5744564	C	<DEL>	180	PASS	TRUE	DEL	NA	5744595	0	0	3to5	-6,6	-6,6	60	0	5	3	1	AGACACAGATCACAATACACGGGTCTCAGCAACTGATAAGGCTATATATAATATGTTTTATATGTATATTTATGTAATATGTGTGAAA	1.86848	NA	NA	24	5548989	5768292	219304	+	NA	copy_number_gain	NA	NA	10536	628		24:5995681:+	:5995681	3	.	Region	nssv1382693	nsv811011	.99698	19886278	5828400	628	SO:0001742	.	NA	NA	NA	NA
DEL00001030	24	5744564	C	<DEL>	180	PASS	TRUE	DEL	NA	5744595	0	0	3to5	-6,6	-6,6	60	0	5	3	1	AGACACAGATCACAATACACGGGTCTCAGCAACTGATAAGGCTATATATAATATGTTTTATATGTATATTTATGTAATATGTGTGAAA	1.86848	NA	NA	24	5548989	5768292	219304	+	NA	copy_number_gain	NA	NA	10535	628		24:6073209:+	:6073209	3	.	Region	nssv1382693	nsv811011	.99698	19886278	5828400	628	SO:0001742	.	NA	NA	NA	NA
DEL00001030	24	5744564	C	<DEL>	180	PASS	TRUE	DEL	NA	5744595	0	0	3to5	-6,6	-6,6	60	0	5	3	1	AGACACAGATCACAATACACGGGTCTCAGCAACTGATAAGGCTATATATAATATGTTTTATATGTATATTTATGTAATATGTGTGAAA	1.86848	NA	NA	24	5548989	5768292	219304	+	NA	copy_number_loss	NA	NA	10533	1155		24:6073209:+	:6073209	1	.	Region	nssv1383220	nsv811011	.99698	20061493	5828400	1155	SO:0001743	.	NA	NA	NA	NA
DEL00001030	24	5744564	C	<DEL>	180	PASS	TRUE	DEL	NA	5744595	0	0	3to5	-6,6	-6,6	60	0	5	3	1	AGACACAGATCACAATACACGGGTCTCAGCAACTGATAAGGCTATATATAATATGTTTTATATGTATATTTATGTAATATGTGTGAAA	1.86848	NA	NA	24	5548989	5768292	219304	+	NA	copy_number_loss	NA	NA	10534	1155		24:6047560:+	:6047560	1	.	Region	nssv1383220	nsv811011	.99698	20061493	5828400	1155	SO:0001743	.	NA	NA	NA	NA
DEL00001030	24	5744564	C	<DEL>	180	PASS	TRUE	DEL	NA	5744595	0	0	3to5	-6,6	-6,6	60	0	5	3	1	AGACACAGATCACAATACACGGGTCTCAGCAACTGATAAGGCTATATATAATATGTTTTATATGTATATTTATGTAATATGTGTGAAA	1.86848	NA	NA	24	5548989	5768292	219304	+	NA	copy_number_loss	NA	NA	10532	1155		24:5995681:+	:5995681	1	.	Region	nssv1383220	nsv811011	.99698	20061493	5828400	1155	SO:0001743	.	NA	NA	NA	NA
DEL00001030	24	5744564	C	<DEL>	180	PASS	TRUE	DEL	NA	5744595	0	0	3to5	-6,6	-6,6	60	0	5	3	1	AGACACAGATCACAATACACGGGTCTCAGCAACTGATAAGGCTATATATAATATGTTTTATATGTATATTTATGTAATATGTGTGAAA	1.86848	NA	NA	24	5548989	5768292	219304	+	NA	copy_number_gain	NA	NA	10537	628		24:6047560:+	:6047560	3	.	Region	nssv1382693	nsv811011	.99698	19886278	5828400	628	SO:0001742	.	NA	NA	NA	NA
DEL00001030	24	5744564	C	<DEL>	180	PASS	TRUE	DEL	NA	5744595	0	0	3to5	-6,6	-6,6	60	0	5	3	1	AGACACAGATCACAATACACGGGTCTCAGCAACTGATAAGGCTATATATAATATGTTTTATATGTATATTTATGTAATATGTGTGAAA	1.86848	NA	NA	24	5548989	5768292	219304	+	NA	copy_number_variation	NA	NA	10541	263		NA	NA	NA	.	Region	NA	NA	.99698	NA	5828400	NA	NA	.	Overlapping calls within sampleset	263	SO:0001019	NA
DEL00001030	24	5744564	C	<DEL>	180	PASS	TRUE	DEL	NA	5744595	0	0	3to5	-6,6	-6,6	60	0	5	3	1	AGACACAGATCACAATACACGGGTCTCAGCAACTGATAAGGCTATATATAATATGTTTTATATGTATATTTATGTAATATGTGTGAAA	1.86848	NA	NA	24	5603642	5768292	164651	+	NA	copy_number_loss	NA	NA	10566	592		24:5995681:+	:5995681	1	.	Region	nssv1382657	nsv810697	.99424	20061496	5883368	592	SO:0001743	.	NA	NA	NA	NA
DEL00001030	24	5744564	C	<DEL>	180	PASS	TRUE	DEL	NA	5744595	0	0	3to5	-6,6	-6,6	60	0	5	3	1	AGACACAGATCACAATACACGGGTCTCAGCAACTGATAAGGCTATATATAATATGTTTTATATGTATATTTATGTAATATGTGTGAAA	1.86848	NA	NA	24	5603642	5768292	164651	+	NA	copy_number_loss	NA	NA	10564	592		24:6047560:+	:6047560	1	.	Region	nssv1382657	nsv810697	.99424	20061496	5883368	592	SO:0001743	.	NA	NA	NA	NA
DEL00001030	24	5744564	C	<DEL>	180	PASS	TRUE	DEL	NA	5744595	0	0	3to5	-6,6	-6,6	60	0	5	3	1	AGACACAGATCACAATACACGGGTCTCAGCAACTGATAAGGCTATATATAATATGTTTTATATGTATATTTATGTAATATGTGTGAAA	1.86848	NA	NA	24	5603642	5768292	164651	+	NA	copy_number_loss	NA	NA	10562	295		24:6073209:+	:6073209	1	.	Region	nssv1382360	nsv810697	.99424	19991237	5883368	295	SO:0001743	.	NA	NA	NA	NA
DEL00001030	24	5744564	C	<DEL>	180	PASS	TRUE	DEL	NA	5744595	0	0	3to5	-6,6	-6,6	60	0	5	3	1	AGACACAGATCACAATACACGGGTCTCAGCAACTGATAAGGCTATATATAATATGTTTTATATGTATATTTATGTAATATGTGTGAAA	1.86848	NA	NA	24	5603642	5768292	164651	+	NA	copy_number_loss	NA	NA	10563	295		24:6047560:+	:6047560	1	.	Region	nssv1382360	nsv810697	.99424	19991237	5883368	295	SO:0001743	.	NA	NA	NA	NA
DEL00001030	24	5744564	C	<DEL>	180	PASS	TRUE	DEL	NA	5744595	0	0	3to5	-6,6	-6,6	60	0	5	3	1	AGACACAGATCACAATACACGGGTCTCAGCAACTGATAAGGCTATATATAATATGTTTTATATGTATATTTATGTAATATGTGTGAAA	1.86848	NA	NA	24	5603642	5768292	164651	+	NA	copy_number_loss	NA	NA	10561	295		24:5995681:+	:5995681	1	.	Region	nssv1382360	nsv810697	.99424	19991237	5883368	295	SO:0001743	.	NA	NA	NA	NA
DEL00001030	24	5744564	C	<DEL>	180	PASS	TRUE	DEL	NA	5744595	0	0	3to5	-6,6	-6,6	60	0	5	3	1	AGACACAGATCACAATACACGGGTCTCAGCAACTGATAAGGCTATATATAATATGTTTTATATGTATATTTATGTAATATGTGTGAAA	1.86848	NA	NA	24	5603642	5768292	164651	+	NA	copy_number_loss	NA	NA	10565	592		24:6073209:+	:6073209	1	.	Region	nssv1382657	nsv810697	.99424	20061496	5883368	592	SO:0001743	.	NA	NA	NA	NA
DEL00001030	24	5744564	C	<DEL>	180	PASS	TRUE	DEL	NA	5744595	0	0	3to5	-6,6	-6,6	60	0	5	3	1	AGACACAGATCACAATACACGGGTCTCAGCAACTGATAAGGCTATATATAATATGTTTTATATGTATATTTATGTAATATGTGTGAAA	1.86848	NA	NA	24	5633247	5768292	135046	+	NA	copy_number_gain	NA	NA	10584	528		24:6047560:+	:6047560	3	.	Region	nssv1382593	nsv810697	.99304	20041463	5912948	528	SO:0001742	.	NA	NA	NA	NA
DEL00001030	24	5744564	C	<DEL>	180	PASS	TRUE	DEL	NA	5744595	0	0	3to5	-6,6	-6,6	60	0	5	3	1	AGACACAGATCACAATACACGGGTCTCAGCAACTGATAAGGCTATATATAATATGTTTTATATGTATATTTATGTAATATGTGTGAAA	1.86848	NA	NA	24	5633247	5768292	135046	+	NA	copy_number_gain	NA	NA	10582	528		24:5995681:+	:5995681	3	.	Region	nssv1382593	nsv810697	.99304	20041463	5912948	528	SO:0001742	.	NA	NA	NA	NA
DEL00001030	24	5744564	C	<DEL>	180	PASS	TRUE	DEL	NA	5744595	0	0	3to5	-6,6	-6,6	60	0	5	3	1	AGACACAGATCACAATACACGGGTCTCAGCAACTGATAAGGCTATATATAATATGTTTTATATGTATATTTATGTAATATGTGTGAAA	1.86848	NA	NA	24	5633247	5768292	135046	+	NA	copy_number_gain	NA	NA	10583	528		24:6073209:+	:6073209	3	.	Region	nssv1382593	nsv810697	.99304	20041463	5912948	528	SO:0001742	.	NA	NA	NA	NA
DEL00001030	24	5744564	C	<DEL>	180	PASS	TRUE	DEL	NA	5744595	0	0	3to5	-6,6	-6,6	60	0	5	3	1	AGACACAGATCACAATACACGGGTCTCAGCAACTGATAAGGCTATATATAATATGTTTTATATGTATATTTATGTAATATGTGTGAAA	1.86848	NA	NA	24	5664455	5768292	103838	+	NA	copy_number_gain	NA	NA	10592	705		24:5995681:+	:5995681	3	.	Region	nssv1382770	nsv811011	.99106	19951071	5944146	705	SO:0001742	.	NA	NA	NA	NA
DEL00001030	24	5744564	C	<DEL>	180	PASS	TRUE	DEL	NA	5744595	0	0	3to5	-6,6	-6,6	60	0	5	3	1	AGACACAGATCACAATACACGGGTCTCAGCAACTGATAAGGCTATATATAATATGTTTTATATGTATATTTATGTAATATGTGTGAAA	1.86848	NA	NA	24	5664455	5768292	103838	+	NA	copy_number_gain	NA	NA	10593	705		24:6047560:+	:6047560	3	.	Region	nssv1382770	nsv811011	.99106	19951071	5944146	705	SO:0001742	.	NA	NA	NA	NA
DEL00001030	24	5744564	C	<DEL>	180	PASS	TRUE	DEL	NA	5744595	0	0	3to5	-6,6	-6,6	60	0	5	3	1	AGACACAGATCACAATACACGGGTCTCAGCAACTGATAAGGCTATATATAATATGTTTTATATGTATATTTATGTAATATGTGTGAAA	1.86848	NA	NA	24	5664455	5768292	103838	+	NA	copy_number_gain	NA	NA	10591	705		24:6073209:+	:6073209	3	.	Region	nssv1382770	nsv811011	.99106	19951071	5944146	705	SO:0001742	.	NA	NA	NA	NA
DEL00001030	24	5744564	C	<DEL>	180	PASS	TRUE	DEL	NA	5744595	0	0	3to5	-6,6	-6,6	60	0	5	3	1	AGACACAGATCACAATACACGGGTCTCAGCAACTGATAAGGCTATATATAATATGTTTTATATGTATATTTATGTAATATGTGTGAAA	1.86848	NA	NA	24	5664455	5768292	103838	+	NA	copy_number_loss	NA	NA	10595	1177		24:5995681:+	:5995681	1	.	Region	nssv1383242	nsv811011	.99106	20061517	5944146	1177	SO:0001743	.	NA	NA	NA	NA
DEL00001030	24	5744564	C	<DEL>	180	PASS	TRUE	DEL	NA	5744595	0	0	3to5	-6,6	-6,6	60	0	5	3	1	AGACACAGATCACAATACACGGGTCTCAGCAACTGATAAGGCTATATATAATATGTTTTATATGTATATTTATGTAATATGTGTGAAA	1.86848	NA	NA	24	5664455	5768292	103838	+	NA	copy_number_loss	NA	NA	10596	1177		24:6047560:+	:6047560	1	.	Region	nssv1383242	nsv811011	.99106	20061517	5944146	1177	SO:0001743	.	NA	NA	NA	NA
DEL00001030	24	5744564	C	<DEL>	180	PASS	TRUE	DEL	NA	5744595	0	0	3to5	-6,6	-6,6	60	0	5	3	1	AGACACAGATCACAATACACGGGTCTCAGCAACTGATAAGGCTATATATAATATGTTTTATATGTATATTTATGTAATATGTGTGAAA	1.86848	NA	NA	24	5664455	5768292	103838	+	NA	copy_number_loss	NA	NA	10594	1177		24:6073209:+	:6073209	1	.	Region	nssv1383242	nsv811011	.99106	20061517	5944146	1177	SO:0001743	.	NA	NA	NA	NA
DEL00001030	24	5744564	C	<DEL>	180	PASS	TRUE	DEL	NA	5744595	0	0	3to5	-6,6	-6,6	60	0	5	3	1	AGACACAGATCACAATACACGGGTCTCAGCAACTGATAAGGCTATATATAATATGTTTTATATGTATATTTATGTAATATGTGTGAAA	1.86848	NA	NA	24	5695058	5768292	73235	+	NA	copy_number_gain	NA	NA	10609	694		24:5995681:+	:5995681	3	.	Region	nssv1382759	nsv811011	.98721	19941039	5974843	694	SO:0001742	.	NA	NA	NA	NA
DEL00001030	24	5744564	C	<DEL>	180	PASS	TRUE	DEL	NA	5744595	0	0	3to5	-6,6	-6,6	60	0	5	3	1	AGACACAGATCACAATACACGGGTCTCAGCAACTGATAAGGCTATATATAATATGTTTTATATGTATATTTATGTAATATGTGTGAAA	1.86848	NA	NA	24	5695058	5768292	73235	+	NA	copy_number_gain	NA	NA	10610	694		24:6047560:+	:6047560	3	.	Region	nssv1382759	nsv811011	.98721	19941039	5974843	694	SO:0001742	.	NA	NA	NA	NA
DEL00001030	24	5744564	C	<DEL>	180	PASS	TRUE	DEL	NA	5744595	0	0	3to5	-6,6	-6,6	60	0	5	3	1	AGACACAGATCACAATACACGGGTCTCAGCAACTGATAAGGCTATATATAATATGTTTTATATGTATATTTATGTAATATGTGTGAAA	1.86848	NA	NA	24	5695058	5768292	73235	+	NA	copy_number_gain	NA	NA	10611	694		24:6073209:+	:6073209	3	.	Region	nssv1382759	nsv811011	.98721	19941039	5974843	694	SO:0001742	.	NA	NA	NA	NA
INV00001179	29	27671388	G	<INV>	180	PASS	TRUE	INV	NA	27672533	0	0	5to5	-8,8	-8,8	60	0	7	3	0.992248	CACTGCACAAAGGTAAAAAGAAAATACTTGCCAAAAGCTACATTTAAAATATTTACAGACGTAAAATGAATTATAGTCAAAGCTGTTTTAGAAACTTCAGTATCTGGCATTTAAAGGAAACATTTTTTC	1.84879	NA	NA	29	27558177	27779405	221229	+	NA	copy_number_gain	NA	NA	11667-2	1103		29:28147352:+	:28147352	3	.	Region	nssv1383168	nsv811043	1.27689	20041465	27925359	1103	SO:0001742	.	NA	NA	NA	NA
INV00001179	29	27671388	G	<INV>	180	PASS	TRUE	INV	NA	27672533	0	0	5to5	-8,8	-8,8	60	0	7	3	0.992248	CACTGCACAAAGGTAAAAAGAAAATACTTGCCAAAAGCTACATTTAAAATATTTACAGACGTAAAATGAATTATAGTCAAAGCTGTTTTAGAAACTTCAGTATCTGGCATTTAAAGGAAACATTTTTTC	1.84879	NA	NA	29	27558177	27779405	221229	+	NA	copy_number_gain	NA	NA	11668-2	1103		29:28339487:+	:28339487	3	.	Region	nssv1383168	nsv811043	1.27689	20041465	27925359	1103	SO:0001742	.	NA	NA	NA	NA
INV00001179	29	27671388	G	<INV>	180	PASS	TRUE	INV	NA	27672533	0	0	5to5	-8,8	-8,8	60	0	7	3	0.992248	CACTGCACAAAGGTAAAAAGAAAATACTTGCCAAAAGCTACATTTAAAATATTTACAGACGTAAAATGAATTATAGTCAAAGCTGTTTTAGAAACTTCAGTATCTGGCATTTAAAGGAAACATTTTTTC	1.84879	NA	NA	29	27558177	27779405	221229	+	NA	copy_number_gain	NA	NA	11669-2	1103		29:29246196:+	:29246196	3	.	Region	nssv1383168	nsv811043	1.27689	20041465	27925359	1103	SO:0001742	.	NA	NA	NA	NA
INV00001179	29	27671388	G	<INV>	180	PASS	TRUE	INV	NA	27672533	0	0	5to5	-8,8	-8,8	60	0	7	3	0.992248	CACTGCACAAAGGTAAAAAGAAAATACTTGCCAAAAGCTACATTTAAAATATTTACAGACGTAAAATGAATTATAGTCAAAGCTGTTTTAGAAACTTCAGTATCTGGCATTTAAAGGAAACATTTTTTC	1.84879	NA	NA	29	27558177	27779405	221229	+	NA	copy_number_variation	NA	NA	11670-2	575		NA	NA	NA	.	Region	NA	NA	1.27689	NA	27925359	NA	NA	.	Overlapping calls within sampleset	575	SO:0001019	NA
