SV_ID	SV_CHROM	SV_START	REF	ALT	QUAL	FILTER	PRECISE	SVTYPE	CHR2	SV_END	PE	MAPQ	CT	CIPOS	CIEND	SRMAPQ	INSLEN	HOMLEN	SR	SRQ	CONSENSUS	CE	SVLEN	POS2	DATASET_CHROM	DATASET_START	DATASET_END	DATASET_SV_LENGTH	DATSET_STRAND	DATASET_SOURCE	DATASET_SV_TYPE	score	phase	DATSET_ID	Alias	Name	breakpoint_detail	breakpoint_range	end_range	gbkey	mate_id	parent	sample_name	start_range	submitter_variant_call_id	variant_call_so_id	variant_seq	assertion_method	submitter_variant_region_id	variant_region_so_id	part
DEL00000479	8	61247352	T	<DEL>	180	PASS	TRUE	DEL	NA	61247663	0	0	3to5	-10,10	-10,10	60	0	9	3	1	CACTCTTATTGCAGTGTTTGAAATTACTGCTTAAAGAATGTTGCAGCTGGAAGGACCTAAAAGGTAAGAATTTCCCAAATCCTATTTTACGCCAGAATTTAAGAATATGTCCC	1.9445	NA	NA	8	61200711	61455420	254710	+	NA	copy_number_variation	NA	NA	2685	101		NA	NA	.	Region	NA	NA	NA	61602700	NA	NA	.	Calls with identical coordinates were merged: CNVRuler algorithm (CNV Region method)	101	SO:0001019	NA
DEL00000479	8	61247352	T	<DEL>	180	PASS	TRUE	DEL	NA	61247663	0	0	3to5	-10,10	-10,10	60	0	9	3	1	CACTCTTATTGCAGTGTTTGAAATTACTGCTTAAAGAATGTTGCAGCTGGAAGGACCTAAAAGGTAAGAATTTCCCAAATCCTATTTTACGCCAGAATTTAAGAATATGTCCC	1.9445	NA	NA	8	61200711	61455420	254710	+	NA	deletion	NA	NA	2678	336		8:61841387:+	:61841387	.	Region	nssv13656825	nsv2779256	334713	61602700	336	SO:0000159	-	NA	NA	NA	NA
DEL00000479	8	61247352	T	<DEL>	180	PASS	TRUE	DEL	NA	61247663	0	0	3to5	-10,10	-10,10	60	0	9	3	1	CACTCTTATTGCAGTGTTTGAAATTACTGCTTAAAGAATGTTGCAGCTGGAAGGACCTAAAAGGTAAGAATTTCCCAAATCCTATTTTACGCCAGAATTTAAGAATATGTCCC	1.9445	NA	NA	8	61200711	61455420	254710	+	NA	deletion	NA	NA	2679	336		8:61841387:+	:61841387	.	Region	nssv13656825	nsv2779256	334713	61602700	336	SO:0000159	-	NA	NA	NA	NA
DEL00000479	8	61247352	T	<DEL>	180	PASS	TRUE	DEL	NA	61247663	0	0	3to5	-10,10	-10,10	60	0	9	3	1	CACTCTTATTGCAGTGTTTGAAATTACTGCTTAAAGAATGTTGCAGCTGGAAGGACCTAAAAGGTAAGAATTTCCCAAATCCTATTTTACGCCAGAATTTAAGAATATGTCCC	1.9445	NA	NA	8	61200711	61455420	254710	+	NA	deletion	NA	NA	2683	336		8:62105717:+	:62105717	.	Region	nssv13656825	nsv2779256	334713	61602700	336	SO:0000159	-	NA	NA	NA	NA
DEL00000920	17	20280260	C	<DEL>	180	PASS	TRUE	DEL	NA	20280451	0	0	3to5	-4,4	-4,4	60	0	3	3	1	AAACTCTATAAGGGAAATACTACCTTTTTGAACTCTATATTCAGCTGACATAATAAACTCCTTTTTGTTGACACTTTGGCTGGGTTTTATACTTTTATCCCACATATTTCTAGCAATTATGAA	1.87363	NA	NA	17	20203347	20730822	527476	+	NA	deletion	NA	NA	4003	90		17:21045452:+	:21045452	.	Region	nssv13656637	nsv2779319	334693	20517599	90	SO:0000159	-	NA	NA	NA	NA
DEL00000920	17	20280260	C	<DEL>	180	PASS	TRUE	DEL	NA	20280451	0	0	3to5	-4,4	-4,4	60	0	3	3	1	AAACTCTATAAGGGAAATACTACCTTTTTGAACTCTATATTCAGCTGACATAATAAACTCCTTTTTGTTGACACTTTGGCTGGGTTTTATACTTTTATCCCACATATTTCTAGCAATTATGAA	1.87363	NA	NA	17	20203347	20730822	527476	+	NA	deletion	NA	NA	4007	90		17:21045452:+	:21045452	.	Region	nssv13656637	nsv2779319	334693	20517599	90	SO:0000159	-	NA	NA	NA	NA
DEL00000920	17	20280260	C	<DEL>	180	PASS	TRUE	DEL	NA	20280451	0	0	3to5	-4,4	-4,4	60	0	3	3	1	AAACTCTATAAGGGAAATACTACCTTTTTGAACTCTATATTCAGCTGACATAATAAACTCCTTTTTGTTGACACTTTGGCTGGGTTTTATACTTTTATCCCACATATTTCTAGCAATTATGAA	1.87363	NA	NA	17	20203347	20730822	527476	+	NA	deletion	NA	NA	4002	90		17:21114470:+	:21114470	.	Region	nssv13656637	nsv2779319	334693	20517599	90	SO:0000159	-	NA	NA	NA	NA
DEL00001067	21	19888861	T	<DEL>	180	PASS	TRUE	DEL	NA	19889520	0	0	3to5	-16,16	-16,16	60	0	15	3	0.992366	ATACAATCTGTTTAGCTTGAGCCCAAGGGATATGAAACTTGGTTTTTAAATATTTTAATTACAATGTGACAGATCATGAAGGGCTGATGCTTCTATAAATTCTGGAAATAAAAGGGCATTGGCTTGGTCAT	1.91293	NA	NA	21	19655901	20037083	381183	+	NA	duplication	NA	NA	4694	157		21:20465052:+	:20465052	.	Region	nssv13656696	nsv2779346	334696	20062038	157	SO:1000035	.	NA	NA	NA	NA
DEL00001067	21	19888861	T	<DEL>	180	PASS	TRUE	DEL	NA	19889520	0	0	3to5	-16,16	-16,16	60	0	15	3	0.992366	ATACAATCTGTTTAGCTTGAGCCCAAGGGATATGAAACTTGGTTTTTAAATATTTTAATTACAATGTGACAGATCATGAAGGGCTGATGCTTCTATAAATTCTGGAAATAAAAGGGCATTGGCTTGGTCAT	1.91293	NA	NA	21	19655901	20037083	381183	+	NA	duplication	NA	NA	4699	157		21:20465052:+	:20465052	.	Region	nssv13656696	nsv2779346	334696	20062038	157	SO:1000035	.	NA	NA	NA	NA
DEL00001067	21	19888861	T	<DEL>	180	PASS	TRUE	DEL	NA	19889520	0	0	3to5	-16,16	-16,16	60	0	15	3	0.992366	ATACAATCTGTTTAGCTTGAGCCCAAGGGATATGAAACTTGGTTTTTAAATATTTTAATTACAATGTGACAGATCATGAAGGGCTGATGCTTCTATAAATTCTGGAAATAAAAGGGCATTGGCTTGGTCAT	1.91293	NA	NA	21	19655901	20037083	381183	+	NA	duplication	NA	NA	4695	157		21:20642170:+	:20642170	.	Region	nssv13656696	nsv2779346	334696	20062038	157	SO:1000035	.	NA	NA	NA	NA
DEL00001067	21	19888861	T	<DEL>	180	PASS	TRUE	DEL	NA	19889520	0	0	3to5	-16,16	-16,16	60	0	15	3	0.992366	ATACAATCTGTTTAGCTTGAGCCCAAGGGATATGAAACTTGGTTTTTAAATATTTTAATTACAATGTGACAGATCATGAAGGGCTGATGCTTCTATAAATTCTGGAAATAAAAGGGCATTGGCTTGGTCAT	1.91293	NA	NA	21	19655901	20037083	381183	+	NA	duplication	NA	NA	4689	156		21:20642170:+	:20642170	.	Region	nssv13656695	nsv2779346	334696	20062038	156	SO:1000035	.	NA	NA	NA	NA
DEL00001067	21	19888861	T	<DEL>	180	PASS	TRUE	DEL	NA	19889520	0	0	3to5	-16,16	-16,16	60	0	15	3	0.992366	ATACAATCTGTTTAGCTTGAGCCCAAGGGATATGAAACTTGGTTTTTAAATATTTTAATTACAATGTGACAGATCATGAAGGGCTGATGCTTCTATAAATTCTGGAAATAAAAGGGCATTGGCTTGGTCAT	1.91293	NA	NA	21	19655901	20037083	381183	+	NA	duplication	NA	NA	4693	156		21:20465052:+	:20465052	.	Region	nssv13656695	nsv2779346	334696	20062038	156	SO:1000035	.	NA	NA	NA	NA
DEL00001067	21	19888861	T	<DEL>	180	PASS	TRUE	DEL	NA	19889520	0	0	3to5	-16,16	-16,16	60	0	15	3	0.992366	ATACAATCTGTTTAGCTTGAGCCCAAGGGATATGAAACTTGGTTTTTAAATATTTTAATTACAATGTGACAGATCATGAAGGGCTGATGCTTCTATAAATTCTGGAAATAAAAGGGCATTGGCTTGGTCAT	1.91293	NA	NA	21	19655901	20037083	381183	+	NA	duplication	NA	NA	4688	156		21:20465052:+	:20465052	.	Region	nssv13656695	nsv2779346	334696	20062038	156	SO:1000035	.	NA	NA	NA	NA
DEL00001067	21	19888861	T	<DEL>	180	PASS	TRUE	DEL	NA	19889520	0	0	3to5	-16,16	-16,16	60	0	15	3	0.992366	ATACAATCTGTTTAGCTTGAGCCCAAGGGATATGAAACTTGGTTTTTAAATATTTTAATTACAATGTGACAGATCATGAAGGGCTGATGCTTCTATAAATTCTGGAAATAAAAGGGCATTGGCTTGGTCAT	1.91293	NA	NA	21	19847606	19999322	151717	-	NA	duplication	NA	NA	4682-2	94		21:20239963:+	:20239963	.	Region	nssv13656641	nsv2779346	334693	20022623	94	SO:1000035	.	NA	NA	NA	NA
DEL00001067	21	19888861	T	<DEL>	180	PASS	TRUE	DEL	NA	19889520	0	0	3to5	-16,16	-16,16	60	0	15	3	0.992366	ATACAATCTGTTTAGCTTGAGCCCAAGGGATATGAAACTTGGTTTTTAAATATTTTAATTACAATGTGACAGATCATGAAGGGCTGATGCTTCTATAAATTCTGGAAATAAAAGGGCATTGGCTTGGTCAT	1.91293	NA	NA	21	19847606	19999322	151717	-	NA	duplication	NA	NA	4684-2	94		21:20178454:+	:20178454	.	Region	nssv13656641	nsv2779346	334693	20022623	94	SO:1000035	.	NA	NA	NA	NA
DEL00001067	21	19888861	T	<DEL>	180	PASS	TRUE	DEL	NA	19889520	0	0	3to5	-16,16	-16,16	60	0	15	3	0.992366	ATACAATCTGTTTAGCTTGAGCCCAAGGGATATGAAACTTGGTTTTTAAATATTTTAATTACAATGTGACAGATCATGAAGGGCTGATGCTTCTATAAATTCTGGAAATAAAAGGGCATTGGCTTGGTCAT	1.91293	NA	NA	21	19847606	19999322	151717	-	NA	duplication	NA	NA	4683-2	94		21:20178454:+	:20178454	.	Region	nssv13656641	nsv2779346	334693	20022623	94	SO:1000035	.	NA	NA	NA	NA
