ID	gene_id	CHROM	POS	REF	ALT	QUAL	FILTER	PRECISE	SVTYPE	CHR2	END	PE	MAPQ	CT	CIPOS	CIEND	SRMAPQ	INSLEN	HOMLEN	SR	SRQ	CONSENSUS	CE	SV_LENGTH	seqnames	start	end	width	strand	source	type	score	phase	gene_version	gene_source	gene_biotype	transcript_id	transcript_version	transcript_source	transcript_biotype	exon_number	exon_id	exon_version	protein_id	protein_version	gene_name	transcript_name	tag	EGGNOG	ENTRY-NAME	FEATURES	FUNCTION	GENES	GO	UNIPROT_ID	KEGG	KO	LENGTH	PATHWAY	PDB	REVIEWED	SCORE	SEQUENCE	UNIPROTKB
INV00000442	ENSBTAG00000019600	9	6185011	T	<INV>	.	PASS	TRUE	INV	9	73797258	0	0	3to3	-4,4	-4,4	60	0	4	3	0.990099	CAAAAGCAGTTCTAAGAGAGAAAGTAATAGTGATACAGGCCTTCCTTAAGAATAAGAAAAATCTTTTTCTTTATGTAATAACATTCTTATAATGTATACTT	1.83386	67612247	9	12765347	12766533	1187	-	ensembl	gene	NA	NA	5	ensembl	protein_coding	NA	NA	NA	NA	NA	NA	NA	NA	NA	OOEP	NA	NA	ENOG502RU0M	OOEP_BOVIN	Chain (1); Domain (1)	FUNCTION: As part of the OOEP-KHDC3 scaffold, recruits BLM and TRIM25 to DNA replication forks, thereby promoting the ubiquitination of BLM by TRIM25, enhancing BLM retainment at replication forks and therefore promoting stalled replication fork restart (By similarity). Positively regulates the homologous recombination-mediated DNA double-strand break (DSB) repair pathway by regulating ATM activation and RAD51 recruitment to DSBs in oocytes (By similarity). Thereby contributes to oocyte survival and the resumption and completion of meiosis (By similarity). As a member of the subcortical maternal complex (SCMC), plays an essential role for zygotes to progress beyond the first embryonic cell divisions via regulation of actin dynamics (By similarity). Required for the formation of F-actin cytoplasmic lattices in oocytes which in turn are responsible for symmetric division of zygotes via the regulation of mitotic spindle formation and positioning (By similarity). {ECO:0000250|UniProtKB:Q9CWE6}.	OOEP	apical cortex [GO:0045179]; cell cortex [GO:0005938]; cytoplasm [GO:0005737]; nucleus [GO:0005634]; protein-containing complex [GO:0032991]; RNA binding [GO:0003723]; actin filament organization [GO:0007015]; embryonic pattern specification [GO:0009880]; establishment of spindle localization [GO:0051293]; establishment or maintenance of apical/basal cell polarity [GO:0035088]; positive regulation of double-strand break repair [GO:2000781]; positive regulation of double-strand break repair via homologous recombination [GO:1905168]; positive regulation of meiotic nuclear division [GO:0045836]; regulation of cell division [GO:0051302]; regulation of establishment of protein localization [GO:0070201]; regulation of protein localization [GO:0032880]; replication fork processing [GO:0031297]	A0JNQ6	bta:507401	NA	 140	NA	NA	reviewed	3 out of 5	MVDNAGDYEARGDRLLGFPLPSPRVRIRPWWFPAQELRNPLVFFLEAWLADLIFGPDRALVPEMEWMSQALLMVDAVDAGNLVEVTVFARPAVQRQVKSVLLSQASVHREQRARAEKMEQLEEFLKAQAPGPQVPQHPVA	A0JNQ6
INV00000442	ENSBTAG00000014534	9	6185011	T	<INV>	.	PASS	TRUE	INV	9	73797258	0	0	3to3	-4,4	-4,4	60	0	4	3	0.990099	CAAAAGCAGTTCTAAGAGAGAAAGTAATAGTGATACAGGCCTTCCTTAAGAATAAGAAAAATCTTTTTCTTTATGTAATAACATTCTTATAATGTATACTT	1.83386	67612247	9	13011231	13020524	9294	-	ensembl	gene	NA	NA	6	ensembl	protein_coding	NA	NA	NA	NA	NA	NA	NA	NA	NA	EEF1A1	NA	NA	KOG0052	EF1A1_BOVIN	Chain (1); Domain (1); Initiator methionine (1); Modified residue (20); Nucleotide binding (3); Region (5); Sequence conflict (1)	FUNCTION: This protein promotes the GTP-dependent binding of aminoacyl-tRNA to the A-site of ribosomes during protein biosynthesis. Plays a role in the positive regulation of IFNG transcription in T-helper 1 cells as part of an IFNG promoter-binding complex with TXK and PARP1. {ECO:0000250|UniProtKB:P68104}.	EEF1A1 EEF1A EF1A	cortical actin cytoskeleton [GO:0030864]; cytoplasm [GO:0005737]; cytosol [GO:0005829]; nucleolus [GO:0005730]; nucleus [GO:0005634]; plasma membrane [GO:0005886]; ruffle membrane [GO:0032587]; GTP binding [GO:0005525]; GTPase activity [GO:0003924]; protein kinase binding [GO:0019901]; translation elongation factor activity [GO:0003746]; tRNA binding [GO:0000049]; cellular response to epidermal growth factor stimulus [GO:0071364]; regulation of D-erythro-sphingosine kinase activity [GO:1900022]; translation [GO:0006412]; translational elongation [GO:0006414]	P68103	bta:282220	NA	 462	NA	NA	reviewed	5 out of 5	MGKEKTHINIVVIGHVDSGKSTTTGHLIYKCGGIDKRTIEKFEKEAAEMGKGSFKYAWVLDKLKAERERGITIDISLWKFETSKYYVTIIDAPGHRDFIKNMITGTSQADCAVLIVAAGVGEFEAGISKNGQTREHALLAYTLGVKQLIVGVNKMDSTEPPYSQKRYEEIVKEVSTYIKKIGYNPDTVAFVPISGWNGDNMLEPSANMPWFKGWKVTRKDGNASGTTLLEALDCILPPTRPTDKPLRLPLQDVYKIGGIGTVPVGRVETGVLKPGMVVTFAPVNVTTEVKSVEMHHEALSEALPGDNVGFNVKNVSVKDVRRGNVAGDSKNDPPMEAAGFTAQVIILNHPGQISAGYAPVLDCHTAHIACKFAELKEKIDRRSGKKLEDGPKFLKSGDAAIVDMVPGKPMCVESFSDYPPLGRFAVRDMRQTVAVGVIKAVDKKAAGAGKVTKSAQKAQKAK	P68103
INV00000442	ENSBTAG00000005100	9	6185011	T	<INV>	.	PASS	TRUE	INV	9	73797258	0	0	3to3	-4,4	-4,4	60	0	4	3	0.990099	CAAAAGCAGTTCTAAGAGAGAAAGTAATAGTGATACAGGCCTTCCTTAAGAATAAGAAAAATCTTTTTCTTTATGTAATAACATTCTTATAATGTATACTT	1.83386	67612247	9	14849783	14893385	43603	-	ensembl	gene	NA	NA	4	ensembl	protein_coding	NA	NA	NA	NA	NA	NA	NA	NA	NA	TMEM30A	NA	NA	KOG2952	CC50A_BOVIN	Chain (1); Disulfide bond (3); Glycosylation (3); Initiator methionine (1); Modified residue (1); Mutagenesis (5); Region (2); Topological domain (3); Transmembrane (2)	FUNCTION: Accessory component of a P4-ATPase flippase complex which catalyzes the hydrolysis of ATP coupled to the transport of aminophospholipids from the outer to the inner leaflet of various membranes and ensures the maintenance of asymmetric distribution of phospholipids. Phospholipid translocation seems also to be implicated in vesicle formation and in uptake of lipid signaling molecules. The beta subunit may assist in binding of the phospholipid substrate. Required for the proper folding, assembly and ER to Golgi exit of the ATP8A2:TMEM30A flippase complex. ATP8A2:TMEM30A may be involved in regulation of neurite outgrowth, and, reconstituted to liposomes, predomiminantly transports phosphatidylserine (PS) and to a lesser extent phosphatidylethanolamine (PE). The ATP8A1:TMEM30A flippase complex seems to play a role in regulation of cell migration probably involving flippase-mediated translocation of phosphatidylethanolamine (PE) at the plasma membrane. Required for the formation of the ATP8A2, ATP8B1 and ATP8B2 P-type ATPAse intermediate phosphoenzymes. Involved in uptake of platelet-activating factor (PAF). Can also mediate the export of alpha subunits ATP8A1, ATP8B1, ATP8B2, ATP8B4, ATP10A, ATP10B, ATP10D, ATP11A, ATP11B and ATP11C from the ER to other membrane localizations. {ECO:0000269|PubMed:21454556}.	TMEM30A	apical plasma membrane [GO:0016324]; endoplasmic reticulum [GO:0005783]; Golgi apparatus [GO:0005794]; integral component of membrane [GO:0016021]; phospholipid-translocating ATPase complex [GO:1990531]; plasma membrane [GO:0005886]; transport vesicle membrane [GO:0030658]; aminophospholipid flippase activity [GO:0015247]; drug transmembrane transport [GO:0006855]; phospholipid translocation [GO:0045332]; positive regulation of neuron projection development [GO:0010976]; positive regulation of phospholipid translocation [GO:0061092]; positive regulation of protein exit from endoplasmic reticulum [GO:0070863]; protein localization to endosome [GO:0036010]	Q17QL5	bta:505797	NA	 361	NA	NA	reviewed	5 out of 5	MAMNYNAKDEVDGGPPCPPGGTAKTRRPDNTAFKQQRLPAWQPILTAGTVLPTFFIIGLIFIPIGIGIFVTSNNIREIEIDYTGTDPSSPCNKCLSPNVTPCVCTINFTLEQSFEGNVFMYYGLSNFYQNHRRYVKSRDDGQLNGDPSALLNPSKECEPYRRNEDKPIAPCGAIANSMFNDTLELFQVGNASDLTPIPLKKKGIAWWTDKNVKFRNPPGTDPLEERFKGTTKPVNWVKPVYMLDSDEDNNGFINEDFIVWMRTAALPTFRKLYRLIERKNDLHPTLPAGRYYLNITYNYPVHSFDGRKRMILSTISWMGGKNPFLGIAYITIGSISFLLGVVLLVINHKYRNSSNTADITI	Q17QL5
INV00000442	ENSBTAG00000055014	9	6185011	T	<INV>	.	PASS	TRUE	INV	9	73797258	0	0	3to3	-4,4	-4,4	60	0	4	3	0.990099	CAAAAGCAGTTCTAAGAGAGAAAGTAATAGTGATACAGGCCTTCCTTAAGAATAAGAAAAATCTTTTTCTTTATGTAATAACATTCTTATAATGTATACTT	1.83386	67612247	9	19256542	19330621	74080	+	ensembl	gene	NA	NA	1	ensembl	protein_coding	NA	NA	NA	NA	NA	NA	NA	NA	NA	SH3BGRL2	NA	NA	NA	SH3L2_BOVIN	Chain (1); Motif (1)	NA	SH3BGRL2	nucleus [GO:0005634]; SH3 domain binding [GO:0017124]	A4IFC4	bta:785404	NA	 107	NA	NA	reviewed	1 out of 5	MVIRVFLASSSGFVAIKKKQQDVVRFLEANKIEFEEVDITMSEEQRQWMYKNIPPEKKPAQGNPLPPQIFNDDQYCGDYDSFFESKESNTVFSFLGLKSQLASKAES	A4IFC4
INV00000442	ENSBTAG00000012096	9	6185011	T	<INV>	.	PASS	TRUE	INV	9	73797258	0	0	3to3	-4,4	-4,4	60	0	4	3	0.990099	CAAAAGCAGTTCTAAGAGAGAAAGTAATAGTGATACAGGCCTTCCTTAAGAATAAGAAAAATCTTTTTCTTTATGTAATAACATTCTTATAATGTATACTT	1.83386	67612247	9	19804029	20074759	270731	+	ensembl	gene	NA	NA	6	ensembl	protein_coding	NA	NA	NA	NA	NA	NA	NA	NA	NA	BCKDHB	NA	NA	NA	ODBB_BOVIN	Chain (1); Modified residue (2); Sequence conflict (5); Transit peptide (1)	FUNCTION: The branched-chain alpha-keto dehydrogenase complex catalyzes the overall conversion of alpha-keto acids to acyl-CoA and CO(2). It contains multiple copies of three enzymatic components: branched-chain alpha-keto acid decarboxylase (E1), lipoamide acyltransferase (E2) and lipoamide dehydrogenase (E3).	BCKDHB	mitochondrial alpha-ketoglutarate dehydrogenase complex [GO:0005947]; nucleolus [GO:0005730]; 3-methyl-2-oxobutanoate dehydrogenase (2-methylpropanoyl-transferring) activity [GO:0003863]; alpha-ketoacid dehydrogenase activity [GO:0003826]; branched-chain amino acid catabolic process [GO:0009083]; response to nutrient [GO:0007584]	P21839	bta:282150	NA	 392	NA	NA	reviewed	3 out of 5	MAAVAAFAGWLLRLRAAGADGPWRRLCGAGLSRGFLQSASAYGAAAQRRQVAHFTFQPDPEPVEYGQTQKMNLFQAVTSALDNSLAKDPTAVIFGEDVAFGGVFRCTVGLRDKYGKDRVFNTPLCEQGIVGFGIGIAVTGATAIAEIQFADYIFPAFDQIVNEAAKYRYRSGDLFNCGSLTIRSPWGCVGHGALYHSQSPEAFFAHCPGIKVVVPRSPFQAKGLLLSCIEDKNPCIFFEPKILYRAAVEQVPVEPYNIPLSQAEVIQEGSDVTLVAWGTQVHVIREVAAMAQEKLGVSCEVIDLRTILPWDVDTVCKSVIKTGRLLVSHEAPLTGGFASEISSTVQEECFLNLEAPISRVCGYDTPFPHIFEPFYIPDKWKCYDALRKMINY	P21839
INV00000442	ENSBTAG00000019418	9	6185011	T	<INV>	.	PASS	TRUE	INV	9	73797258	0	0	3to3	-4,4	-4,4	60	0	4	3	0.990099	CAAAAGCAGTTCTAAGAGAGAAAGTAATAGTGATACAGGCCTTCCTTAAGAATAAGAAAAATCTTTTTCTTTATGTAATAACATTCTTATAATGTATACTT	1.83386	67612247	9	22791492	22958605	167114	-	ensembl	gene	NA	NA	6	ensembl	protein_coding	NA	NA	NA	NA	NA	NA	NA	NA	NA	UBE3D	NA	NA	KOG4784	UBE3D_BOVIN	Chain (1); Initiator methionine (1); Modified residue (1); Region (2)	FUNCTION: E3 ubiquitin-protein ligase which accepts ubiquitin from specific E2 ubiquitin-conjugating enzymes, and transfers it to substrates, generally promoting their degradation by the proteasome. {ECO:0000250|UniProtKB:Q7Z6J8}.	UBE3D H10BH UBE2CBP	cytosol [GO:0005829]; nucleus [GO:0005634]; ubiquitin ligase complex [GO:0000151]; cyclin binding [GO:0030332]; ubiquitin conjugating enzyme binding [GO:0031624]; ubiquitin protein ligase activity [GO:0061630]; proteasome-mediated ubiquitin-dependent protein catabolic process [GO:0043161]; protein autoubiquitination [GO:0051865]; protein monoubiquitination [GO:0006513]; protein polyubiquitination [GO:0000209]	Q1JQA1	bta:515386	NA	 389	PATHWAY: Protein modification; protein ubiquitination.	NA	reviewed	4 out of 5	MAAVAAEARVFLEVRRRLQSALLILGDSKEGGLPMAVSVTPSSLRMQSPGGCTELRLPAGVRLAPSTCRGLQHVPGDGLHLRLHARAESRPELISVFNQSSQDQECCTFYCQSCGEVIIRDRMLLRVLPLPGDNWGALVDEWCCHPDPFANKPLHPRENDCFTGDCFYLVNLKSDLWQPRPEGAPVETHHLSSENHLKLKPKANTKVICKRCKVMLGETVSSETTKFYMTEIIILPSERNFPIIPRSQFVQSVLAQCVVELSSARSTFRFTIQGHDDKVYILLWLLNSDSLVIESLGQYTNIKKFPVLEDVLKPDSNSACNAVKVLYQPCIKSRNAELSSLWENDLSVHSLTLPSTTCLELLLILSKSNATLPPSLRCMNSFQVAFLKM	Q1JQA1
INV00000442	ENSBTAG00000052055	9	6185011	T	<INV>	.	PASS	TRUE	INV	9	73797258	0	0	3to3	-4,4	-4,4	60	0	4	3	0.990099	CAAAAGCAGTTCTAAGAGAGAAAGTAATAGTGATACAGGCCTTCCTTAAGAATAAGAAAAATCTTTTTCTTTATGTAATAACATTCTTATAATGTATACTT	1.83386	67612247	9	23440019	23459196	19178	+	ensembl	gene	NA	NA	1	ensembl	protein_coding	NA	NA	NA	NA	NA	NA	NA	NA	NA	PRSS35	NA	NA	ENOG502QV0K	PRS35_BOVIN	Chain (1); Disulfide bond (1); Domain (1); Glycosylation (1); Sequence conflict (2); Signal peptide (1)	NA	PRSS35	extracellular region [GO:0005576]	Q5E9X7	bta:614940	NA	 412	NA	NA	reviewed	2 out of 5	MGAMFFGLMLFTLGWTLIDGSESEQDFMWHVRKIPRLVSERTFHLTSPAFEADAKMVLNRVCGIECQKDLPAPSLSDLEDSLSYETVFENGSRTLTRVKVQGWVPEPTQNLTSQGAPVRRKRQVYGTDSRFSILDKKFLTNFPFNTAVKLSTGCSGILISPNHVLTAAHCVHDGNGYIKGSKKLRVGLLKMRNKGGGKRRRGSRRNRREVSGAGREGSQDSLKETAKAGRRRKGSARRQRAADGRPSFQWTRVKNTHIPKGWARGESRDPALDYDYALLELKRPHKKKYMELGVSPTIKKLPGGMIHFSGFDQDRADQLVYRFCSVSDESNDLLYQYCDAESGSTGSGVYLRLKEPDKKRWKRKIIAIYSGHQWVDVHGVQKDYNVAVRITPLKYAQICLWMHGDDANCTQG	Q5E9X7
INV00000442	ENSBTAG00000003887	9	6185011	T	<INV>	.	PASS	TRUE	INV	9	73797258	0	0	3to3	-4,4	-4,4	60	0	4	3	0.990099	CAAAAGCAGTTCTAAGAGAGAAAGTAATAGTGATACAGGCCTTCCTTAAGAATAAGAAAAATCTTTTTCTTTATGTAATAACATTCTTATAATGTATACTT	1.83386	67612247	9	23947563	24000910	53348	+	ensembl	gene	NA	NA	4	ensembl	protein_coding	NA	NA	NA	NA	NA	NA	NA	NA	NA	ECHDC1	NA	NA	KOG1680	ECHD1_BOVIN	Chain (1); Modified residue (2); Sequence conflict (1)	FUNCTION: Decarboxylates ethylmalonyl-CoA, a potentially toxic metabolite, to form butyryl-CoA, suggesting it might be involved in metabolite proofreading. Also has methylmalonyl-CoA decarboxylase activity at lower level. {ECO:0000250|UniProtKB:Q9D9V3}.	ECHDC1	cytosol [GO:0005829]; carboxy-lyase activity [GO:0016831]; enoyl-CoA hydratase activity [GO:0004300]; fatty acid beta-oxidation [GO:0006635]	Q2HJD5	bta:536284	NA	 306	NA	NA	reviewed	3 out of 5	MELKQEMASLLKTSPNAVKKRLLHQIGLSLYNTSHGFHEEEVKKKLEQFPGGSIDLQKENSGIGILTLNNPSKMNAFSGVMMLQLLEKVIELENWTEGKGLIIRGAKNTFSSGSDLNAVKALGTPEDGMAVCMFMQNTLTRFMRLPLISVALVQGRALGGGAEVTTACDFRLMTTESEIRFVHKEMGIIPSWGGATRLVEIIGGRQALKVLSGALKLDSEKALNIGMVDDILPSSDETECLKEAQEWLQQFIKGPPEVIRALKKSVSSCKELCLEEALQRERDILGTVWGGPANLEAVARKGKFNK	Q2HJD5
INV00000442	ENSBTAG00000034531	9	6185011	T	<INV>	.	PASS	TRUE	INV	9	73797258	0	0	3to3	-4,4	-4,4	60	0	4	3	0.990099	CAAAAGCAGTTCTAAGAGAGAAAGTAATAGTGATACAGGCCTTCCTTAAGAATAAGAAAAATCTTTTTCTTTATGTAATAACATTCTTATAATGTATACTT	1.83386	67612247	9	24001196	24028448	27253	-	ensembl	gene	NA	NA	4	ensembl	protein_coding	NA	NA	NA	NA	NA	NA	NA	NA	NA	RNF146	NA	NA	KOG0824	R146B_BOVIN	Chain (1); Cross-link (4); Domain (1); Modified residue (2); Zinc finger (1)	FUNCTION: E3 ubiquitin-protein ligase that specifically binds poly-ADP-ribosylated proteins and mediates their ubiquitination and subsequent degradation. Acts as an activator of the Wnt signaling pathway by mediating the ubiquitination of poly-ADP-ribosylated AXIN1 and AXIN2, 2 key components of the beta-catenin destruction complex. Acts in cooperation with tankyrase proteins (TNKS and TNKS2), which mediate poly-ADP-ribosylation of target proteins AXIN1, AXIN2, BLZF1, CASC3, TNKS and TNKS2. Recognizes and binds tankyrase-dependent poly-ADP-ribosylated proteins via its WWE domain and mediates their ubiquitination (By similarity). {ECO:0000250}.	RNF146B	cytoplasm [GO:0005737]; cytosol [GO:0005829]; nucleoplasm [GO:0005654]; nucleus [GO:0005634]; plasma membrane [GO:0005886]; poly-ADP-D-ribose binding [GO:0072572]; ubiquitin protein ligase activity [GO:0061630]; ubiquitin-protein transferase activity [GO:0004842]; zinc ion binding [GO:0008270]; positive regulation of canonical Wnt signaling pathway [GO:0090263]; protein autoubiquitination [GO:0051865]; protein K48-linked ubiquitination [GO:0070936]; ubiquitin-dependent protein catabolic process [GO:0006511]; Wnt signaling pathway [GO:0016055]	Q3T139	bta:767901	NA	 347	PATHWAY: Protein modification; protein ubiquitination.	NA	reviewed	4 out of 5	MMAGCGEIDHSINMLPTNRKANESCSNTAPSLTVPECAICLQTCVHPVSLPCKHVFCYLCVKGASWLGKRCALCRQEIPEDFLDKPTLLSPEELKAASRGNGEYAWYYEGRNGWWQYDERTSRELEDAFSKGKKSTEMLIAGFLYVADLENMVQYRRNEHGRRRKIKRDIIDIPKKGVAGLRLDCDANTVNLARESSADGADSVPAQSGASVQSSSVRPLTSVDGQLTSPATPSPDAGTSLEDSFAHLQLGGDSIAERSHRGEGEEEHESPSSGRVPAPDTSIEETESDASSDSEDVSALVAQHSLTQQRLLVPNPSQTVSDRSVAAGGTVSVRSRRPDGQCTVTEV	Q3T139
INV00000442	ENSBTAG00000008121	9	6185011	T	<INV>	.	PASS	TRUE	INV	9	73797258	0	0	3to3	-4,4	-4,4	60	0	4	3	0.990099	CAAAAGCAGTTCTAAGAGAGAAAGTAATAGTGATACAGGCCTTCCTTAAGAATAAGAAAAATCTTTTTCTTTATGTAATAACATTCTTATAATGTATACTT	1.83386	67612247	9	24092377	24187122	94746	-	ensembl	gene	NA	NA	5	ensembl	protein_coding	NA	NA	NA	NA	NA	NA	NA	NA	NA	RSPO3	NA	NA	KOG3525	RSPO3_BOVIN	Chain (1); Disulfide bond (11); Domain (1); Glycosylation (1); Repeat (2); Signal peptide (1)	FUNCTION: Activator of the canonical Wnt signaling pathway by acting as a ligand for LGR4-6 receptors, which acts as a key regulator of angiogenesis. Upon binding to LGR4-6 (LGR4, LGR5 or LGR6), LGR4-6 associate with phosphorylated LRP6 and frizzled receptors that are activated by extracellular Wnt receptors, triggering the canonical Wnt signaling pathway to increase expression of target genes. Also regulates the canonical Wnt/beta-catenin-dependent pathway and non-canonical Wnt signaling by acting as an inhibitor of ZNRF3, an important regulator of the Wnt signaling pathway. Acts as a ligand for frizzled FZD8 and LRP6. May negatively regulate the TGF-beta pathway. Acts as a key regulator of angiogenesis by controlling vascular stability and pruning: acts by activating the non-canonical Wnt signaling pathway in endothelial cells (By similarity). Can also amplify Wnt signaling pathway independently of LGR4-6 receptors, possibly by acting as a direct antagonistic ligand to RNF43 and ZNRF3 (By similarity). {ECO:0000250|UniProtKB:Q2TJ95, ECO:0000250|UniProtKB:Q9BXY4}.	RSPO3	extracellular region [GO:0005576]; frizzled binding [GO:0005109]; heparin binding [GO:0008201]; blood vessel remodeling [GO:0001974]; branching involved in labyrinthine layer morphogenesis [GO:0060670]; limb development [GO:0060173]; positive regulation of canonical Wnt signaling pathway [GO:0090263]; positive regulation of non-canonical Wnt signaling pathway [GO:2000052]; positive regulation of Wnt signaling pathway [GO:0030177]; sprouting angiogenesis [GO:0002040]; Wnt signaling pathway [GO:0016055]	Q1RMU1	bta:534650	NA	 273	NA	NA	reviewed	4 out of 5	MHLRLISWFFIILNFMEYIGSQNASRGRRQRRMHPNVSQGCQGGCATCSDYNGCLSCKPKLFFVLERIGMKQIGVCLSSCPSGYYGTRYPDINKCTKCKADCDTCFNKNFCTKCKSGFYLHLGKCLDNCPEGLEANNHTMECVSIVHCEASEWSPWSPCTKKGKTCGFKRGTETRVREIIQHPSAKGNLCPPTSEARKCTVQRKKCPKGERGRKGRERKRKKPNKEESKDAIPDNKGLEPSRETPEQRENKQQQKKRKVQDKQQKSVSVSTVH	Q1RMU1
INV00000442	ENSBTAG00000001956	9	6185011	T	<INV>	.	PASS	TRUE	INV	9	73797258	0	0	3to3	-4,4	-4,4	60	0	4	3	0.990099	CAAAAGCAGTTCTAAGAGAGAAAGTAATAGTGATACAGGCCTTCCTTAAGAATAAGAAAAATCTTTTTCTTTATGTAATAACATTCTTATAATGTATACTT	1.83386	67612247	9	25326358	25340095	13738	-	ensembl	gene	NA	NA	5	ensembl	protein_coding	NA	NA	NA	NA	NA	NA	NA	NA	NA	HINT3	NA	NA	KOG4359	HINT3_BOVIN	Active site (1); Chain (1); Domain (1); Motif (1); Nucleotide binding (2); Sequence conflict (2)	FUNCTION: Hydrolyzes phosphoramidate and acyl-adenylate substrates. {ECO:0000250}.	HINT3 HINT4	cytoplasm [GO:0005737]; nucleus [GO:0005634]; adenosine 5'-monophosphoramidase activity [GO:0043530]; identical protein binding [GO:0042802]; nucleotide binding [GO:0000166]	Q2YDJ4	bta:281817	NA	 182	NA	NA	reviewed	3 out of 5	MMEEEECGLGKSCARSEPVAAAQPAGSPGETPAVAAESPELANYSSKCVFCRIAAHQDPGTELLHCENEDLVCFKDIKPAAPHHYLVVPKKHFENCKYLKKDQIELIENMVTVGKAILERNNFTDFENTRMGFHVSPFCSIAHLHLHVLAPADQLSFMSRLVYRVNSYWFITADYLIEKLRT	Q2YDJ4
INV00000442	ENSBTAG00000003340	9	6185011	T	<INV>	.	PASS	TRUE	INV	9	73797258	0	0	3to3	-4,4	-4,4	60	0	4	3	0.990099	CAAAAGCAGTTCTAAGAGAGAAAGTAATAGTGATACAGGCCTTCCTTAAGAATAAGAAAAATCTTTTTCTTTATGTAATAACATTCTTATAATGTATACTT	1.83386	67612247	9	25960234	25979946	19713	+	ensembl	gene	NA	NA	6	ensembl	protein_coding	NA	NA	NA	NA	NA	NA	NA	NA	NA	HDDC2	NA	NA	KOG3197	HDDC2_BOVIN	Chain (1); Domain (1); Initiator methionine (1); Metal binding (7); Modified residue (4)	FUNCTION: Catalyzes the dephosphorylation of the nucleoside 5'-monophosphates deoxyadenosine monophosphate (dAMP), deoxycytidine monophosphate (dCMP), deoxyguanosine monophosphate (dGMP) and deoxythymidine monophosphate (dTMP). {ECO:0000250|UniProtKB:P53144}.	HDDC2	cytoplasm [GO:0005737]; 5'-deoxynucleotidase activity [GO:0002953]; metal ion binding [GO:0046872]	Q0P565	bta:509282	NA	 205	NA	NA	reviewed	3 out of 5	MASASPVATMSGRGARNLLQFLRLVGQLKRVPRTGWVYRNVQKPESVSDHMYRMAVMALVTKDEHLNKDRCVRLALVHDMAECIVGDIAPADNVPREEKHRREEEAMKQLTQLLPEDLQKELYELWEEYETQSSAEAKFVKQLDQCEMILQASEYEDLENKPGRLQDFYDSTAGKFSHPEIVQLVSELEAERNANIAGAASEPCS	Q0P565
