SV_ID	SV_CHROM	SV_START	REF	ALT	QUAL	FILTER	PRECISE	SVTYPE	CHR2	SV_END	PE	MAPQ	CT	CIPOS	CIEND	SRMAPQ	INSLEN	HOMLEN	SR	SRQ	CONSENSUS	CE	SVLEN	POS2	DATASET_CHROM	DATASET_START	DATASET_END	BIOLOGICAL_NAME
DEL00000012	1	37542376	G	<DEL>	180	PASS	TRUE	DEL	NA	37542408	0	0	3to5	-4,4	-4,4	60	0	3	3	1	GGTCCATGGATACATCAACAGAATGCTGTCTTGGGTGGGATTAGTAGTGCTTTTCAGATATTCTATGTTATTGCTTATTTTTGTCTATTTCTTCTTTTTATTGCTGAA	1.84804	NA	NA	1	37538800	37545000	15 Quies
DEL00000052	2	22583687	A	<DEL>	180	PASS	TRUE	DEL	NA	22583813	0	0	3to5	-17,17	-17,17	60	0	18	3	1	TAACTTTTGCTTTAAACATATGTTTTTATTATAAATTTAAATATATATATATATATATAAAATATATAAATAGGGCTTCCCTGGTGGCTCAGTCTGTAAAGA	1.74951	NA	NA	2	22581000	22585000	15 Quies
DEL00000053	2	31025576	C	<DEL>	165	PASS	TRUE	DEL	NA	31025642	0	0	3to5	-29,29	-29,29	60	0	29	3	0.962406	AACGCAAATTCACCCATCCTACCATCTTGCTGGACTTCTCCTTTACCCTTGGACGTGGGGTATCTCCTCACAGCCAGTCCGGCACAGCGCAGCTGCCGCTCTTGACCTTGGACGTGGGGTATCTATCCACGG	1.96224	NA	NA	2	31013600	31068600	15 Quies
DEL00000056	2	36502352	T	<DEL>	180	PASS	TRUE	DEL	NA	36502726	0	0	3to5	-20,20	-20,20	60	0	20	3	1	AGTGATGGTTTGATCCAGGGTTTAAATGTTATGTTAACTTCCCTTTGAAAGTTCCTAAATTTCTGAGTTACAGTGTGTCTCATTCACTAGGTGGATATTTTCT	1.88834	NA	NA	2	36491800	36531200	15 Quies
DEL00000063	2	45118026	T	<DEL>	180	PASS	TRUE	DEL	NA	45119421	0	0	3to5	-16,16	-16,16	60	0	16	3	0.992424	CCCAGAATCCTCCATTAATGTTTTGTAAAATTTTGGATAAATAATTCGATACCTGAGTTTCAATGTCTTTATCCTATAACAGGAAAATCATAGTATCATTTATTAAGTTCTTGCTGCATATTTTAATTTATT	1.82095	NA	NA	2	45115800	45130000	15 Quies
DEL00000074	2	65916631	C	<DEL>	179	PASS	TRUE	DEL	NA	65918632	0	0	3to5	-8,8	-8,8	60	0	14	3	0.991525	CAAGGGCTACCCAGGTGACTCAGGGGTAAAGAATCCGCCTGCCAATGCAGGAGATGCGGATTCGATCCCTGGGTCAGGAAGATTCCCTGGAGAAGGAAATGGCACCCCACTCCAGTA	1.96596	NA	NA	2	65898200	65922200	15 Quies
DEL00000077	2	92446163	T	<DEL>	180	PASS	TRUE	DEL	NA	92446727	0	0	3to5	-5,5	-5,5	60	0	4	3	1	CATATTGCTAAATTGCCCTCCAGAAAGGTTATACCAATTTACAGAGAAGGAGAAAAGGTTCCACAATGAATACTTTTATACACCC	1.92384	NA	NA	2	92436000	92498600	14 ReprPCWk
DEL00000096	3	24830081	G	<DEL>	180	PASS	TRUE	DEL	NA	24830112	0	0	3to5	-2,2	-2,2	60	0	1	3	0.986486	CCATTGAATTGCTTTGTTGACTATAACAGAATCATAGGCTGTGTTAAGTGTAGGTCTTTCCGTAGACTCTCTGT	1.9365	NA	NA	3	24761200	24883400	15 Quies
DEL00000102	3	39110412	C	<DEL>	180	PASS	TRUE	DEL	NA	39110484	0	0	3to5	-2,2	-2,2	60	0	2	3	0.989247	TTTTTACACCTAAATTAATTTTGCTATTCCTGGTTCATTTCATCTGTTATTTGGTCTTTTATTTGTATAACTTATCTTTCTTCACAGTTATAA	1.70085	NA	NA	3	39067400	39299200	15 Quies
DEL00000107	3	53962675	T	<DEL>	480	PASS	TRUE	DEL	NA	53971240	5	60	3to5	-13,13	-13,13	60	0	12	3	0.993151	GTGTTTTAAAATGTTTGTAAATACTATGAGACAGTCTTCTTGAGTGTATTCACTATCATATTTATCTGCTTTTTATAACTAATAAAGATAAGTAATGTTTAGTAGCAGCACATAGACATTTAATTTAATTAGATCTATTCTGAGT	1.80936	NA	NA	3	53958400	53973200	15 Quies
DEL00000112	3	68746215	C	<DEL>	180	PASS	TRUE	DEL	NA	68746303	0	0	3to5	-2,2	-2,2	60	0	1	3	0.991597	GAGCAAAAAAGCTCATATTGTAAAGAACAGAAACCATCAAATCAGATCTTTTTATATTATTCAACTTTATTAAAACAAGCTCCAACACTTTGGCCACCTGATGCGAAGAGGGACTCATT	1.9065	NA	NA	3	68743400	68835000	15 Quies
DEL00000119	4	3260384	C	<DEL>	386	PASS	TRUE	DEL	NA	3261477	4	60	3to5	-3,3	-3,3	60	0	2	3	0.978261	AAACTTCCAGTAGGACTCAATGGCACCCCAAATTTCTGAAAAGCAATAAAGCAATTATCCTTAAATTAAAAAGTAAATAAATTTTAAAAAAT	1.76936	NA	NA	4	3106400	3336400	15 Quies
DEL00000124	4	8324859	T	<DEL>	180	PASS	TRUE	DEL	NA	8325403	0	0	3to5	-12,12	-12,12	60	0	11	3	1	AGAGTCTCTCCTGAACAAAGGACATTTATGTAATAAAGTTTCCTAAGGACTCAGGTTTGTTTACCACTGTTTTAAGAGAAAGAATCATAAACGATTCCTACTGTAGTGCCCACCCAGAAAAGAAATGTGTTCCAT	1.94744	NA	NA	4	8307600	8361200	15 Quies
INS00000133	4	36782533	T	<INS>	180	PASS	TRUE	INS	NA	36782534	0	0	NtoN	-2,2	-2,2	60	33	1	3	1	ACATACCTTTCCTCCACCACCCAGTAACAATAAGCTCATTCTCTCTAAGTGCTTGAGTCTATTTCTGTTTTGTAAATAAGTTCATTTGCATACTGATTTAAGTATTAATT	1.87256	33	NA	4	36782400	36782800	9 EnhWkCTCFATAC
DEL00000176	5	26562244	G	<DEL>	420	PASS	TRUE	DEL	NA	26562275	0	0	3to5	-9,9	-9,9	60	0	10	7	0.975758	GGCGCAAGGCGACTGAGGGACAAAGGGGAGCGGGCGGGAAGGGGAAGTGCGGGAGGCCGGGGCGGAACAATAGGGGTGGGCGGAGGAGGAAGGGGAGGGGGTGGAGGAGGAGGAGAAGGAGGAGGAAGAGGGAAAGAGACCCCGGGGCGAGTGAAGGGCAGGCGG	1.50996	NA	NA	5	26549400	26579600	15 Quies
DEL00000182	5	39245822	A	<DEL>	180	PASS	TRUE	DEL	NA	39245858	0	0	3to5	-22,22	-22,22	60	0	22	3	0.991667	AAAGTGCTGTAATTATATACATACATTATATAATATATTATATAATTATATATAATATATATGTATTATCCTATTTCTTTCAGCAGCTTTTGGCAGGAAAGAACTCTCCACAGGAGGCCC	1.84684	NA	NA	5	39173800	39427400	15 Quies
DEL00000186	5	55133405	A	<DEL>	240	PASS	TRUE	DEL	NA	55133599	0	0	3to5	-7,7	-7,7	60	0	6	4	1	GATTAAATTTTAAGATCTCATGGATAGAAGAGACAAAGTATGTAAATCACCTCCAGTTCACAAACATTAAAGAATGAACCTGACTACTCTCAGAGAGG	1.90155	NA	NA	5	55132600	55134400	7 EnhPois
DEL00000189	5	58166707	A	<DEL>	360	PASS	TRUE	DEL	NA	58176485	3	60	3to5	-5,5	-5,5	60	0	7	3	0.976744	AGCATAATTGAAATTGGCAAAATATTCTATTCCTTCATCTCAAGGAAGAAGTTTGAGTAAAAGGTGAGAAAAATAAAGACTTTCCATTCCCTGGTGGCTCAGTTTGTAAAGAATTTGCCTGCATTAG	1.92449	NA	NA	5	58144000	58189000	15 Quies
DUP00000214	6	5432986	T	<DUP>	1560	PASS	TRUE	DUP	NA	5800660	21	60	5to3	-1,1	-1,1	60	0	0	5	0.960526	TACCCTGTACTTATCAGAGAGCTTTGCTAGAACAGCATCCAGCCAGGCTGCAGAGCACGGGCCTGTTGTAAGTATAGGTGGTGCCAGTCTGTAATGTTTTTATGTTCAAAGTTTTCTAAAATTGGCACTGTTTAAAATTTAAGACTGAAA	1.96949	NA	NA	6	5432400	5433600	10 ATAC
DUP00000214	6	5432986	T	<DUP>	1560	PASS	TRUE	DUP	NA	5800660	21	60	5to3	-1,1	-1,1	60	0	0	5	0.960526	TACCCTGTACTTATCAGAGAGCTTTGCTAGAACAGCATCCAGCCAGGCTGCAGAGCACGGGCCTGTTGTAAGTATAGGTGGTGCCAGTCTGTAATGTTTTTATGTTCAAAGTTTTCTAAAATTGGCACTGTTTAAAATTTAAGACTGAAA	1.96949	NA	NA	6	5433600	5434400	15 Quies
DUP00000214	6	5432986	T	<DUP>	1560	PASS	TRUE	DUP	NA	5800660	21	60	5to3	-1,1	-1,1	60	0	0	5	0.960526	TACCCTGTACTTATCAGAGAGCTTTGCTAGAACAGCATCCAGCCAGGCTGCAGAGCACGGGCCTGTTGTAAGTATAGGTGGTGCCAGTCTGTAATGTTTTTATGTTCAAAGTTTTCTAAAATTGGCACTGTTTAAAATTTAAGACTGAAA	1.96949	NA	NA	6	5434400	5435200	10 ATAC
DUP00000214	6	5432986	T	<DUP>	1560	PASS	TRUE	DUP	NA	5800660	21	60	5to3	-1,1	-1,1	60	0	0	5	0.960526	TACCCTGTACTTATCAGAGAGCTTTGCTAGAACAGCATCCAGCCAGGCTGCAGAGCACGGGCCTGTTGTAAGTATAGGTGGTGCCAGTCTGTAATGTTTTTATGTTCAAAGTTTTCTAAAATTGGCACTGTTTAAAATTTAAGACTGAAA	1.96949	NA	NA	6	5435200	5436800	15 Quies
DUP00000214	6	5432986	T	<DUP>	1560	PASS	TRUE	DUP	NA	5800660	21	60	5to3	-1,1	-1,1	60	0	0	5	0.960526	TACCCTGTACTTATCAGAGAGCTTTGCTAGAACAGCATCCAGCCAGGCTGCAGAGCACGGGCCTGTTGTAAGTATAGGTGGTGCCAGTCTGTAATGTTTTTATGTTCAAAGTTTTCTAAAATTGGCACTGTTTAAAATTTAAGACTGAAA	1.96949	NA	NA	6	5436800	5448200	10 ATAC
DUP00000214	6	5432986	T	<DUP>	1560	PASS	TRUE	DUP	NA	5800660	21	60	5to3	-1,1	-1,1	60	0	0	5	0.960526	TACCCTGTACTTATCAGAGAGCTTTGCTAGAACAGCATCCAGCCAGGCTGCAGAGCACGGGCCTGTTGTAAGTATAGGTGGTGCCAGTCTGTAATGTTTTTATGTTCAAAGTTTTCTAAAATTGGCACTGTTTAAAATTTAAGACTGAAA	1.96949	NA	NA	6	5448200	5448800	15 Quies
DUP00000214	6	5432986	T	<DUP>	1560	PASS	TRUE	DUP	NA	5800660	21	60	5to3	-1,1	-1,1	60	0	0	5	0.960526	TACCCTGTACTTATCAGAGAGCTTTGCTAGAACAGCATCCAGCCAGGCTGCAGAGCACGGGCCTGTTGTAAGTATAGGTGGTGCCAGTCTGTAATGTTTTTATGTTCAAAGTTTTCTAAAATTGGCACTGTTTAAAATTTAAGACTGAAA	1.96949	NA	NA	6	5448800	5457600	10 ATAC
DUP00000214	6	5432986	T	<DUP>	1560	PASS	TRUE	DUP	NA	5800660	21	60	5to3	-1,1	-1,1	60	0	0	5	0.960526	TACCCTGTACTTATCAGAGAGCTTTGCTAGAACAGCATCCAGCCAGGCTGCAGAGCACGGGCCTGTTGTAAGTATAGGTGGTGCCAGTCTGTAATGTTTTTATGTTCAAAGTTTTCTAAAATTGGCACTGTTTAAAATTTAAGACTGAAA	1.96949	NA	NA	6	5457600	5458200	15 Quies
DUP00000214	6	5432986	T	<DUP>	1560	PASS	TRUE	DUP	NA	5800660	21	60	5to3	-1,1	-1,1	60	0	0	5	0.960526	TACCCTGTACTTATCAGAGAGCTTTGCTAGAACAGCATCCAGCCAGGCTGCAGAGCACGGGCCTGTTGTAAGTATAGGTGGTGCCAGTCTGTAATGTTTTTATGTTCAAAGTTTTCTAAAATTGGCACTGTTTAAAATTTAAGACTGAAA	1.96949	NA	NA	6	5458200	5462600	10 ATAC
DUP00000214	6	5432986	T	<DUP>	1560	PASS	TRUE	DUP	NA	5800660	21	60	5to3	-1,1	-1,1	60	0	0	5	0.960526	TACCCTGTACTTATCAGAGAGCTTTGCTAGAACAGCATCCAGCCAGGCTGCAGAGCACGGGCCTGTTGTAAGTATAGGTGGTGCCAGTCTGTAATGTTTTTATGTTCAAAGTTTTCTAAAATTGGCACTGTTTAAAATTTAAGACTGAAA	1.96949	NA	NA	6	5462600	5463200	15 Quies
DUP00000214	6	5432986	T	<DUP>	1560	PASS	TRUE	DUP	NA	5800660	21	60	5to3	-1,1	-1,1	60	0	0	5	0.960526	TACCCTGTACTTATCAGAGAGCTTTGCTAGAACAGCATCCAGCCAGGCTGCAGAGCACGGGCCTGTTGTAAGTATAGGTGGTGCCAGTCTGTAATGTTTTTATGTTCAAAGTTTTCTAAAATTGGCACTGTTTAAAATTTAAGACTGAAA	1.96949	NA	NA	6	5463200	5464000	10 ATAC
DUP00000214	6	5432986	T	<DUP>	1560	PASS	TRUE	DUP	NA	5800660	21	60	5to3	-1,1	-1,1	60	0	0	5	0.960526	TACCCTGTACTTATCAGAGAGCTTTGCTAGAACAGCATCCAGCCAGGCTGCAGAGCACGGGCCTGTTGTAAGTATAGGTGGTGCCAGTCTGTAATGTTTTTATGTTCAAAGTTTTCTAAAATTGGCACTGTTTAAAATTTAAGACTGAAA	1.96949	NA	NA	6	5464000	5465400	15 Quies
DUP00000214	6	5432986	T	<DUP>	1560	PASS	TRUE	DUP	NA	5800660	21	60	5to3	-1,1	-1,1	60	0	0	5	0.960526	TACCCTGTACTTATCAGAGAGCTTTGCTAGAACAGCATCCAGCCAGGCTGCAGAGCACGGGCCTGTTGTAAGTATAGGTGGTGCCAGTCTGTAATGTTTTTATGTTCAAAGTTTTCTAAAATTGGCACTGTTTAAAATTTAAGACTGAAA	1.96949	NA	NA	6	5465400	5466200	10 ATAC
DUP00000214	6	5432986	T	<DUP>	1560	PASS	TRUE	DUP	NA	5800660	21	60	5to3	-1,1	-1,1	60	0	0	5	0.960526	TACCCTGTACTTATCAGAGAGCTTTGCTAGAACAGCATCCAGCCAGGCTGCAGAGCACGGGCCTGTTGTAAGTATAGGTGGTGCCAGTCTGTAATGTTTTTATGTTCAAAGTTTTCTAAAATTGGCACTGTTTAAAATTTAAGACTGAAA	1.96949	NA	NA	6	5466200	5469000	15 Quies
DUP00000214	6	5432986	T	<DUP>	1560	PASS	TRUE	DUP	NA	5800660	21	60	5to3	-1,1	-1,1	60	0	0	5	0.960526	TACCCTGTACTTATCAGAGAGCTTTGCTAGAACAGCATCCAGCCAGGCTGCAGAGCACGGGCCTGTTGTAAGTATAGGTGGTGCCAGTCTGTAATGTTTTTATGTTCAAAGTTTTCTAAAATTGGCACTGTTTAAAATTTAAGACTGAAA	1.96949	NA	NA	6	5469000	5469400	10 ATAC
DUP00000214	6	5432986	T	<DUP>	1560	PASS	TRUE	DUP	NA	5800660	21	60	5to3	-1,1	-1,1	60	0	0	5	0.960526	TACCCTGTACTTATCAGAGAGCTTTGCTAGAACAGCATCCAGCCAGGCTGCAGAGCACGGGCCTGTTGTAAGTATAGGTGGTGCCAGTCTGTAATGTTTTTATGTTCAAAGTTTTCTAAAATTGGCACTGTTTAAAATTTAAGACTGAAA	1.96949	NA	NA	6	5469400	5475800	15 Quies
DUP00000214	6	5432986	T	<DUP>	1560	PASS	TRUE	DUP	NA	5800660	21	60	5to3	-1,1	-1,1	60	0	0	5	0.960526	TACCCTGTACTTATCAGAGAGCTTTGCTAGAACAGCATCCAGCCAGGCTGCAGAGCACGGGCCTGTTGTAAGTATAGGTGGTGCCAGTCTGTAATGTTTTTATGTTCAAAGTTTTCTAAAATTGGCACTGTTTAAAATTTAAGACTGAAA	1.96949	NA	NA	6	5475800	5476200	10 ATAC
DUP00000214	6	5432986	T	<DUP>	1560	PASS	TRUE	DUP	NA	5800660	21	60	5to3	-1,1	-1,1	60	0	0	5	0.960526	TACCCTGTACTTATCAGAGAGCTTTGCTAGAACAGCATCCAGCCAGGCTGCAGAGCACGGGCCTGTTGTAAGTATAGGTGGTGCCAGTCTGTAATGTTTTTATGTTCAAAGTTTTCTAAAATTGGCACTGTTTAAAATTTAAGACTGAAA	1.96949	NA	NA	6	5476200	5485800	15 Quies
DUP00000214	6	5432986	T	<DUP>	1560	PASS	TRUE	DUP	NA	5800660	21	60	5to3	-1,1	-1,1	60	0	0	5	0.960526	TACCCTGTACTTATCAGAGAGCTTTGCTAGAACAGCATCCAGCCAGGCTGCAGAGCACGGGCCTGTTGTAAGTATAGGTGGTGCCAGTCTGTAATGTTTTTATGTTCAAAGTTTTCTAAAATTGGCACTGTTTAAAATTTAAGACTGAAA	1.96949	NA	NA	6	5485800	5488000	10 ATAC
DUP00000214	6	5432986	T	<DUP>	1560	PASS	TRUE	DUP	NA	5800660	21	60	5to3	-1,1	-1,1	60	0	0	5	0.960526	TACCCTGTACTTATCAGAGAGCTTTGCTAGAACAGCATCCAGCCAGGCTGCAGAGCACGGGCCTGTTGTAAGTATAGGTGGTGCCAGTCTGTAATGTTTTTATGTTCAAAGTTTTCTAAAATTGGCACTGTTTAAAATTTAAGACTGAAA	1.96949	NA	NA	6	5488000	5488800	15 Quies
DUP00000214	6	5432986	T	<DUP>	1560	PASS	TRUE	DUP	NA	5800660	21	60	5to3	-1,1	-1,1	60	0	0	5	0.960526	TACCCTGTACTTATCAGAGAGCTTTGCTAGAACAGCATCCAGCCAGGCTGCAGAGCACGGGCCTGTTGTAAGTATAGGTGGTGCCAGTCTGTAATGTTTTTATGTTCAAAGTTTTCTAAAATTGGCACTGTTTAAAATTTAAGACTGAAA	1.96949	NA	NA	6	5488800	5489800	10 ATAC
DUP00000214	6	5432986	T	<DUP>	1560	PASS	TRUE	DUP	NA	5800660	21	60	5to3	-1,1	-1,1	60	0	0	5	0.960526	TACCCTGTACTTATCAGAGAGCTTTGCTAGAACAGCATCCAGCCAGGCTGCAGAGCACGGGCCTGTTGTAAGTATAGGTGGTGCCAGTCTGTAATGTTTTTATGTTCAAAGTTTTCTAAAATTGGCACTGTTTAAAATTTAAGACTGAAA	1.96949	NA	NA	6	5489800	5490400	15 Quies
DUP00000214	6	5432986	T	<DUP>	1560	PASS	TRUE	DUP	NA	5800660	21	60	5to3	-1,1	-1,1	60	0	0	5	0.960526	TACCCTGTACTTATCAGAGAGCTTTGCTAGAACAGCATCCAGCCAGGCTGCAGAGCACGGGCCTGTTGTAAGTATAGGTGGTGCCAGTCTGTAATGTTTTTATGTTCAAAGTTTTCTAAAATTGGCACTGTTTAAAATTTAAGACTGAAA	1.96949	NA	NA	6	5490400	5491600	10 ATAC
DUP00000214	6	5432986	T	<DUP>	1560	PASS	TRUE	DUP	NA	5800660	21	60	5to3	-1,1	-1,1	60	0	0	5	0.960526	TACCCTGTACTTATCAGAGAGCTTTGCTAGAACAGCATCCAGCCAGGCTGCAGAGCACGGGCCTGTTGTAAGTATAGGTGGTGCCAGTCTGTAATGTTTTTATGTTCAAAGTTTTCTAAAATTGGCACTGTTTAAAATTTAAGACTGAAA	1.96949	NA	NA	6	5491600	5492400	15 Quies
DUP00000214	6	5432986	T	<DUP>	1560	PASS	TRUE	DUP	NA	5800660	21	60	5to3	-1,1	-1,1	60	0	0	5	0.960526	TACCCTGTACTTATCAGAGAGCTTTGCTAGAACAGCATCCAGCCAGGCTGCAGAGCACGGGCCTGTTGTAAGTATAGGTGGTGCCAGTCTGTAATGTTTTTATGTTCAAAGTTTTCTAAAATTGGCACTGTTTAAAATTTAAGACTGAAA	1.96949	NA	NA	6	5492400	5493600	10 ATAC
DUP00000214	6	5432986	T	<DUP>	1560	PASS	TRUE	DUP	NA	5800660	21	60	5to3	-1,1	-1,1	60	0	0	5	0.960526	TACCCTGTACTTATCAGAGAGCTTTGCTAGAACAGCATCCAGCCAGGCTGCAGAGCACGGGCCTGTTGTAAGTATAGGTGGTGCCAGTCTGTAATGTTTTTATGTTCAAAGTTTTCTAAAATTGGCACTGTTTAAAATTTAAGACTGAAA	1.96949	NA	NA	6	5493600	5494400	15 Quies
DUP00000214	6	5432986	T	<DUP>	1560	PASS	TRUE	DUP	NA	5800660	21	60	5to3	-1,1	-1,1	60	0	0	5	0.960526	TACCCTGTACTTATCAGAGAGCTTTGCTAGAACAGCATCCAGCCAGGCTGCAGAGCACGGGCCTGTTGTAAGTATAGGTGGTGCCAGTCTGTAATGTTTTTATGTTCAAAGTTTTCTAAAATTGGCACTGTTTAAAATTTAAGACTGAAA	1.96949	NA	NA	6	5494400	5496000	10 ATAC
DUP00000214	6	5432986	T	<DUP>	1560	PASS	TRUE	DUP	NA	5800660	21	60	5to3	-1,1	-1,1	60	0	0	5	0.960526	TACCCTGTACTTATCAGAGAGCTTTGCTAGAACAGCATCCAGCCAGGCTGCAGAGCACGGGCCTGTTGTAAGTATAGGTGGTGCCAGTCTGTAATGTTTTTATGTTCAAAGTTTTCTAAAATTGGCACTGTTTAAAATTTAAGACTGAAA	1.96949	NA	NA	6	5496000	5497800	15 Quies
DUP00000214	6	5432986	T	<DUP>	1560	PASS	TRUE	DUP	NA	5800660	21	60	5to3	-1,1	-1,1	60	0	0	5	0.960526	TACCCTGTACTTATCAGAGAGCTTTGCTAGAACAGCATCCAGCCAGGCTGCAGAGCACGGGCCTGTTGTAAGTATAGGTGGTGCCAGTCTGTAATGTTTTTATGTTCAAAGTTTTCTAAAATTGGCACTGTTTAAAATTTAAGACTGAAA	1.96949	NA	NA	6	5497800	5502200	10 ATAC
DUP00000214	6	5432986	T	<DUP>	1560	PASS	TRUE	DUP	NA	5800660	21	60	5to3	-1,1	-1,1	60	0	0	5	0.960526	TACCCTGTACTTATCAGAGAGCTTTGCTAGAACAGCATCCAGCCAGGCTGCAGAGCACGGGCCTGTTGTAAGTATAGGTGGTGCCAGTCTGTAATGTTTTTATGTTCAAAGTTTTCTAAAATTGGCACTGTTTAAAATTTAAGACTGAAA	1.96949	NA	NA	6	5502200	5505800	15 Quies
DUP00000214	6	5432986	T	<DUP>	1560	PASS	TRUE	DUP	NA	5800660	21	60	5to3	-1,1	-1,1	60	0	0	5	0.960526	TACCCTGTACTTATCAGAGAGCTTTGCTAGAACAGCATCCAGCCAGGCTGCAGAGCACGGGCCTGTTGTAAGTATAGGTGGTGCCAGTCTGTAATGTTTTTATGTTCAAAGTTTTCTAAAATTGGCACTGTTTAAAATTTAAGACTGAAA	1.96949	NA	NA	6	5505800	5506600	10 ATAC
DUP00000214	6	5432986	T	<DUP>	1560	PASS	TRUE	DUP	NA	5800660	21	60	5to3	-1,1	-1,1	60	0	0	5	0.960526	TACCCTGTACTTATCAGAGAGCTTTGCTAGAACAGCATCCAGCCAGGCTGCAGAGCACGGGCCTGTTGTAAGTATAGGTGGTGCCAGTCTGTAATGTTTTTATGTTCAAAGTTTTCTAAAATTGGCACTGTTTAAAATTTAAGACTGAAA	1.96949	NA	NA	6	5506600	5508600	15 Quies
DUP00000214	6	5432986	T	<DUP>	1560	PASS	TRUE	DUP	NA	5800660	21	60	5to3	-1,1	-1,1	60	0	0	5	0.960526	TACCCTGTACTTATCAGAGAGCTTTGCTAGAACAGCATCCAGCCAGGCTGCAGAGCACGGGCCTGTTGTAAGTATAGGTGGTGCCAGTCTGTAATGTTTTTATGTTCAAAGTTTTCTAAAATTGGCACTGTTTAAAATTTAAGACTGAAA	1.96949	NA	NA	6	5508600	5509200	10 ATAC
DUP00000214	6	5432986	T	<DUP>	1560	PASS	TRUE	DUP	NA	5800660	21	60	5to3	-1,1	-1,1	60	0	0	5	0.960526	TACCCTGTACTTATCAGAGAGCTTTGCTAGAACAGCATCCAGCCAGGCTGCAGAGCACGGGCCTGTTGTAAGTATAGGTGGTGCCAGTCTGTAATGTTTTTATGTTCAAAGTTTTCTAAAATTGGCACTGTTTAAAATTTAAGACTGAAA	1.96949	NA	NA	6	5509200	5511000	15 Quies
DUP00000214	6	5432986	T	<DUP>	1560	PASS	TRUE	DUP	NA	5800660	21	60	5to3	-1,1	-1,1	60	0	0	5	0.960526	TACCCTGTACTTATCAGAGAGCTTTGCTAGAACAGCATCCAGCCAGGCTGCAGAGCACGGGCCTGTTGTAAGTATAGGTGGTGCCAGTCTGTAATGTTTTTATGTTCAAAGTTTTCTAAAATTGGCACTGTTTAAAATTTAAGACTGAAA	1.96949	NA	NA	6	5511000	5511200	10 ATAC
DUP00000214	6	5432986	T	<DUP>	1560	PASS	TRUE	DUP	NA	5800660	21	60	5to3	-1,1	-1,1	60	0	0	5	0.960526	TACCCTGTACTTATCAGAGAGCTTTGCTAGAACAGCATCCAGCCAGGCTGCAGAGCACGGGCCTGTTGTAAGTATAGGTGGTGCCAGTCTGTAATGTTTTTATGTTCAAAGTTTTCTAAAATTGGCACTGTTTAAAATTTAAGACTGAAA	1.96949	NA	NA	6	5511200	5521200	14 ReprPCWk
DUP00000214	6	5432986	T	<DUP>	1560	PASS	TRUE	DUP	NA	5800660	21	60	5to3	-1,1	-1,1	60	0	0	5	0.960526	TACCCTGTACTTATCAGAGAGCTTTGCTAGAACAGCATCCAGCCAGGCTGCAGAGCACGGGCCTGTTGTAAGTATAGGTGGTGCCAGTCTGTAATGTTTTTATGTTCAAAGTTTTCTAAAATTGGCACTGTTTAAAATTTAAGACTGAAA	1.96949	NA	NA	6	5521200	5522200	10 ATAC
DUP00000214	6	5432986	T	<DUP>	1560	PASS	TRUE	DUP	NA	5800660	21	60	5to3	-1,1	-1,1	60	0	0	5	0.960526	TACCCTGTACTTATCAGAGAGCTTTGCTAGAACAGCATCCAGCCAGGCTGCAGAGCACGGGCCTGTTGTAAGTATAGGTGGTGCCAGTCTGTAATGTTTTTATGTTCAAAGTTTTCTAAAATTGGCACTGTTTAAAATTTAAGACTGAAA	1.96949	NA	NA	6	5522200	5522800	15 Quies
DUP00000214	6	5432986	T	<DUP>	1560	PASS	TRUE	DUP	NA	5800660	21	60	5to3	-1,1	-1,1	60	0	0	5	0.960526	TACCCTGTACTTATCAGAGAGCTTTGCTAGAACAGCATCCAGCCAGGCTGCAGAGCACGGGCCTGTTGTAAGTATAGGTGGTGCCAGTCTGTAATGTTTTTATGTTCAAAGTTTTCTAAAATTGGCACTGTTTAAAATTTAAGACTGAAA	1.96949	NA	NA	6	5522800	5523800	10 ATAC
DUP00000214	6	5432986	T	<DUP>	1560	PASS	TRUE	DUP	NA	5800660	21	60	5to3	-1,1	-1,1	60	0	0	5	0.960526	TACCCTGTACTTATCAGAGAGCTTTGCTAGAACAGCATCCAGCCAGGCTGCAGAGCACGGGCCTGTTGTAAGTATAGGTGGTGCCAGTCTGTAATGTTTTTATGTTCAAAGTTTTCTAAAATTGGCACTGTTTAAAATTTAAGACTGAAA	1.96949	NA	NA	6	5523800	5524600	15 Quies
DUP00000214	6	5432986	T	<DUP>	1560	PASS	TRUE	DUP	NA	5800660	21	60	5to3	-1,1	-1,1	60	0	0	5	0.960526	TACCCTGTACTTATCAGAGAGCTTTGCTAGAACAGCATCCAGCCAGGCTGCAGAGCACGGGCCTGTTGTAAGTATAGGTGGTGCCAGTCTGTAATGTTTTTATGTTCAAAGTTTTCTAAAATTGGCACTGTTTAAAATTTAAGACTGAAA	1.96949	NA	NA	6	5524600	5525400	10 ATAC
DUP00000214	6	5432986	T	<DUP>	1560	PASS	TRUE	DUP	NA	5800660	21	60	5to3	-1,1	-1,1	60	0	0	5	0.960526	TACCCTGTACTTATCAGAGAGCTTTGCTAGAACAGCATCCAGCCAGGCTGCAGAGCACGGGCCTGTTGTAAGTATAGGTGGTGCCAGTCTGTAATGTTTTTATGTTCAAAGTTTTCTAAAATTGGCACTGTTTAAAATTTAAGACTGAAA	1.96949	NA	NA	6	5525400	5526400	15 Quies
DUP00000214	6	5432986	T	<DUP>	1560	PASS	TRUE	DUP	NA	5800660	21	60	5to3	-1,1	-1,1	60	0	0	5	0.960526	TACCCTGTACTTATCAGAGAGCTTTGCTAGAACAGCATCCAGCCAGGCTGCAGAGCACGGGCCTGTTGTAAGTATAGGTGGTGCCAGTCTGTAATGTTTTTATGTTCAAAGTTTTCTAAAATTGGCACTGTTTAAAATTTAAGACTGAAA	1.96949	NA	NA	6	5526400	5526800	10 ATAC
DUP00000214	6	5432986	T	<DUP>	1560	PASS	TRUE	DUP	NA	5800660	21	60	5to3	-1,1	-1,1	60	0	0	5	0.960526	TACCCTGTACTTATCAGAGAGCTTTGCTAGAACAGCATCCAGCCAGGCTGCAGAGCACGGGCCTGTTGTAAGTATAGGTGGTGCCAGTCTGTAATGTTTTTATGTTCAAAGTTTTCTAAAATTGGCACTGTTTAAAATTTAAGACTGAAA	1.96949	NA	NA	6	5526800	5529000	15 Quies
DUP00000214	6	5432986	T	<DUP>	1560	PASS	TRUE	DUP	NA	5800660	21	60	5to3	-1,1	-1,1	60	0	0	5	0.960526	TACCCTGTACTTATCAGAGAGCTTTGCTAGAACAGCATCCAGCCAGGCTGCAGAGCACGGGCCTGTTGTAAGTATAGGTGGTGCCAGTCTGTAATGTTTTTATGTTCAAAGTTTTCTAAAATTGGCACTGTTTAAAATTTAAGACTGAAA	1.96949	NA	NA	6	5529000	5529200	10 ATAC
DUP00000214	6	5432986	T	<DUP>	1560	PASS	TRUE	DUP	NA	5800660	21	60	5to3	-1,1	-1,1	60	0	0	5	0.960526	TACCCTGTACTTATCAGAGAGCTTTGCTAGAACAGCATCCAGCCAGGCTGCAGAGCACGGGCCTGTTGTAAGTATAGGTGGTGCCAGTCTGTAATGTTTTTATGTTCAAAGTTTTCTAAAATTGGCACTGTTTAAAATTTAAGACTGAAA	1.96949	NA	NA	6	5529200	5529800	15 Quies
DUP00000214	6	5432986	T	<DUP>	1560	PASS	TRUE	DUP	NA	5800660	21	60	5to3	-1,1	-1,1	60	0	0	5	0.960526	TACCCTGTACTTATCAGAGAGCTTTGCTAGAACAGCATCCAGCCAGGCTGCAGAGCACGGGCCTGTTGTAAGTATAGGTGGTGCCAGTCTGTAATGTTTTTATGTTCAAAGTTTTCTAAAATTGGCACTGTTTAAAATTTAAGACTGAAA	1.96949	NA	NA	6	5529800	5530200	10 ATAC
DUP00000214	6	5432986	T	<DUP>	1560	PASS	TRUE	DUP	NA	5800660	21	60	5to3	-1,1	-1,1	60	0	0	5	0.960526	TACCCTGTACTTATCAGAGAGCTTTGCTAGAACAGCATCCAGCCAGGCTGCAGAGCACGGGCCTGTTGTAAGTATAGGTGGTGCCAGTCTGTAATGTTTTTATGTTCAAAGTTTTCTAAAATTGGCACTGTTTAAAATTTAAGACTGAAA	1.96949	NA	NA	6	5530200	5531000	1 TssA
DUP00000214	6	5432986	T	<DUP>	1560	PASS	TRUE	DUP	NA	5800660	21	60	5to3	-1,1	-1,1	60	0	0	5	0.960526	TACCCTGTACTTATCAGAGAGCTTTGCTAGAACAGCATCCAGCCAGGCTGCAGAGCACGGGCCTGTTGTAAGTATAGGTGGTGCCAGTCTGTAATGTTTTTATGTTCAAAGTTTTCTAAAATTGGCACTGTTTAAAATTTAAGACTGAAA	1.96949	NA	NA	6	5531000	5531200	2 TssAFlnk
DUP00000214	6	5432986	T	<DUP>	1560	PASS	TRUE	DUP	NA	5800660	21	60	5to3	-1,1	-1,1	60	0	0	5	0.960526	TACCCTGTACTTATCAGAGAGCTTTGCTAGAACAGCATCCAGCCAGGCTGCAGAGCACGGGCCTGTTGTAAGTATAGGTGGTGCCAGTCTGTAATGTTTTTATGTTCAAAGTTTTCTAAAATTGGCACTGTTTAAAATTTAAGACTGAAA	1.96949	NA	NA	6	5531200	5532000	1 TssA
DUP00000214	6	5432986	T	<DUP>	1560	PASS	TRUE	DUP	NA	5800660	21	60	5to3	-1,1	-1,1	60	0	0	5	0.960526	TACCCTGTACTTATCAGAGAGCTTTGCTAGAACAGCATCCAGCCAGGCTGCAGAGCACGGGCCTGTTGTAAGTATAGGTGGTGCCAGTCTGTAATGTTTTTATGTTCAAAGTTTTCTAAAATTGGCACTGTTTAAAATTTAAGACTGAAA	1.96949	NA	NA	6	5532000	5532400	2 TssAFlnk
DUP00000214	6	5432986	T	<DUP>	1560	PASS	TRUE	DUP	NA	5800660	21	60	5to3	-1,1	-1,1	60	0	0	5	0.960526	TACCCTGTACTTATCAGAGAGCTTTGCTAGAACAGCATCCAGCCAGGCTGCAGAGCACGGGCCTGTTGTAAGTATAGGTGGTGCCAGTCTGTAATGTTTTTATGTTCAAAGTTTTCTAAAATTGGCACTGTTTAAAATTTAAGACTGAAA	1.96949	NA	NA	6	5532400	5533400	1 TssA
DUP00000214	6	5432986	T	<DUP>	1560	PASS	TRUE	DUP	NA	5800660	21	60	5to3	-1,1	-1,1	60	0	0	5	0.960526	TACCCTGTACTTATCAGAGAGCTTTGCTAGAACAGCATCCAGCCAGGCTGCAGAGCACGGGCCTGTTGTAAGTATAGGTGGTGCCAGTCTGTAATGTTTTTATGTTCAAAGTTTTCTAAAATTGGCACTGTTTAAAATTTAAGACTGAAA	1.96949	NA	NA	6	5533400	5534400	15 Quies
DUP00000214	6	5432986	T	<DUP>	1560	PASS	TRUE	DUP	NA	5800660	21	60	5to3	-1,1	-1,1	60	0	0	5	0.960526	TACCCTGTACTTATCAGAGAGCTTTGCTAGAACAGCATCCAGCCAGGCTGCAGAGCACGGGCCTGTTGTAAGTATAGGTGGTGCCAGTCTGTAATGTTTTTATGTTCAAAGTTTTCTAAAATTGGCACTGTTTAAAATTTAAGACTGAAA	1.96949	NA	NA	6	5534400	5535800	10 ATAC
DUP00000214	6	5432986	T	<DUP>	1560	PASS	TRUE	DUP	NA	5800660	21	60	5to3	-1,1	-1,1	60	0	0	5	0.960526	TACCCTGTACTTATCAGAGAGCTTTGCTAGAACAGCATCCAGCCAGGCTGCAGAGCACGGGCCTGTTGTAAGTATAGGTGGTGCCAGTCTGTAATGTTTTTATGTTCAAAGTTTTCTAAAATTGGCACTGTTTAAAATTTAAGACTGAAA	1.96949	NA	NA	6	5535800	5537600	1 TssA
DUP00000214	6	5432986	T	<DUP>	1560	PASS	TRUE	DUP	NA	5800660	21	60	5to3	-1,1	-1,1	60	0	0	5	0.960526	TACCCTGTACTTATCAGAGAGCTTTGCTAGAACAGCATCCAGCCAGGCTGCAGAGCACGGGCCTGTTGTAAGTATAGGTGGTGCCAGTCTGTAATGTTTTTATGTTCAAAGTTTTCTAAAATTGGCACTGTTTAAAATTTAAGACTGAAA	1.96949	NA	NA	6	5537600	5538200	15 Quies
DUP00000214	6	5432986	T	<DUP>	1560	PASS	TRUE	DUP	NA	5800660	21	60	5to3	-1,1	-1,1	60	0	0	5	0.960526	TACCCTGTACTTATCAGAGAGCTTTGCTAGAACAGCATCCAGCCAGGCTGCAGAGCACGGGCCTGTTGTAAGTATAGGTGGTGCCAGTCTGTAATGTTTTTATGTTCAAAGTTTTCTAAAATTGGCACTGTTTAAAATTTAAGACTGAAA	1.96949	NA	NA	6	5538200	5538600	10 ATAC
DUP00000214	6	5432986	T	<DUP>	1560	PASS	TRUE	DUP	NA	5800660	21	60	5to3	-1,1	-1,1	60	0	0	5	0.960526	TACCCTGTACTTATCAGAGAGCTTTGCTAGAACAGCATCCAGCCAGGCTGCAGAGCACGGGCCTGTTGTAAGTATAGGTGGTGCCAGTCTGTAATGTTTTTATGTTCAAAGTTTTCTAAAATTGGCACTGTTTAAAATTTAAGACTGAAA	1.96949	NA	NA	6	5538600	5539200	15 Quies
DUP00000214	6	5432986	T	<DUP>	1560	PASS	TRUE	DUP	NA	5800660	21	60	5to3	-1,1	-1,1	60	0	0	5	0.960526	TACCCTGTACTTATCAGAGAGCTTTGCTAGAACAGCATCCAGCCAGGCTGCAGAGCACGGGCCTGTTGTAAGTATAGGTGGTGCCAGTCTGTAATGTTTTTATGTTCAAAGTTTTCTAAAATTGGCACTGTTTAAAATTTAAGACTGAAA	1.96949	NA	NA	6	5539200	5539600	10 ATAC
DUP00000214	6	5432986	T	<DUP>	1560	PASS	TRUE	DUP	NA	5800660	21	60	5to3	-1,1	-1,1	60	0	0	5	0.960526	TACCCTGTACTTATCAGAGAGCTTTGCTAGAACAGCATCCAGCCAGGCTGCAGAGCACGGGCCTGTTGTAAGTATAGGTGGTGCCAGTCTGTAATGTTTTTATGTTCAAAGTTTTCTAAAATTGGCACTGTTTAAAATTTAAGACTGAAA	1.96949	NA	NA	6	5539600	5540200	14 ReprPCWk
DUP00000214	6	5432986	T	<DUP>	1560	PASS	TRUE	DUP	NA	5800660	21	60	5to3	-1,1	-1,1	60	0	0	5	0.960526	TACCCTGTACTTATCAGAGAGCTTTGCTAGAACAGCATCCAGCCAGGCTGCAGAGCACGGGCCTGTTGTAAGTATAGGTGGTGCCAGTCTGTAATGTTTTTATGTTCAAAGTTTTCTAAAATTGGCACTGTTTAAAATTTAAGACTGAAA	1.96949	NA	NA	6	5540200	5540800	1 TssA
DUP00000214	6	5432986	T	<DUP>	1560	PASS	TRUE	DUP	NA	5800660	21	60	5to3	-1,1	-1,1	60	0	0	5	0.960526	TACCCTGTACTTATCAGAGAGCTTTGCTAGAACAGCATCCAGCCAGGCTGCAGAGCACGGGCCTGTTGTAAGTATAGGTGGTGCCAGTCTGTAATGTTTTTATGTTCAAAGTTTTCTAAAATTGGCACTGTTTAAAATTTAAGACTGAAA	1.96949	NA	NA	6	5540800	5546000	15 Quies
DUP00000214	6	5432986	T	<DUP>	1560	PASS	TRUE	DUP	NA	5800660	21	60	5to3	-1,1	-1,1	60	0	0	5	0.960526	TACCCTGTACTTATCAGAGAGCTTTGCTAGAACAGCATCCAGCCAGGCTGCAGAGCACGGGCCTGTTGTAAGTATAGGTGGTGCCAGTCTGTAATGTTTTTATGTTCAAAGTTTTCTAAAATTGGCACTGTTTAAAATTTAAGACTGAAA	1.96949	NA	NA	6	5546000	5546400	10 ATAC
DUP00000214	6	5432986	T	<DUP>	1560	PASS	TRUE	DUP	NA	5800660	21	60	5to3	-1,1	-1,1	60	0	0	5	0.960526	TACCCTGTACTTATCAGAGAGCTTTGCTAGAACAGCATCCAGCCAGGCTGCAGAGCACGGGCCTGTTGTAAGTATAGGTGGTGCCAGTCTGTAATGTTTTTATGTTCAAAGTTTTCTAAAATTGGCACTGTTTAAAATTTAAGACTGAAA	1.96949	NA	NA	6	5546400	5555600	15 Quies
DUP00000214	6	5432986	T	<DUP>	1560	PASS	TRUE	DUP	NA	5800660	21	60	5to3	-1,1	-1,1	60	0	0	5	0.960526	TACCCTGTACTTATCAGAGAGCTTTGCTAGAACAGCATCCAGCCAGGCTGCAGAGCACGGGCCTGTTGTAAGTATAGGTGGTGCCAGTCTGTAATGTTTTTATGTTCAAAGTTTTCTAAAATTGGCACTGTTTAAAATTTAAGACTGAAA	1.96949	NA	NA	6	5555600	5555800	10 ATAC
DUP00000214	6	5432986	T	<DUP>	1560	PASS	TRUE	DUP	NA	5800660	21	60	5to3	-1,1	-1,1	60	0	0	5	0.960526	TACCCTGTACTTATCAGAGAGCTTTGCTAGAACAGCATCCAGCCAGGCTGCAGAGCACGGGCCTGTTGTAAGTATAGGTGGTGCCAGTCTGTAATGTTTTTATGTTCAAAGTTTTCTAAAATTGGCACTGTTTAAAATTTAAGACTGAAA	1.96949	NA	NA	6	5555800	5556800	15 Quies
DUP00000214	6	5432986	T	<DUP>	1560	PASS	TRUE	DUP	NA	5800660	21	60	5to3	-1,1	-1,1	60	0	0	5	0.960526	TACCCTGTACTTATCAGAGAGCTTTGCTAGAACAGCATCCAGCCAGGCTGCAGAGCACGGGCCTGTTGTAAGTATAGGTGGTGCCAGTCTGTAATGTTTTTATGTTCAAAGTTTTCTAAAATTGGCACTGTTTAAAATTTAAGACTGAAA	1.96949	NA	NA	6	5556800	5557200	10 ATAC
DUP00000214	6	5432986	T	<DUP>	1560	PASS	TRUE	DUP	NA	5800660	21	60	5to3	-1,1	-1,1	60	0	0	5	0.960526	TACCCTGTACTTATCAGAGAGCTTTGCTAGAACAGCATCCAGCCAGGCTGCAGAGCACGGGCCTGTTGTAAGTATAGGTGGTGCCAGTCTGTAATGTTTTTATGTTCAAAGTTTTCTAAAATTGGCACTGTTTAAAATTTAAGACTGAAA	1.96949	NA	NA	6	5557200	5561600	15 Quies
DUP00000214	6	5432986	T	<DUP>	1560	PASS	TRUE	DUP	NA	5800660	21	60	5to3	-1,1	-1,1	60	0	0	5	0.960526	TACCCTGTACTTATCAGAGAGCTTTGCTAGAACAGCATCCAGCCAGGCTGCAGAGCACGGGCCTGTTGTAAGTATAGGTGGTGCCAGTCTGTAATGTTTTTATGTTCAAAGTTTTCTAAAATTGGCACTGTTTAAAATTTAAGACTGAAA	1.96949	NA	NA	6	5561600	5562000	10 ATAC
DUP00000214	6	5432986	T	<DUP>	1560	PASS	TRUE	DUP	NA	5800660	21	60	5to3	-1,1	-1,1	60	0	0	5	0.960526	TACCCTGTACTTATCAGAGAGCTTTGCTAGAACAGCATCCAGCCAGGCTGCAGAGCACGGGCCTGTTGTAAGTATAGGTGGTGCCAGTCTGTAATGTTTTTATGTTCAAAGTTTTCTAAAATTGGCACTGTTTAAAATTTAAGACTGAAA	1.96949	NA	NA	6	5562000	5562600	11 ReprWkCTCF
DUP00000214	6	5432986	T	<DUP>	1560	PASS	TRUE	DUP	NA	5800660	21	60	5to3	-1,1	-1,1	60	0	0	5	0.960526	TACCCTGTACTTATCAGAGAGCTTTGCTAGAACAGCATCCAGCCAGGCTGCAGAGCACGGGCCTGTTGTAAGTATAGGTGGTGCCAGTCTGTAATGTTTTTATGTTCAAAGTTTTCTAAAATTGGCACTGTTTAAAATTTAAGACTGAAA	1.96949	NA	NA	6	5562600	5563200	9 EnhWkCTCFATAC
DUP00000214	6	5432986	T	<DUP>	1560	PASS	TRUE	DUP	NA	5800660	21	60	5to3	-1,1	-1,1	60	0	0	5	0.960526	TACCCTGTACTTATCAGAGAGCTTTGCTAGAACAGCATCCAGCCAGGCTGCAGAGCACGGGCCTGTTGTAAGTATAGGTGGTGCCAGTCTGTAATGTTTTTATGTTCAAAGTTTTCTAAAATTGGCACTGTTTAAAATTTAAGACTGAAA	1.96949	NA	NA	6	5563200	5564000	11 ReprWkCTCF
DUP00000214	6	5432986	T	<DUP>	1560	PASS	TRUE	DUP	NA	5800660	21	60	5to3	-1,1	-1,1	60	0	0	5	0.960526	TACCCTGTACTTATCAGAGAGCTTTGCTAGAACAGCATCCAGCCAGGCTGCAGAGCACGGGCCTGTTGTAAGTATAGGTGGTGCCAGTCTGTAATGTTTTTATGTTCAAAGTTTTCTAAAATTGGCACTGTTTAAAATTTAAGACTGAAA	1.96949	NA	NA	6	5564000	5564200	9 EnhWkCTCFATAC
DUP00000214	6	5432986	T	<DUP>	1560	PASS	TRUE	DUP	NA	5800660	21	60	5to3	-1,1	-1,1	60	0	0	5	0.960526	TACCCTGTACTTATCAGAGAGCTTTGCTAGAACAGCATCCAGCCAGGCTGCAGAGCACGGGCCTGTTGTAAGTATAGGTGGTGCCAGTCTGTAATGTTTTTATGTTCAAAGTTTTCTAAAATTGGCACTGTTTAAAATTTAAGACTGAAA	1.96949	NA	NA	6	5564200	5564800	11 ReprWkCTCF
DUP00000214	6	5432986	T	<DUP>	1560	PASS	TRUE	DUP	NA	5800660	21	60	5to3	-1,1	-1,1	60	0	0	5	0.960526	TACCCTGTACTTATCAGAGAGCTTTGCTAGAACAGCATCCAGCCAGGCTGCAGAGCACGGGCCTGTTGTAAGTATAGGTGGTGCCAGTCTGTAATGTTTTTATGTTCAAAGTTTTCTAAAATTGGCACTGTTTAAAATTTAAGACTGAAA	1.96949	NA	NA	6	5564800	5565000	9 EnhWkCTCFATAC
DUP00000214	6	5432986	T	<DUP>	1560	PASS	TRUE	DUP	NA	5800660	21	60	5to3	-1,1	-1,1	60	0	0	5	0.960526	TACCCTGTACTTATCAGAGAGCTTTGCTAGAACAGCATCCAGCCAGGCTGCAGAGCACGGGCCTGTTGTAAGTATAGGTGGTGCCAGTCTGTAATGTTTTTATGTTCAAAGTTTTCTAAAATTGGCACTGTTTAAAATTTAAGACTGAAA	1.96949	NA	NA	6	5565000	5565200	11 ReprWkCTCF
DUP00000214	6	5432986	T	<DUP>	1560	PASS	TRUE	DUP	NA	5800660	21	60	5to3	-1,1	-1,1	60	0	0	5	0.960526	TACCCTGTACTTATCAGAGAGCTTTGCTAGAACAGCATCCAGCCAGGCTGCAGAGCACGGGCCTGTTGTAAGTATAGGTGGTGCCAGTCTGTAATGTTTTTATGTTCAAAGTTTTCTAAAATTGGCACTGTTTAAAATTTAAGACTGAAA	1.96949	NA	NA	6	5565200	5566200	9 EnhWkCTCFATAC
DUP00000214	6	5432986	T	<DUP>	1560	PASS	TRUE	DUP	NA	5800660	21	60	5to3	-1,1	-1,1	60	0	0	5	0.960526	TACCCTGTACTTATCAGAGAGCTTTGCTAGAACAGCATCCAGCCAGGCTGCAGAGCACGGGCCTGTTGTAAGTATAGGTGGTGCCAGTCTGTAATGTTTTTATGTTCAAAGTTTTCTAAAATTGGCACTGTTTAAAATTTAAGACTGAAA	1.96949	NA	NA	6	5566200	5568600	15 Quies
DUP00000214	6	5432986	T	<DUP>	1560	PASS	TRUE	DUP	NA	5800660	21	60	5to3	-1,1	-1,1	60	0	0	5	0.960526	TACCCTGTACTTATCAGAGAGCTTTGCTAGAACAGCATCCAGCCAGGCTGCAGAGCACGGGCCTGTTGTAAGTATAGGTGGTGCCAGTCTGTAATGTTTTTATGTTCAAAGTTTTCTAAAATTGGCACTGTTTAAAATTTAAGACTGAAA	1.96949	NA	NA	6	5568600	5569000	10 ATAC
DUP00000214	6	5432986	T	<DUP>	1560	PASS	TRUE	DUP	NA	5800660	21	60	5to3	-1,1	-1,1	60	0	0	5	0.960526	TACCCTGTACTTATCAGAGAGCTTTGCTAGAACAGCATCCAGCCAGGCTGCAGAGCACGGGCCTGTTGTAAGTATAGGTGGTGCCAGTCTGTAATGTTTTTATGTTCAAAGTTTTCTAAAATTGGCACTGTTTAAAATTTAAGACTGAAA	1.96949	NA	NA	6	5569000	5570000	15 Quies
DUP00000214	6	5432986	T	<DUP>	1560	PASS	TRUE	DUP	NA	5800660	21	60	5to3	-1,1	-1,1	60	0	0	5	0.960526	TACCCTGTACTTATCAGAGAGCTTTGCTAGAACAGCATCCAGCCAGGCTGCAGAGCACGGGCCTGTTGTAAGTATAGGTGGTGCCAGTCTGTAATGTTTTTATGTTCAAAGTTTTCTAAAATTGGCACTGTTTAAAATTTAAGACTGAAA	1.96949	NA	NA	6	5570000	5570400	10 ATAC
DUP00000214	6	5432986	T	<DUP>	1560	PASS	TRUE	DUP	NA	5800660	21	60	5to3	-1,1	-1,1	60	0	0	5	0.960526	TACCCTGTACTTATCAGAGAGCTTTGCTAGAACAGCATCCAGCCAGGCTGCAGAGCACGGGCCTGTTGTAAGTATAGGTGGTGCCAGTCTGTAATGTTTTTATGTTCAAAGTTTTCTAAAATTGGCACTGTTTAAAATTTAAGACTGAAA	1.96949	NA	NA	6	5570400	5583600	15 Quies
DUP00000214	6	5432986	T	<DUP>	1560	PASS	TRUE	DUP	NA	5800660	21	60	5to3	-1,1	-1,1	60	0	0	5	0.960526	TACCCTGTACTTATCAGAGAGCTTTGCTAGAACAGCATCCAGCCAGGCTGCAGAGCACGGGCCTGTTGTAAGTATAGGTGGTGCCAGTCTGTAATGTTTTTATGTTCAAAGTTTTCTAAAATTGGCACTGTTTAAAATTTAAGACTGAAA	1.96949	NA	NA	6	5583600	5584200	10 ATAC
DUP00000214	6	5432986	T	<DUP>	1560	PASS	TRUE	DUP	NA	5800660	21	60	5to3	-1,1	-1,1	60	0	0	5	0.960526	TACCCTGTACTTATCAGAGAGCTTTGCTAGAACAGCATCCAGCCAGGCTGCAGAGCACGGGCCTGTTGTAAGTATAGGTGGTGCCAGTCTGTAATGTTTTTATGTTCAAAGTTTTCTAAAATTGGCACTGTTTAAAATTTAAGACTGAAA	1.96949	NA	NA	6	5584200	5584400	9 EnhWkCTCFATAC
DUP00000214	6	5432986	T	<DUP>	1560	PASS	TRUE	DUP	NA	5800660	21	60	5to3	-1,1	-1,1	60	0	0	5	0.960526	TACCCTGTACTTATCAGAGAGCTTTGCTAGAACAGCATCCAGCCAGGCTGCAGAGCACGGGCCTGTTGTAAGTATAGGTGGTGCCAGTCTGTAATGTTTTTATGTTCAAAGTTTTCTAAAATTGGCACTGTTTAAAATTTAAGACTGAAA	1.96949	NA	NA	6	5584400	5585000	11 ReprWkCTCF
DUP00000214	6	5432986	T	<DUP>	1560	PASS	TRUE	DUP	NA	5800660	21	60	5to3	-1,1	-1,1	60	0	0	5	0.960526	TACCCTGTACTTATCAGAGAGCTTTGCTAGAACAGCATCCAGCCAGGCTGCAGAGCACGGGCCTGTTGTAAGTATAGGTGGTGCCAGTCTGTAATGTTTTTATGTTCAAAGTTTTCTAAAATTGGCACTGTTTAAAATTTAAGACTGAAA	1.96949	NA	NA	6	5585000	5586000	9 EnhWkCTCFATAC
DUP00000214	6	5432986	T	<DUP>	1560	PASS	TRUE	DUP	NA	5800660	21	60	5to3	-1,1	-1,1	60	0	0	5	0.960526	TACCCTGTACTTATCAGAGAGCTTTGCTAGAACAGCATCCAGCCAGGCTGCAGAGCACGGGCCTGTTGTAAGTATAGGTGGTGCCAGTCTGTAATGTTTTTATGTTCAAAGTTTTCTAAAATTGGCACTGTTTAAAATTTAAGACTGAAA	1.96949	NA	NA	6	5586000	5586600	11 ReprWkCTCF
DUP00000214	6	5432986	T	<DUP>	1560	PASS	TRUE	DUP	NA	5800660	21	60	5to3	-1,1	-1,1	60	0	0	5	0.960526	TACCCTGTACTTATCAGAGAGCTTTGCTAGAACAGCATCCAGCCAGGCTGCAGAGCACGGGCCTGTTGTAAGTATAGGTGGTGCCAGTCTGTAATGTTTTTATGTTCAAAGTTTTCTAAAATTGGCACTGTTTAAAATTTAAGACTGAAA	1.96949	NA	NA	6	5586600	5586800	9 EnhWkCTCFATAC
DUP00000214	6	5432986	T	<DUP>	1560	PASS	TRUE	DUP	NA	5800660	21	60	5to3	-1,1	-1,1	60	0	0	5	0.960526	TACCCTGTACTTATCAGAGAGCTTTGCTAGAACAGCATCCAGCCAGGCTGCAGAGCACGGGCCTGTTGTAAGTATAGGTGGTGCCAGTCTGTAATGTTTTTATGTTCAAAGTTTTCTAAAATTGGCACTGTTTAAAATTTAAGACTGAAA	1.96949	NA	NA	6	5586800	5587600	11 ReprWkCTCF
DUP00000214	6	5432986	T	<DUP>	1560	PASS	TRUE	DUP	NA	5800660	21	60	5to3	-1,1	-1,1	60	0	0	5	0.960526	TACCCTGTACTTATCAGAGAGCTTTGCTAGAACAGCATCCAGCCAGGCTGCAGAGCACGGGCCTGTTGTAAGTATAGGTGGTGCCAGTCTGTAATGTTTTTATGTTCAAAGTTTTCTAAAATTGGCACTGTTTAAAATTTAAGACTGAAA	1.96949	NA	NA	6	5587600	5588200	9 EnhWkCTCFATAC
DUP00000214	6	5432986	T	<DUP>	1560	PASS	TRUE	DUP	NA	5800660	21	60	5to3	-1,1	-1,1	60	0	0	5	0.960526	TACCCTGTACTTATCAGAGAGCTTTGCTAGAACAGCATCCAGCCAGGCTGCAGAGCACGGGCCTGTTGTAAGTATAGGTGGTGCCAGTCTGTAATGTTTTTATGTTCAAAGTTTTCTAAAATTGGCACTGTTTAAAATTTAAGACTGAAA	1.96949	NA	NA	6	5588200	5588600	11 ReprWkCTCF
DUP00000214	6	5432986	T	<DUP>	1560	PASS	TRUE	DUP	NA	5800660	21	60	5to3	-1,1	-1,1	60	0	0	5	0.960526	TACCCTGTACTTATCAGAGAGCTTTGCTAGAACAGCATCCAGCCAGGCTGCAGAGCACGGGCCTGTTGTAAGTATAGGTGGTGCCAGTCTGTAATGTTTTTATGTTCAAAGTTTTCTAAAATTGGCACTGTTTAAAATTTAAGACTGAAA	1.96949	NA	NA	6	5588600	5589800	9 EnhWkCTCFATAC
DUP00000214	6	5432986	T	<DUP>	1560	PASS	TRUE	DUP	NA	5800660	21	60	5to3	-1,1	-1,1	60	0	0	5	0.960526	TACCCTGTACTTATCAGAGAGCTTTGCTAGAACAGCATCCAGCCAGGCTGCAGAGCACGGGCCTGTTGTAAGTATAGGTGGTGCCAGTCTGTAATGTTTTTATGTTCAAAGTTTTCTAAAATTGGCACTGTTTAAAATTTAAGACTGAAA	1.96949	NA	NA	6	5589800	5590200	11 ReprWkCTCF
DUP00000214	6	5432986	T	<DUP>	1560	PASS	TRUE	DUP	NA	5800660	21	60	5to3	-1,1	-1,1	60	0	0	5	0.960526	TACCCTGTACTTATCAGAGAGCTTTGCTAGAACAGCATCCAGCCAGGCTGCAGAGCACGGGCCTGTTGTAAGTATAGGTGGTGCCAGTCTGTAATGTTTTTATGTTCAAAGTTTTCTAAAATTGGCACTGTTTAAAATTTAAGACTGAAA	1.96949	NA	NA	6	5590200	5593000	9 EnhWkCTCFATAC
DUP00000214	6	5432986	T	<DUP>	1560	PASS	TRUE	DUP	NA	5800660	21	60	5to3	-1,1	-1,1	60	0	0	5	0.960526	TACCCTGTACTTATCAGAGAGCTTTGCTAGAACAGCATCCAGCCAGGCTGCAGAGCACGGGCCTGTTGTAAGTATAGGTGGTGCCAGTCTGTAATGTTTTTATGTTCAAAGTTTTCTAAAATTGGCACTGTTTAAAATTTAAGACTGAAA	1.96949	NA	NA	6	5593000	5596800	10 ATAC
DUP00000214	6	5432986	T	<DUP>	1560	PASS	TRUE	DUP	NA	5800660	21	60	5to3	-1,1	-1,1	60	0	0	5	0.960526	TACCCTGTACTTATCAGAGAGCTTTGCTAGAACAGCATCCAGCCAGGCTGCAGAGCACGGGCCTGTTGTAAGTATAGGTGGTGCCAGTCTGTAATGTTTTTATGTTCAAAGTTTTCTAAAATTGGCACTGTTTAAAATTTAAGACTGAAA	1.96949	NA	NA	6	5596800	5597400	14 ReprPCWk
DUP00000214	6	5432986	T	<DUP>	1560	PASS	TRUE	DUP	NA	5800660	21	60	5to3	-1,1	-1,1	60	0	0	5	0.960526	TACCCTGTACTTATCAGAGAGCTTTGCTAGAACAGCATCCAGCCAGGCTGCAGAGCACGGGCCTGTTGTAAGTATAGGTGGTGCCAGTCTGTAATGTTTTTATGTTCAAAGTTTTCTAAAATTGGCACTGTTTAAAATTTAAGACTGAAA	1.96949	NA	NA	6	5597400	5597800	10 ATAC
DUP00000214	6	5432986	T	<DUP>	1560	PASS	TRUE	DUP	NA	5800660	21	60	5to3	-1,1	-1,1	60	0	0	5	0.960526	TACCCTGTACTTATCAGAGAGCTTTGCTAGAACAGCATCCAGCCAGGCTGCAGAGCACGGGCCTGTTGTAAGTATAGGTGGTGCCAGTCTGTAATGTTTTTATGTTCAAAGTTTTCTAAAATTGGCACTGTTTAAAATTTAAGACTGAAA	1.96949	NA	NA	6	5597800	5603000	14 ReprPCWk
DUP00000214	6	5432986	T	<DUP>	1560	PASS	TRUE	DUP	NA	5800660	21	60	5to3	-1,1	-1,1	60	0	0	5	0.960526	TACCCTGTACTTATCAGAGAGCTTTGCTAGAACAGCATCCAGCCAGGCTGCAGAGCACGGGCCTGTTGTAAGTATAGGTGGTGCCAGTCTGTAATGTTTTTATGTTCAAAGTTTTCTAAAATTGGCACTGTTTAAAATTTAAGACTGAAA	1.96949	NA	NA	6	5603000	5603200	10 ATAC
DUP00000214	6	5432986	T	<DUP>	1560	PASS	TRUE	DUP	NA	5800660	21	60	5to3	-1,1	-1,1	60	0	0	5	0.960526	TACCCTGTACTTATCAGAGAGCTTTGCTAGAACAGCATCCAGCCAGGCTGCAGAGCACGGGCCTGTTGTAAGTATAGGTGGTGCCAGTCTGTAATGTTTTTATGTTCAAAGTTTTCTAAAATTGGCACTGTTTAAAATTTAAGACTGAAA	1.96949	NA	NA	6	5603200	5608200	14 ReprPCWk
DUP00000214	6	5432986	T	<DUP>	1560	PASS	TRUE	DUP	NA	5800660	21	60	5to3	-1,1	-1,1	60	0	0	5	0.960526	TACCCTGTACTTATCAGAGAGCTTTGCTAGAACAGCATCCAGCCAGGCTGCAGAGCACGGGCCTGTTGTAAGTATAGGTGGTGCCAGTCTGTAATGTTTTTATGTTCAAAGTTTTCTAAAATTGGCACTGTTTAAAATTTAAGACTGAAA	1.96949	NA	NA	6	5608200	5608400	10 ATAC
DUP00000214	6	5432986	T	<DUP>	1560	PASS	TRUE	DUP	NA	5800660	21	60	5to3	-1,1	-1,1	60	0	0	5	0.960526	TACCCTGTACTTATCAGAGAGCTTTGCTAGAACAGCATCCAGCCAGGCTGCAGAGCACGGGCCTGTTGTAAGTATAGGTGGTGCCAGTCTGTAATGTTTTTATGTTCAAAGTTTTCTAAAATTGGCACTGTTTAAAATTTAAGACTGAAA	1.96949	NA	NA	6	5608400	5608600	15 Quies
DUP00000214	6	5432986	T	<DUP>	1560	PASS	TRUE	DUP	NA	5800660	21	60	5to3	-1,1	-1,1	60	0	0	5	0.960526	TACCCTGTACTTATCAGAGAGCTTTGCTAGAACAGCATCCAGCCAGGCTGCAGAGCACGGGCCTGTTGTAAGTATAGGTGGTGCCAGTCTGTAATGTTTTTATGTTCAAAGTTTTCTAAAATTGGCACTGTTTAAAATTTAAGACTGAAA	1.96949	NA	NA	6	5608600	5609000	14 ReprPCWk
DUP00000214	6	5432986	T	<DUP>	1560	PASS	TRUE	DUP	NA	5800660	21	60	5to3	-1,1	-1,1	60	0	0	5	0.960526	TACCCTGTACTTATCAGAGAGCTTTGCTAGAACAGCATCCAGCCAGGCTGCAGAGCACGGGCCTGTTGTAAGTATAGGTGGTGCCAGTCTGTAATGTTTTTATGTTCAAAGTTTTCTAAAATTGGCACTGTTTAAAATTTAAGACTGAAA	1.96949	NA	NA	6	5609000	5610200	10 ATAC
DUP00000214	6	5432986	T	<DUP>	1560	PASS	TRUE	DUP	NA	5800660	21	60	5to3	-1,1	-1,1	60	0	0	5	0.960526	TACCCTGTACTTATCAGAGAGCTTTGCTAGAACAGCATCCAGCCAGGCTGCAGAGCACGGGCCTGTTGTAAGTATAGGTGGTGCCAGTCTGTAATGTTTTTATGTTCAAAGTTTTCTAAAATTGGCACTGTTTAAAATTTAAGACTGAAA	1.96949	NA	NA	6	5610200	5612000	15 Quies
DUP00000214	6	5432986	T	<DUP>	1560	PASS	TRUE	DUP	NA	5800660	21	60	5to3	-1,1	-1,1	60	0	0	5	0.960526	TACCCTGTACTTATCAGAGAGCTTTGCTAGAACAGCATCCAGCCAGGCTGCAGAGCACGGGCCTGTTGTAAGTATAGGTGGTGCCAGTCTGTAATGTTTTTATGTTCAAAGTTTTCTAAAATTGGCACTGTTTAAAATTTAAGACTGAAA	1.96949	NA	NA	6	5612000	5612600	9 EnhWkCTCFATAC
DUP00000214	6	5432986	T	<DUP>	1560	PASS	TRUE	DUP	NA	5800660	21	60	5to3	-1,1	-1,1	60	0	0	5	0.960526	TACCCTGTACTTATCAGAGAGCTTTGCTAGAACAGCATCCAGCCAGGCTGCAGAGCACGGGCCTGTTGTAAGTATAGGTGGTGCCAGTCTGTAATGTTTTTATGTTCAAAGTTTTCTAAAATTGGCACTGTTTAAAATTTAAGACTGAAA	1.96949	NA	NA	6	5612600	5613600	11 ReprWkCTCF
DUP00000214	6	5432986	T	<DUP>	1560	PASS	TRUE	DUP	NA	5800660	21	60	5to3	-1,1	-1,1	60	0	0	5	0.960526	TACCCTGTACTTATCAGAGAGCTTTGCTAGAACAGCATCCAGCCAGGCTGCAGAGCACGGGCCTGTTGTAAGTATAGGTGGTGCCAGTCTGTAATGTTTTTATGTTCAAAGTTTTCTAAAATTGGCACTGTTTAAAATTTAAGACTGAAA	1.96949	NA	NA	6	5613600	5614000	9 EnhWkCTCFATAC
DUP00000214	6	5432986	T	<DUP>	1560	PASS	TRUE	DUP	NA	5800660	21	60	5to3	-1,1	-1,1	60	0	0	5	0.960526	TACCCTGTACTTATCAGAGAGCTTTGCTAGAACAGCATCCAGCCAGGCTGCAGAGCACGGGCCTGTTGTAAGTATAGGTGGTGCCAGTCTGTAATGTTTTTATGTTCAAAGTTTTCTAAAATTGGCACTGTTTAAAATTTAAGACTGAAA	1.96949	NA	NA	6	5614000	5614400	11 ReprWkCTCF
DUP00000214	6	5432986	T	<DUP>	1560	PASS	TRUE	DUP	NA	5800660	21	60	5to3	-1,1	-1,1	60	0	0	5	0.960526	TACCCTGTACTTATCAGAGAGCTTTGCTAGAACAGCATCCAGCCAGGCTGCAGAGCACGGGCCTGTTGTAAGTATAGGTGGTGCCAGTCTGTAATGTTTTTATGTTCAAAGTTTTCTAAAATTGGCACTGTTTAAAATTTAAGACTGAAA	1.96949	NA	NA	6	5614400	5616000	9 EnhWkCTCFATAC
DUP00000214	6	5432986	T	<DUP>	1560	PASS	TRUE	DUP	NA	5800660	21	60	5to3	-1,1	-1,1	60	0	0	5	0.960526	TACCCTGTACTTATCAGAGAGCTTTGCTAGAACAGCATCCAGCCAGGCTGCAGAGCACGGGCCTGTTGTAAGTATAGGTGGTGCCAGTCTGTAATGTTTTTATGTTCAAAGTTTTCTAAAATTGGCACTGTTTAAAATTTAAGACTGAAA	1.96949	NA	NA	6	5616000	5616600	11 ReprWkCTCF
DUP00000214	6	5432986	T	<DUP>	1560	PASS	TRUE	DUP	NA	5800660	21	60	5to3	-1,1	-1,1	60	0	0	5	0.960526	TACCCTGTACTTATCAGAGAGCTTTGCTAGAACAGCATCCAGCCAGGCTGCAGAGCACGGGCCTGTTGTAAGTATAGGTGGTGCCAGTCTGTAATGTTTTTATGTTCAAAGTTTTCTAAAATTGGCACTGTTTAAAATTTAAGACTGAAA	1.96949	NA	NA	6	5616600	5617000	9 EnhWkCTCFATAC
DUP00000214	6	5432986	T	<DUP>	1560	PASS	TRUE	DUP	NA	5800660	21	60	5to3	-1,1	-1,1	60	0	0	5	0.960526	TACCCTGTACTTATCAGAGAGCTTTGCTAGAACAGCATCCAGCCAGGCTGCAGAGCACGGGCCTGTTGTAAGTATAGGTGGTGCCAGTCTGTAATGTTTTTATGTTCAAAGTTTTCTAAAATTGGCACTGTTTAAAATTTAAGACTGAAA	1.96949	NA	NA	6	5617000	5617400	11 ReprWkCTCF
DUP00000214	6	5432986	T	<DUP>	1560	PASS	TRUE	DUP	NA	5800660	21	60	5to3	-1,1	-1,1	60	0	0	5	0.960526	TACCCTGTACTTATCAGAGAGCTTTGCTAGAACAGCATCCAGCCAGGCTGCAGAGCACGGGCCTGTTGTAAGTATAGGTGGTGCCAGTCTGTAATGTTTTTATGTTCAAAGTTTTCTAAAATTGGCACTGTTTAAAATTTAAGACTGAAA	1.96949	NA	NA	6	5617400	5618400	9 EnhWkCTCFATAC
DUP00000214	6	5432986	T	<DUP>	1560	PASS	TRUE	DUP	NA	5800660	21	60	5to3	-1,1	-1,1	60	0	0	5	0.960526	TACCCTGTACTTATCAGAGAGCTTTGCTAGAACAGCATCCAGCCAGGCTGCAGAGCACGGGCCTGTTGTAAGTATAGGTGGTGCCAGTCTGTAATGTTTTTATGTTCAAAGTTTTCTAAAATTGGCACTGTTTAAAATTTAAGACTGAAA	1.96949	NA	NA	6	5618400	5619000	11 ReprWkCTCF
DUP00000214	6	5432986	T	<DUP>	1560	PASS	TRUE	DUP	NA	5800660	21	60	5to3	-1,1	-1,1	60	0	0	5	0.960526	TACCCTGTACTTATCAGAGAGCTTTGCTAGAACAGCATCCAGCCAGGCTGCAGAGCACGGGCCTGTTGTAAGTATAGGTGGTGCCAGTCTGTAATGTTTTTATGTTCAAAGTTTTCTAAAATTGGCACTGTTTAAAATTTAAGACTGAAA	1.96949	NA	NA	6	5619000	5620800	9 EnhWkCTCFATAC
DUP00000214	6	5432986	T	<DUP>	1560	PASS	TRUE	DUP	NA	5800660	21	60	5to3	-1,1	-1,1	60	0	0	5	0.960526	TACCCTGTACTTATCAGAGAGCTTTGCTAGAACAGCATCCAGCCAGGCTGCAGAGCACGGGCCTGTTGTAAGTATAGGTGGTGCCAGTCTGTAATGTTTTTATGTTCAAAGTTTTCTAAAATTGGCACTGTTTAAAATTTAAGACTGAAA	1.96949	NA	NA	6	5620800	5621000	11 ReprWkCTCF
DUP00000214	6	5432986	T	<DUP>	1560	PASS	TRUE	DUP	NA	5800660	21	60	5to3	-1,1	-1,1	60	0	0	5	0.960526	TACCCTGTACTTATCAGAGAGCTTTGCTAGAACAGCATCCAGCCAGGCTGCAGAGCACGGGCCTGTTGTAAGTATAGGTGGTGCCAGTCTGTAATGTTTTTATGTTCAAAGTTTTCTAAAATTGGCACTGTTTAAAATTTAAGACTGAAA	1.96949	NA	NA	6	5621000	5622000	9 EnhWkCTCFATAC
DUP00000214	6	5432986	T	<DUP>	1560	PASS	TRUE	DUP	NA	5800660	21	60	5to3	-1,1	-1,1	60	0	0	5	0.960526	TACCCTGTACTTATCAGAGAGCTTTGCTAGAACAGCATCCAGCCAGGCTGCAGAGCACGGGCCTGTTGTAAGTATAGGTGGTGCCAGTCTGTAATGTTTTTATGTTCAAAGTTTTCTAAAATTGGCACTGTTTAAAATTTAAGACTGAAA	1.96949	NA	NA	6	5622000	5622200	11 ReprWkCTCF
DUP00000214	6	5432986	T	<DUP>	1560	PASS	TRUE	DUP	NA	5800660	21	60	5to3	-1,1	-1,1	60	0	0	5	0.960526	TACCCTGTACTTATCAGAGAGCTTTGCTAGAACAGCATCCAGCCAGGCTGCAGAGCACGGGCCTGTTGTAAGTATAGGTGGTGCCAGTCTGTAATGTTTTTATGTTCAAAGTTTTCTAAAATTGGCACTGTTTAAAATTTAAGACTGAAA	1.96949	NA	NA	6	5622200	5623000	9 EnhWkCTCFATAC
DUP00000214	6	5432986	T	<DUP>	1560	PASS	TRUE	DUP	NA	5800660	21	60	5to3	-1,1	-1,1	60	0	0	5	0.960526	TACCCTGTACTTATCAGAGAGCTTTGCTAGAACAGCATCCAGCCAGGCTGCAGAGCACGGGCCTGTTGTAAGTATAGGTGGTGCCAGTCTGTAATGTTTTTATGTTCAAAGTTTTCTAAAATTGGCACTGTTTAAAATTTAAGACTGAAA	1.96949	NA	NA	6	5623000	5623200	11 ReprWkCTCF
DUP00000214	6	5432986	T	<DUP>	1560	PASS	TRUE	DUP	NA	5800660	21	60	5to3	-1,1	-1,1	60	0	0	5	0.960526	TACCCTGTACTTATCAGAGAGCTTTGCTAGAACAGCATCCAGCCAGGCTGCAGAGCACGGGCCTGTTGTAAGTATAGGTGGTGCCAGTCTGTAATGTTTTTATGTTCAAAGTTTTCTAAAATTGGCACTGTTTAAAATTTAAGACTGAAA	1.96949	NA	NA	6	5623200	5624000	15 Quies
DUP00000214	6	5432986	T	<DUP>	1560	PASS	TRUE	DUP	NA	5800660	21	60	5to3	-1,1	-1,1	60	0	0	5	0.960526	TACCCTGTACTTATCAGAGAGCTTTGCTAGAACAGCATCCAGCCAGGCTGCAGAGCACGGGCCTGTTGTAAGTATAGGTGGTGCCAGTCTGTAATGTTTTTATGTTCAAAGTTTTCTAAAATTGGCACTGTTTAAAATTTAAGACTGAAA	1.96949	NA	NA	6	5624000	5624400	10 ATAC
DUP00000214	6	5432986	T	<DUP>	1560	PASS	TRUE	DUP	NA	5800660	21	60	5to3	-1,1	-1,1	60	0	0	5	0.960526	TACCCTGTACTTATCAGAGAGCTTTGCTAGAACAGCATCCAGCCAGGCTGCAGAGCACGGGCCTGTTGTAAGTATAGGTGGTGCCAGTCTGTAATGTTTTTATGTTCAAAGTTTTCTAAAATTGGCACTGTTTAAAATTTAAGACTGAAA	1.96949	NA	NA	6	5624400	5625400	9 EnhWkCTCFATAC
DUP00000214	6	5432986	T	<DUP>	1560	PASS	TRUE	DUP	NA	5800660	21	60	5to3	-1,1	-1,1	60	0	0	5	0.960526	TACCCTGTACTTATCAGAGAGCTTTGCTAGAACAGCATCCAGCCAGGCTGCAGAGCACGGGCCTGTTGTAAGTATAGGTGGTGCCAGTCTGTAATGTTTTTATGTTCAAAGTTTTCTAAAATTGGCACTGTTTAAAATTTAAGACTGAAA	1.96949	NA	NA	6	5625400	5626200	11 ReprWkCTCF
DUP00000214	6	5432986	T	<DUP>	1560	PASS	TRUE	DUP	NA	5800660	21	60	5to3	-1,1	-1,1	60	0	0	5	0.960526	TACCCTGTACTTATCAGAGAGCTTTGCTAGAACAGCATCCAGCCAGGCTGCAGAGCACGGGCCTGTTGTAAGTATAGGTGGTGCCAGTCTGTAATGTTTTTATGTTCAAAGTTTTCTAAAATTGGCACTGTTTAAAATTTAAGACTGAAA	1.96949	NA	NA	6	5626200	5626400	12 BivFlnk
DUP00000214	6	5432986	T	<DUP>	1560	PASS	TRUE	DUP	NA	5800660	21	60	5to3	-1,1	-1,1	60	0	0	5	0.960526	TACCCTGTACTTATCAGAGAGCTTTGCTAGAACAGCATCCAGCCAGGCTGCAGAGCACGGGCCTGTTGTAAGTATAGGTGGTGCCAGTCTGTAATGTTTTTATGTTCAAAGTTTTCTAAAATTGGCACTGTTTAAAATTTAAGACTGAAA	1.96949	NA	NA	6	5626400	5627200	13 ReprPC
DUP00000214	6	5432986	T	<DUP>	1560	PASS	TRUE	DUP	NA	5800660	21	60	5to3	-1,1	-1,1	60	0	0	5	0.960526	TACCCTGTACTTATCAGAGAGCTTTGCTAGAACAGCATCCAGCCAGGCTGCAGAGCACGGGCCTGTTGTAAGTATAGGTGGTGCCAGTCTGTAATGTTTTTATGTTCAAAGTTTTCTAAAATTGGCACTGTTTAAAATTTAAGACTGAAA	1.96949	NA	NA	6	5627200	5627400	9 EnhWkCTCFATAC
DUP00000214	6	5432986	T	<DUP>	1560	PASS	TRUE	DUP	NA	5800660	21	60	5to3	-1,1	-1,1	60	0	0	5	0.960526	TACCCTGTACTTATCAGAGAGCTTTGCTAGAACAGCATCCAGCCAGGCTGCAGAGCACGGGCCTGTTGTAAGTATAGGTGGTGCCAGTCTGTAATGTTTTTATGTTCAAAGTTTTCTAAAATTGGCACTGTTTAAAATTTAAGACTGAAA	1.96949	NA	NA	6	5627400	5627800	11 ReprWkCTCF
DUP00000214	6	5432986	T	<DUP>	1560	PASS	TRUE	DUP	NA	5800660	21	60	5to3	-1,1	-1,1	60	0	0	5	0.960526	TACCCTGTACTTATCAGAGAGCTTTGCTAGAACAGCATCCAGCCAGGCTGCAGAGCACGGGCCTGTTGTAAGTATAGGTGGTGCCAGTCTGTAATGTTTTTATGTTCAAAGTTTTCTAAAATTGGCACTGTTTAAAATTTAAGACTGAAA	1.96949	NA	NA	6	5627800	5628400	12 BivFlnk
DUP00000214	6	5432986	T	<DUP>	1560	PASS	TRUE	DUP	NA	5800660	21	60	5to3	-1,1	-1,1	60	0	0	5	0.960526	TACCCTGTACTTATCAGAGAGCTTTGCTAGAACAGCATCCAGCCAGGCTGCAGAGCACGGGCCTGTTGTAAGTATAGGTGGTGCCAGTCTGTAATGTTTTTATGTTCAAAGTTTTCTAAAATTGGCACTGTTTAAAATTTAAGACTGAAA	1.96949	NA	NA	6	5628400	5628800	13 ReprPC
DUP00000214	6	5432986	T	<DUP>	1560	PASS	TRUE	DUP	NA	5800660	21	60	5to3	-1,1	-1,1	60	0	0	5	0.960526	TACCCTGTACTTATCAGAGAGCTTTGCTAGAACAGCATCCAGCCAGGCTGCAGAGCACGGGCCTGTTGTAAGTATAGGTGGTGCCAGTCTGTAATGTTTTTATGTTCAAAGTTTTCTAAAATTGGCACTGTTTAAAATTTAAGACTGAAA	1.96949	NA	NA	6	5628800	5629600	14 ReprPCWk
DUP00000214	6	5432986	T	<DUP>	1560	PASS	TRUE	DUP	NA	5800660	21	60	5to3	-1,1	-1,1	60	0	0	5	0.960526	TACCCTGTACTTATCAGAGAGCTTTGCTAGAACAGCATCCAGCCAGGCTGCAGAGCACGGGCCTGTTGTAAGTATAGGTGGTGCCAGTCTGTAATGTTTTTATGTTCAAAGTTTTCTAAAATTGGCACTGTTTAAAATTTAAGACTGAAA	1.96949	NA	NA	6	5629600	5640000	13 ReprPC
DUP00000214	6	5432986	T	<DUP>	1560	PASS	TRUE	DUP	NA	5800660	21	60	5to3	-1,1	-1,1	60	0	0	5	0.960526	TACCCTGTACTTATCAGAGAGCTTTGCTAGAACAGCATCCAGCCAGGCTGCAGAGCACGGGCCTGTTGTAAGTATAGGTGGTGCCAGTCTGTAATGTTTTTATGTTCAAAGTTTTCTAAAATTGGCACTGTTTAAAATTTAAGACTGAAA	1.96949	NA	NA	6	5640000	5641400	14 ReprPCWk
DUP00000214	6	5432986	T	<DUP>	1560	PASS	TRUE	DUP	NA	5800660	21	60	5to3	-1,1	-1,1	60	0	0	5	0.960526	TACCCTGTACTTATCAGAGAGCTTTGCTAGAACAGCATCCAGCCAGGCTGCAGAGCACGGGCCTGTTGTAAGTATAGGTGGTGCCAGTCTGTAATGTTTTTATGTTCAAAGTTTTCTAAAATTGGCACTGTTTAAAATTTAAGACTGAAA	1.96949	NA	NA	6	5641400	5643000	13 ReprPC
DUP00000214	6	5432986	T	<DUP>	1560	PASS	TRUE	DUP	NA	5800660	21	60	5to3	-1,1	-1,1	60	0	0	5	0.960526	TACCCTGTACTTATCAGAGAGCTTTGCTAGAACAGCATCCAGCCAGGCTGCAGAGCACGGGCCTGTTGTAAGTATAGGTGGTGCCAGTCTGTAATGTTTTTATGTTCAAAGTTTTCTAAAATTGGCACTGTTTAAAATTTAAGACTGAAA	1.96949	NA	NA	6	5643000	5644000	14 ReprPCWk
DUP00000214	6	5432986	T	<DUP>	1560	PASS	TRUE	DUP	NA	5800660	21	60	5to3	-1,1	-1,1	60	0	0	5	0.960526	TACCCTGTACTTATCAGAGAGCTTTGCTAGAACAGCATCCAGCCAGGCTGCAGAGCACGGGCCTGTTGTAAGTATAGGTGGTGCCAGTCTGTAATGTTTTTATGTTCAAAGTTTTCTAAAATTGGCACTGTTTAAAATTTAAGACTGAAA	1.96949	NA	NA	6	5644000	5646400	13 ReprPC
DUP00000214	6	5432986	T	<DUP>	1560	PASS	TRUE	DUP	NA	5800660	21	60	5to3	-1,1	-1,1	60	0	0	5	0.960526	TACCCTGTACTTATCAGAGAGCTTTGCTAGAACAGCATCCAGCCAGGCTGCAGAGCACGGGCCTGTTGTAAGTATAGGTGGTGCCAGTCTGTAATGTTTTTATGTTCAAAGTTTTCTAAAATTGGCACTGTTTAAAATTTAAGACTGAAA	1.96949	NA	NA	6	5646400	5647800	10 ATAC
DUP00000214	6	5432986	T	<DUP>	1560	PASS	TRUE	DUP	NA	5800660	21	60	5to3	-1,1	-1,1	60	0	0	5	0.960526	TACCCTGTACTTATCAGAGAGCTTTGCTAGAACAGCATCCAGCCAGGCTGCAGAGCACGGGCCTGTTGTAAGTATAGGTGGTGCCAGTCTGTAATGTTTTTATGTTCAAAGTTTTCTAAAATTGGCACTGTTTAAAATTTAAGACTGAAA	1.96949	NA	NA	6	5647800	5651000	14 ReprPCWk
DUP00000214	6	5432986	T	<DUP>	1560	PASS	TRUE	DUP	NA	5800660	21	60	5to3	-1,1	-1,1	60	0	0	5	0.960526	TACCCTGTACTTATCAGAGAGCTTTGCTAGAACAGCATCCAGCCAGGCTGCAGAGCACGGGCCTGTTGTAAGTATAGGTGGTGCCAGTCTGTAATGTTTTTATGTTCAAAGTTTTCTAAAATTGGCACTGTTTAAAATTTAAGACTGAAA	1.96949	NA	NA	6	5651000	5651400	13 ReprPC
DUP00000214	6	5432986	T	<DUP>	1560	PASS	TRUE	DUP	NA	5800660	21	60	5to3	-1,1	-1,1	60	0	0	5	0.960526	TACCCTGTACTTATCAGAGAGCTTTGCTAGAACAGCATCCAGCCAGGCTGCAGAGCACGGGCCTGTTGTAAGTATAGGTGGTGCCAGTCTGTAATGTTTTTATGTTCAAAGTTTTCTAAAATTGGCACTGTTTAAAATTTAAGACTGAAA	1.96949	NA	NA	6	5651400	5653200	14 ReprPCWk
DUP00000214	6	5432986	T	<DUP>	1560	PASS	TRUE	DUP	NA	5800660	21	60	5to3	-1,1	-1,1	60	0	0	5	0.960526	TACCCTGTACTTATCAGAGAGCTTTGCTAGAACAGCATCCAGCCAGGCTGCAGAGCACGGGCCTGTTGTAAGTATAGGTGGTGCCAGTCTGTAATGTTTTTATGTTCAAAGTTTTCTAAAATTGGCACTGTTTAAAATTTAAGACTGAAA	1.96949	NA	NA	6	5653200	5654600	13 ReprPC
DUP00000214	6	5432986	T	<DUP>	1560	PASS	TRUE	DUP	NA	5800660	21	60	5to3	-1,1	-1,1	60	0	0	5	0.960526	TACCCTGTACTTATCAGAGAGCTTTGCTAGAACAGCATCCAGCCAGGCTGCAGAGCACGGGCCTGTTGTAAGTATAGGTGGTGCCAGTCTGTAATGTTTTTATGTTCAAAGTTTTCTAAAATTGGCACTGTTTAAAATTTAAGACTGAAA	1.96949	NA	NA	6	5654600	5657600	14 ReprPCWk
DUP00000214	6	5432986	T	<DUP>	1560	PASS	TRUE	DUP	NA	5800660	21	60	5to3	-1,1	-1,1	60	0	0	5	0.960526	TACCCTGTACTTATCAGAGAGCTTTGCTAGAACAGCATCCAGCCAGGCTGCAGAGCACGGGCCTGTTGTAAGTATAGGTGGTGCCAGTCTGTAATGTTTTTATGTTCAAAGTTTTCTAAAATTGGCACTGTTTAAAATTTAAGACTGAAA	1.96949	NA	NA	6	5657600	5658200	10 ATAC
DUP00000214	6	5432986	T	<DUP>	1560	PASS	TRUE	DUP	NA	5800660	21	60	5to3	-1,1	-1,1	60	0	0	5	0.960526	TACCCTGTACTTATCAGAGAGCTTTGCTAGAACAGCATCCAGCCAGGCTGCAGAGCACGGGCCTGTTGTAAGTATAGGTGGTGCCAGTCTGTAATGTTTTTATGTTCAAAGTTTTCTAAAATTGGCACTGTTTAAAATTTAAGACTGAAA	1.96949	NA	NA	6	5658200	5660000	14 ReprPCWk
DUP00000214	6	5432986	T	<DUP>	1560	PASS	TRUE	DUP	NA	5800660	21	60	5to3	-1,1	-1,1	60	0	0	5	0.960526	TACCCTGTACTTATCAGAGAGCTTTGCTAGAACAGCATCCAGCCAGGCTGCAGAGCACGGGCCTGTTGTAAGTATAGGTGGTGCCAGTCTGTAATGTTTTTATGTTCAAAGTTTTCTAAAATTGGCACTGTTTAAAATTTAAGACTGAAA	1.96949	NA	NA	6	5660000	5660600	12 BivFlnk
DUP00000214	6	5432986	T	<DUP>	1560	PASS	TRUE	DUP	NA	5800660	21	60	5to3	-1,1	-1,1	60	0	0	5	0.960526	TACCCTGTACTTATCAGAGAGCTTTGCTAGAACAGCATCCAGCCAGGCTGCAGAGCACGGGCCTGTTGTAAGTATAGGTGGTGCCAGTCTGTAATGTTTTTATGTTCAAAGTTTTCTAAAATTGGCACTGTTTAAAATTTAAGACTGAAA	1.96949	NA	NA	6	5660600	5660800	13 ReprPC
DUP00000214	6	5432986	T	<DUP>	1560	PASS	TRUE	DUP	NA	5800660	21	60	5to3	-1,1	-1,1	60	0	0	5	0.960526	TACCCTGTACTTATCAGAGAGCTTTGCTAGAACAGCATCCAGCCAGGCTGCAGAGCACGGGCCTGTTGTAAGTATAGGTGGTGCCAGTCTGTAATGTTTTTATGTTCAAAGTTTTCTAAAATTGGCACTGTTTAAAATTTAAGACTGAAA	1.96949	NA	NA	6	5660800	5664800	14 ReprPCWk
DUP00000214	6	5432986	T	<DUP>	1560	PASS	TRUE	DUP	NA	5800660	21	60	5to3	-1,1	-1,1	60	0	0	5	0.960526	TACCCTGTACTTATCAGAGAGCTTTGCTAGAACAGCATCCAGCCAGGCTGCAGAGCACGGGCCTGTTGTAAGTATAGGTGGTGCCAGTCTGTAATGTTTTTATGTTCAAAGTTTTCTAAAATTGGCACTGTTTAAAATTTAAGACTGAAA	1.96949	NA	NA	6	5664800	5665800	10 ATAC
DUP00000214	6	5432986	T	<DUP>	1560	PASS	TRUE	DUP	NA	5800660	21	60	5to3	-1,1	-1,1	60	0	0	5	0.960526	TACCCTGTACTTATCAGAGAGCTTTGCTAGAACAGCATCCAGCCAGGCTGCAGAGCACGGGCCTGTTGTAAGTATAGGTGGTGCCAGTCTGTAATGTTTTTATGTTCAAAGTTTTCTAAAATTGGCACTGTTTAAAATTTAAGACTGAAA	1.96949	NA	NA	6	5665800	5666600	15 Quies
DUP00000214	6	5432986	T	<DUP>	1560	PASS	TRUE	DUP	NA	5800660	21	60	5to3	-1,1	-1,1	60	0	0	5	0.960526	TACCCTGTACTTATCAGAGAGCTTTGCTAGAACAGCATCCAGCCAGGCTGCAGAGCACGGGCCTGTTGTAAGTATAGGTGGTGCCAGTCTGTAATGTTTTTATGTTCAAAGTTTTCTAAAATTGGCACTGTTTAAAATTTAAGACTGAAA	1.96949	NA	NA	6	5666600	5667200	10 ATAC
DUP00000214	6	5432986	T	<DUP>	1560	PASS	TRUE	DUP	NA	5800660	21	60	5to3	-1,1	-1,1	60	0	0	5	0.960526	TACCCTGTACTTATCAGAGAGCTTTGCTAGAACAGCATCCAGCCAGGCTGCAGAGCACGGGCCTGTTGTAAGTATAGGTGGTGCCAGTCTGTAATGTTTTTATGTTCAAAGTTTTCTAAAATTGGCACTGTTTAAAATTTAAGACTGAAA	1.96949	NA	NA	6	5667200	5667800	15 Quies
DUP00000214	6	5432986	T	<DUP>	1560	PASS	TRUE	DUP	NA	5800660	21	60	5to3	-1,1	-1,1	60	0	0	5	0.960526	TACCCTGTACTTATCAGAGAGCTTTGCTAGAACAGCATCCAGCCAGGCTGCAGAGCACGGGCCTGTTGTAAGTATAGGTGGTGCCAGTCTGTAATGTTTTTATGTTCAAAGTTTTCTAAAATTGGCACTGTTTAAAATTTAAGACTGAAA	1.96949	NA	NA	6	5667800	5668600	10 ATAC
DUP00000214	6	5432986	T	<DUP>	1560	PASS	TRUE	DUP	NA	5800660	21	60	5to3	-1,1	-1,1	60	0	0	5	0.960526	TACCCTGTACTTATCAGAGAGCTTTGCTAGAACAGCATCCAGCCAGGCTGCAGAGCACGGGCCTGTTGTAAGTATAGGTGGTGCCAGTCTGTAATGTTTTTATGTTCAAAGTTTTCTAAAATTGGCACTGTTTAAAATTTAAGACTGAAA	1.96949	NA	NA	6	5668600	5669200	15 Quies
DUP00000214	6	5432986	T	<DUP>	1560	PASS	TRUE	DUP	NA	5800660	21	60	5to3	-1,1	-1,1	60	0	0	5	0.960526	TACCCTGTACTTATCAGAGAGCTTTGCTAGAACAGCATCCAGCCAGGCTGCAGAGCACGGGCCTGTTGTAAGTATAGGTGGTGCCAGTCTGTAATGTTTTTATGTTCAAAGTTTTCTAAAATTGGCACTGTTTAAAATTTAAGACTGAAA	1.96949	NA	NA	6	5669200	5669800	10 ATAC
DUP00000214	6	5432986	T	<DUP>	1560	PASS	TRUE	DUP	NA	5800660	21	60	5to3	-1,1	-1,1	60	0	0	5	0.960526	TACCCTGTACTTATCAGAGAGCTTTGCTAGAACAGCATCCAGCCAGGCTGCAGAGCACGGGCCTGTTGTAAGTATAGGTGGTGCCAGTCTGTAATGTTTTTATGTTCAAAGTTTTCTAAAATTGGCACTGTTTAAAATTTAAGACTGAAA	1.96949	NA	NA	6	5669800	5670800	15 Quies
DUP00000214	6	5432986	T	<DUP>	1560	PASS	TRUE	DUP	NA	5800660	21	60	5to3	-1,1	-1,1	60	0	0	5	0.960526	TACCCTGTACTTATCAGAGAGCTTTGCTAGAACAGCATCCAGCCAGGCTGCAGAGCACGGGCCTGTTGTAAGTATAGGTGGTGCCAGTCTGTAATGTTTTTATGTTCAAAGTTTTCTAAAATTGGCACTGTTTAAAATTTAAGACTGAAA	1.96949	NA	NA	6	5670800	5671200	10 ATAC
DUP00000214	6	5432986	T	<DUP>	1560	PASS	TRUE	DUP	NA	5800660	21	60	5to3	-1,1	-1,1	60	0	0	5	0.960526	TACCCTGTACTTATCAGAGAGCTTTGCTAGAACAGCATCCAGCCAGGCTGCAGAGCACGGGCCTGTTGTAAGTATAGGTGGTGCCAGTCTGTAATGTTTTTATGTTCAAAGTTTTCTAAAATTGGCACTGTTTAAAATTTAAGACTGAAA	1.96949	NA	NA	6	5671200	5671800	15 Quies
DUP00000214	6	5432986	T	<DUP>	1560	PASS	TRUE	DUP	NA	5800660	21	60	5to3	-1,1	-1,1	60	0	0	5	0.960526	TACCCTGTACTTATCAGAGAGCTTTGCTAGAACAGCATCCAGCCAGGCTGCAGAGCACGGGCCTGTTGTAAGTATAGGTGGTGCCAGTCTGTAATGTTTTTATGTTCAAAGTTTTCTAAAATTGGCACTGTTTAAAATTTAAGACTGAAA	1.96949	NA	NA	6	5671800	5677000	10 ATAC
DUP00000214	6	5432986	T	<DUP>	1560	PASS	TRUE	DUP	NA	5800660	21	60	5to3	-1,1	-1,1	60	0	0	5	0.960526	TACCCTGTACTTATCAGAGAGCTTTGCTAGAACAGCATCCAGCCAGGCTGCAGAGCACGGGCCTGTTGTAAGTATAGGTGGTGCCAGTCTGTAATGTTTTTATGTTCAAAGTTTTCTAAAATTGGCACTGTTTAAAATTTAAGACTGAAA	1.96949	NA	NA	6	5677000	5678000	14 ReprPCWk
DUP00000214	6	5432986	T	<DUP>	1560	PASS	TRUE	DUP	NA	5800660	21	60	5to3	-1,1	-1,1	60	0	0	5	0.960526	TACCCTGTACTTATCAGAGAGCTTTGCTAGAACAGCATCCAGCCAGGCTGCAGAGCACGGGCCTGTTGTAAGTATAGGTGGTGCCAGTCTGTAATGTTTTTATGTTCAAAGTTTTCTAAAATTGGCACTGTTTAAAATTTAAGACTGAAA	1.96949	NA	NA	6	5678000	5678400	13 ReprPC
DUP00000214	6	5432986	T	<DUP>	1560	PASS	TRUE	DUP	NA	5800660	21	60	5to3	-1,1	-1,1	60	0	0	5	0.960526	TACCCTGTACTTATCAGAGAGCTTTGCTAGAACAGCATCCAGCCAGGCTGCAGAGCACGGGCCTGTTGTAAGTATAGGTGGTGCCAGTCTGTAATGTTTTTATGTTCAAAGTTTTCTAAAATTGGCACTGTTTAAAATTTAAGACTGAAA	1.96949	NA	NA	6	5678400	5679800	14 ReprPCWk
DUP00000214	6	5432986	T	<DUP>	1560	PASS	TRUE	DUP	NA	5800660	21	60	5to3	-1,1	-1,1	60	0	0	5	0.960526	TACCCTGTACTTATCAGAGAGCTTTGCTAGAACAGCATCCAGCCAGGCTGCAGAGCACGGGCCTGTTGTAAGTATAGGTGGTGCCAGTCTGTAATGTTTTTATGTTCAAAGTTTTCTAAAATTGGCACTGTTTAAAATTTAAGACTGAAA	1.96949	NA	NA	6	5679800	5680200	13 ReprPC
DUP00000214	6	5432986	T	<DUP>	1560	PASS	TRUE	DUP	NA	5800660	21	60	5to3	-1,1	-1,1	60	0	0	5	0.960526	TACCCTGTACTTATCAGAGAGCTTTGCTAGAACAGCATCCAGCCAGGCTGCAGAGCACGGGCCTGTTGTAAGTATAGGTGGTGCCAGTCTGTAATGTTTTTATGTTCAAAGTTTTCTAAAATTGGCACTGTTTAAAATTTAAGACTGAAA	1.96949	NA	NA	6	5680200	5681600	14 ReprPCWk
DUP00000214	6	5432986	T	<DUP>	1560	PASS	TRUE	DUP	NA	5800660	21	60	5to3	-1,1	-1,1	60	0	0	5	0.960526	TACCCTGTACTTATCAGAGAGCTTTGCTAGAACAGCATCCAGCCAGGCTGCAGAGCACGGGCCTGTTGTAAGTATAGGTGGTGCCAGTCTGTAATGTTTTTATGTTCAAAGTTTTCTAAAATTGGCACTGTTTAAAATTTAAGACTGAAA	1.96949	NA	NA	6	5681600	5681800	12 BivFlnk
DUP00000214	6	5432986	T	<DUP>	1560	PASS	TRUE	DUP	NA	5800660	21	60	5to3	-1,1	-1,1	60	0	0	5	0.960526	TACCCTGTACTTATCAGAGAGCTTTGCTAGAACAGCATCCAGCCAGGCTGCAGAGCACGGGCCTGTTGTAAGTATAGGTGGTGCCAGTCTGTAATGTTTTTATGTTCAAAGTTTTCTAAAATTGGCACTGTTTAAAATTTAAGACTGAAA	1.96949	NA	NA	6	5681800	5683000	14 ReprPCWk
DUP00000214	6	5432986	T	<DUP>	1560	PASS	TRUE	DUP	NA	5800660	21	60	5to3	-1,1	-1,1	60	0	0	5	0.960526	TACCCTGTACTTATCAGAGAGCTTTGCTAGAACAGCATCCAGCCAGGCTGCAGAGCACGGGCCTGTTGTAAGTATAGGTGGTGCCAGTCTGTAATGTTTTTATGTTCAAAGTTTTCTAAAATTGGCACTGTTTAAAATTTAAGACTGAAA	1.96949	NA	NA	6	5683000	5683400	13 ReprPC
DUP00000214	6	5432986	T	<DUP>	1560	PASS	TRUE	DUP	NA	5800660	21	60	5to3	-1,1	-1,1	60	0	0	5	0.960526	TACCCTGTACTTATCAGAGAGCTTTGCTAGAACAGCATCCAGCCAGGCTGCAGAGCACGGGCCTGTTGTAAGTATAGGTGGTGCCAGTCTGTAATGTTTTTATGTTCAAAGTTTTCTAAAATTGGCACTGTTTAAAATTTAAGACTGAAA	1.96949	NA	NA	6	5683400	5685200	14 ReprPCWk
DUP00000214	6	5432986	T	<DUP>	1560	PASS	TRUE	DUP	NA	5800660	21	60	5to3	-1,1	-1,1	60	0	0	5	0.960526	TACCCTGTACTTATCAGAGAGCTTTGCTAGAACAGCATCCAGCCAGGCTGCAGAGCACGGGCCTGTTGTAAGTATAGGTGGTGCCAGTCTGTAATGTTTTTATGTTCAAAGTTTTCTAAAATTGGCACTGTTTAAAATTTAAGACTGAAA	1.96949	NA	NA	6	5685200	5685800	13 ReprPC
DUP00000214	6	5432986	T	<DUP>	1560	PASS	TRUE	DUP	NA	5800660	21	60	5to3	-1,1	-1,1	60	0	0	5	0.960526	TACCCTGTACTTATCAGAGAGCTTTGCTAGAACAGCATCCAGCCAGGCTGCAGAGCACGGGCCTGTTGTAAGTATAGGTGGTGCCAGTCTGTAATGTTTTTATGTTCAAAGTTTTCTAAAATTGGCACTGTTTAAAATTTAAGACTGAAA	1.96949	NA	NA	6	5685800	5687600	14 ReprPCWk
DUP00000214	6	5432986	T	<DUP>	1560	PASS	TRUE	DUP	NA	5800660	21	60	5to3	-1,1	-1,1	60	0	0	5	0.960526	TACCCTGTACTTATCAGAGAGCTTTGCTAGAACAGCATCCAGCCAGGCTGCAGAGCACGGGCCTGTTGTAAGTATAGGTGGTGCCAGTCTGTAATGTTTTTATGTTCAAAGTTTTCTAAAATTGGCACTGTTTAAAATTTAAGACTGAAA	1.96949	NA	NA	6	5687600	5688200	13 ReprPC
DUP00000214	6	5432986	T	<DUP>	1560	PASS	TRUE	DUP	NA	5800660	21	60	5to3	-1,1	-1,1	60	0	0	5	0.960526	TACCCTGTACTTATCAGAGAGCTTTGCTAGAACAGCATCCAGCCAGGCTGCAGAGCACGGGCCTGTTGTAAGTATAGGTGGTGCCAGTCTGTAATGTTTTTATGTTCAAAGTTTTCTAAAATTGGCACTGTTTAAAATTTAAGACTGAAA	1.96949	NA	NA	6	5688200	5688600	14 ReprPCWk
DUP00000214	6	5432986	T	<DUP>	1560	PASS	TRUE	DUP	NA	5800660	21	60	5to3	-1,1	-1,1	60	0	0	5	0.960526	TACCCTGTACTTATCAGAGAGCTTTGCTAGAACAGCATCCAGCCAGGCTGCAGAGCACGGGCCTGTTGTAAGTATAGGTGGTGCCAGTCTGTAATGTTTTTATGTTCAAAGTTTTCTAAAATTGGCACTGTTTAAAATTTAAGACTGAAA	1.96949	NA	NA	6	5688600	5689400	10 ATAC
DUP00000214	6	5432986	T	<DUP>	1560	PASS	TRUE	DUP	NA	5800660	21	60	5to3	-1,1	-1,1	60	0	0	5	0.960526	TACCCTGTACTTATCAGAGAGCTTTGCTAGAACAGCATCCAGCCAGGCTGCAGAGCACGGGCCTGTTGTAAGTATAGGTGGTGCCAGTCTGTAATGTTTTTATGTTCAAAGTTTTCTAAAATTGGCACTGTTTAAAATTTAAGACTGAAA	1.96949	NA	NA	6	5689400	5691000	15 Quies
DUP00000214	6	5432986	T	<DUP>	1560	PASS	TRUE	DUP	NA	5800660	21	60	5to3	-1,1	-1,1	60	0	0	5	0.960526	TACCCTGTACTTATCAGAGAGCTTTGCTAGAACAGCATCCAGCCAGGCTGCAGAGCACGGGCCTGTTGTAAGTATAGGTGGTGCCAGTCTGTAATGTTTTTATGTTCAAAGTTTTCTAAAATTGGCACTGTTTAAAATTTAAGACTGAAA	1.96949	NA	NA	6	5691000	5691800	10 ATAC
DUP00000214	6	5432986	T	<DUP>	1560	PASS	TRUE	DUP	NA	5800660	21	60	5to3	-1,1	-1,1	60	0	0	5	0.960526	TACCCTGTACTTATCAGAGAGCTTTGCTAGAACAGCATCCAGCCAGGCTGCAGAGCACGGGCCTGTTGTAAGTATAGGTGGTGCCAGTCTGTAATGTTTTTATGTTCAAAGTTTTCTAAAATTGGCACTGTTTAAAATTTAAGACTGAAA	1.96949	NA	NA	6	5691800	5692600	14 ReprPCWk
DUP00000214	6	5432986	T	<DUP>	1560	PASS	TRUE	DUP	NA	5800660	21	60	5to3	-1,1	-1,1	60	0	0	5	0.960526	TACCCTGTACTTATCAGAGAGCTTTGCTAGAACAGCATCCAGCCAGGCTGCAGAGCACGGGCCTGTTGTAAGTATAGGTGGTGCCAGTCTGTAATGTTTTTATGTTCAAAGTTTTCTAAAATTGGCACTGTTTAAAATTTAAGACTGAAA	1.96949	NA	NA	6	5692600	5693000	13 ReprPC
DUP00000214	6	5432986	T	<DUP>	1560	PASS	TRUE	DUP	NA	5800660	21	60	5to3	-1,1	-1,1	60	0	0	5	0.960526	TACCCTGTACTTATCAGAGAGCTTTGCTAGAACAGCATCCAGCCAGGCTGCAGAGCACGGGCCTGTTGTAAGTATAGGTGGTGCCAGTCTGTAATGTTTTTATGTTCAAAGTTTTCTAAAATTGGCACTGTTTAAAATTTAAGACTGAAA	1.96949	NA	NA	6	5693000	5693400	14 ReprPCWk
DUP00000214	6	5432986	T	<DUP>	1560	PASS	TRUE	DUP	NA	5800660	21	60	5to3	-1,1	-1,1	60	0	0	5	0.960526	TACCCTGTACTTATCAGAGAGCTTTGCTAGAACAGCATCCAGCCAGGCTGCAGAGCACGGGCCTGTTGTAAGTATAGGTGGTGCCAGTCTGTAATGTTTTTATGTTCAAAGTTTTCTAAAATTGGCACTGTTTAAAATTTAAGACTGAAA	1.96949	NA	NA	6	5693400	5694200	10 ATAC
DUP00000214	6	5432986	T	<DUP>	1560	PASS	TRUE	DUP	NA	5800660	21	60	5to3	-1,1	-1,1	60	0	0	5	0.960526	TACCCTGTACTTATCAGAGAGCTTTGCTAGAACAGCATCCAGCCAGGCTGCAGAGCACGGGCCTGTTGTAAGTATAGGTGGTGCCAGTCTGTAATGTTTTTATGTTCAAAGTTTTCTAAAATTGGCACTGTTTAAAATTTAAGACTGAAA	1.96949	NA	NA	6	5694200	5694600	14 ReprPCWk
DUP00000214	6	5432986	T	<DUP>	1560	PASS	TRUE	DUP	NA	5800660	21	60	5to3	-1,1	-1,1	60	0	0	5	0.960526	TACCCTGTACTTATCAGAGAGCTTTGCTAGAACAGCATCCAGCCAGGCTGCAGAGCACGGGCCTGTTGTAAGTATAGGTGGTGCCAGTCTGTAATGTTTTTATGTTCAAAGTTTTCTAAAATTGGCACTGTTTAAAATTTAAGACTGAAA	1.96949	NA	NA	6	5694600	5695000	13 ReprPC
DUP00000214	6	5432986	T	<DUP>	1560	PASS	TRUE	DUP	NA	5800660	21	60	5to3	-1,1	-1,1	60	0	0	5	0.960526	TACCCTGTACTTATCAGAGAGCTTTGCTAGAACAGCATCCAGCCAGGCTGCAGAGCACGGGCCTGTTGTAAGTATAGGTGGTGCCAGTCTGTAATGTTTTTATGTTCAAAGTTTTCTAAAATTGGCACTGTTTAAAATTTAAGACTGAAA	1.96949	NA	NA	6	5695000	5696000	14 ReprPCWk
DUP00000214	6	5432986	T	<DUP>	1560	PASS	TRUE	DUP	NA	5800660	21	60	5to3	-1,1	-1,1	60	0	0	5	0.960526	TACCCTGTACTTATCAGAGAGCTTTGCTAGAACAGCATCCAGCCAGGCTGCAGAGCACGGGCCTGTTGTAAGTATAGGTGGTGCCAGTCTGTAATGTTTTTATGTTCAAAGTTTTCTAAAATTGGCACTGTTTAAAATTTAAGACTGAAA	1.96949	NA	NA	6	5696000	5697000	10 ATAC
DUP00000214	6	5432986	T	<DUP>	1560	PASS	TRUE	DUP	NA	5800660	21	60	5to3	-1,1	-1,1	60	0	0	5	0.960526	TACCCTGTACTTATCAGAGAGCTTTGCTAGAACAGCATCCAGCCAGGCTGCAGAGCACGGGCCTGTTGTAAGTATAGGTGGTGCCAGTCTGTAATGTTTTTATGTTCAAAGTTTTCTAAAATTGGCACTGTTTAAAATTTAAGACTGAAA	1.96949	NA	NA	6	5697000	5697600	14 ReprPCWk
DUP00000214	6	5432986	T	<DUP>	1560	PASS	TRUE	DUP	NA	5800660	21	60	5to3	-1,1	-1,1	60	0	0	5	0.960526	TACCCTGTACTTATCAGAGAGCTTTGCTAGAACAGCATCCAGCCAGGCTGCAGAGCACGGGCCTGTTGTAAGTATAGGTGGTGCCAGTCTGTAATGTTTTTATGTTCAAAGTTTTCTAAAATTGGCACTGTTTAAAATTTAAGACTGAAA	1.96949	NA	NA	6	5697600	5698000	13 ReprPC
DUP00000214	6	5432986	T	<DUP>	1560	PASS	TRUE	DUP	NA	5800660	21	60	5to3	-1,1	-1,1	60	0	0	5	0.960526	TACCCTGTACTTATCAGAGAGCTTTGCTAGAACAGCATCCAGCCAGGCTGCAGAGCACGGGCCTGTTGTAAGTATAGGTGGTGCCAGTCTGTAATGTTTTTATGTTCAAAGTTTTCTAAAATTGGCACTGTTTAAAATTTAAGACTGAAA	1.96949	NA	NA	6	5698000	5699200	14 ReprPCWk
DUP00000214	6	5432986	T	<DUP>	1560	PASS	TRUE	DUP	NA	5800660	21	60	5to3	-1,1	-1,1	60	0	0	5	0.960526	TACCCTGTACTTATCAGAGAGCTTTGCTAGAACAGCATCCAGCCAGGCTGCAGAGCACGGGCCTGTTGTAAGTATAGGTGGTGCCAGTCTGTAATGTTTTTATGTTCAAAGTTTTCTAAAATTGGCACTGTTTAAAATTTAAGACTGAAA	1.96949	NA	NA	6	5699200	5700800	13 ReprPC
DUP00000214	6	5432986	T	<DUP>	1560	PASS	TRUE	DUP	NA	5800660	21	60	5to3	-1,1	-1,1	60	0	0	5	0.960526	TACCCTGTACTTATCAGAGAGCTTTGCTAGAACAGCATCCAGCCAGGCTGCAGAGCACGGGCCTGTTGTAAGTATAGGTGGTGCCAGTCTGTAATGTTTTTATGTTCAAAGTTTTCTAAAATTGGCACTGTTTAAAATTTAAGACTGAAA	1.96949	NA	NA	6	5700800	5703600	14 ReprPCWk
DUP00000214	6	5432986	T	<DUP>	1560	PASS	TRUE	DUP	NA	5800660	21	60	5to3	-1,1	-1,1	60	0	0	5	0.960526	TACCCTGTACTTATCAGAGAGCTTTGCTAGAACAGCATCCAGCCAGGCTGCAGAGCACGGGCCTGTTGTAAGTATAGGTGGTGCCAGTCTGTAATGTTTTTATGTTCAAAGTTTTCTAAAATTGGCACTGTTTAAAATTTAAGACTGAAA	1.96949	NA	NA	6	5703600	5704200	13 ReprPC
DUP00000214	6	5432986	T	<DUP>	1560	PASS	TRUE	DUP	NA	5800660	21	60	5to3	-1,1	-1,1	60	0	0	5	0.960526	TACCCTGTACTTATCAGAGAGCTTTGCTAGAACAGCATCCAGCCAGGCTGCAGAGCACGGGCCTGTTGTAAGTATAGGTGGTGCCAGTCTGTAATGTTTTTATGTTCAAAGTTTTCTAAAATTGGCACTGTTTAAAATTTAAGACTGAAA	1.96949	NA	NA	6	5704200	5704400	12 BivFlnk
DUP00000214	6	5432986	T	<DUP>	1560	PASS	TRUE	DUP	NA	5800660	21	60	5to3	-1,1	-1,1	60	0	0	5	0.960526	TACCCTGTACTTATCAGAGAGCTTTGCTAGAACAGCATCCAGCCAGGCTGCAGAGCACGGGCCTGTTGTAAGTATAGGTGGTGCCAGTCTGTAATGTTTTTATGTTCAAAGTTTTCTAAAATTGGCACTGTTTAAAATTTAAGACTGAAA	1.96949	NA	NA	6	5704400	5704600	13 ReprPC
DUP00000214	6	5432986	T	<DUP>	1560	PASS	TRUE	DUP	NA	5800660	21	60	5to3	-1,1	-1,1	60	0	0	5	0.960526	TACCCTGTACTTATCAGAGAGCTTTGCTAGAACAGCATCCAGCCAGGCTGCAGAGCACGGGCCTGTTGTAAGTATAGGTGGTGCCAGTCTGTAATGTTTTTATGTTCAAAGTTTTCTAAAATTGGCACTGTTTAAAATTTAAGACTGAAA	1.96949	NA	NA	6	5704600	5705800	14 ReprPCWk
DUP00000214	6	5432986	T	<DUP>	1560	PASS	TRUE	DUP	NA	5800660	21	60	5to3	-1,1	-1,1	60	0	0	5	0.960526	TACCCTGTACTTATCAGAGAGCTTTGCTAGAACAGCATCCAGCCAGGCTGCAGAGCACGGGCCTGTTGTAAGTATAGGTGGTGCCAGTCTGTAATGTTTTTATGTTCAAAGTTTTCTAAAATTGGCACTGTTTAAAATTTAAGACTGAAA	1.96949	NA	NA	6	5705800	5706000	13 ReprPC
DUP00000214	6	5432986	T	<DUP>	1560	PASS	TRUE	DUP	NA	5800660	21	60	5to3	-1,1	-1,1	60	0	0	5	0.960526	TACCCTGTACTTATCAGAGAGCTTTGCTAGAACAGCATCCAGCCAGGCTGCAGAGCACGGGCCTGTTGTAAGTATAGGTGGTGCCAGTCTGTAATGTTTTTATGTTCAAAGTTTTCTAAAATTGGCACTGTTTAAAATTTAAGACTGAAA	1.96949	NA	NA	6	5706000	5707000	14 ReprPCWk
DUP00000214	6	5432986	T	<DUP>	1560	PASS	TRUE	DUP	NA	5800660	21	60	5to3	-1,1	-1,1	60	0	0	5	0.960526	TACCCTGTACTTATCAGAGAGCTTTGCTAGAACAGCATCCAGCCAGGCTGCAGAGCACGGGCCTGTTGTAAGTATAGGTGGTGCCAGTCTGTAATGTTTTTATGTTCAAAGTTTTCTAAAATTGGCACTGTTTAAAATTTAAGACTGAAA	1.96949	NA	NA	6	5707000	5708600	13 ReprPC
DUP00000214	6	5432986	T	<DUP>	1560	PASS	TRUE	DUP	NA	5800660	21	60	5to3	-1,1	-1,1	60	0	0	5	0.960526	TACCCTGTACTTATCAGAGAGCTTTGCTAGAACAGCATCCAGCCAGGCTGCAGAGCACGGGCCTGTTGTAAGTATAGGTGGTGCCAGTCTGTAATGTTTTTATGTTCAAAGTTTTCTAAAATTGGCACTGTTTAAAATTTAAGACTGAAA	1.96949	NA	NA	6	5708600	5709200	14 ReprPCWk
DUP00000214	6	5432986	T	<DUP>	1560	PASS	TRUE	DUP	NA	5800660	21	60	5to3	-1,1	-1,1	60	0	0	5	0.960526	TACCCTGTACTTATCAGAGAGCTTTGCTAGAACAGCATCCAGCCAGGCTGCAGAGCACGGGCCTGTTGTAAGTATAGGTGGTGCCAGTCTGTAATGTTTTTATGTTCAAAGTTTTCTAAAATTGGCACTGTTTAAAATTTAAGACTGAAA	1.96949	NA	NA	6	5709200	5709600	10 ATAC
DUP00000214	6	5432986	T	<DUP>	1560	PASS	TRUE	DUP	NA	5800660	21	60	5to3	-1,1	-1,1	60	0	0	5	0.960526	TACCCTGTACTTATCAGAGAGCTTTGCTAGAACAGCATCCAGCCAGGCTGCAGAGCACGGGCCTGTTGTAAGTATAGGTGGTGCCAGTCTGTAATGTTTTTATGTTCAAAGTTTTCTAAAATTGGCACTGTTTAAAATTTAAGACTGAAA	1.96949	NA	NA	6	5709600	5721600	14 ReprPCWk
DUP00000214	6	5432986	T	<DUP>	1560	PASS	TRUE	DUP	NA	5800660	21	60	5to3	-1,1	-1,1	60	0	0	5	0.960526	TACCCTGTACTTATCAGAGAGCTTTGCTAGAACAGCATCCAGCCAGGCTGCAGAGCACGGGCCTGTTGTAAGTATAGGTGGTGCCAGTCTGTAATGTTTTTATGTTCAAAGTTTTCTAAAATTGGCACTGTTTAAAATTTAAGACTGAAA	1.96949	NA	NA	6	5721600	5721800	11 ReprWkCTCF
DUP00000214	6	5432986	T	<DUP>	1560	PASS	TRUE	DUP	NA	5800660	21	60	5to3	-1,1	-1,1	60	0	0	5	0.960526	TACCCTGTACTTATCAGAGAGCTTTGCTAGAACAGCATCCAGCCAGGCTGCAGAGCACGGGCCTGTTGTAAGTATAGGTGGTGCCAGTCTGTAATGTTTTTATGTTCAAAGTTTTCTAAAATTGGCACTGTTTAAAATTTAAGACTGAAA	1.96949	NA	NA	6	5721800	5722000	9 EnhWkCTCFATAC
DUP00000214	6	5432986	T	<DUP>	1560	PASS	TRUE	DUP	NA	5800660	21	60	5to3	-1,1	-1,1	60	0	0	5	0.960526	TACCCTGTACTTATCAGAGAGCTTTGCTAGAACAGCATCCAGCCAGGCTGCAGAGCACGGGCCTGTTGTAAGTATAGGTGGTGCCAGTCTGTAATGTTTTTATGTTCAAAGTTTTCTAAAATTGGCACTGTTTAAAATTTAAGACTGAAA	1.96949	NA	NA	6	5722000	5722800	11 ReprWkCTCF
DUP00000214	6	5432986	T	<DUP>	1560	PASS	TRUE	DUP	NA	5800660	21	60	5to3	-1,1	-1,1	60	0	0	5	0.960526	TACCCTGTACTTATCAGAGAGCTTTGCTAGAACAGCATCCAGCCAGGCTGCAGAGCACGGGCCTGTTGTAAGTATAGGTGGTGCCAGTCTGTAATGTTTTTATGTTCAAAGTTTTCTAAAATTGGCACTGTTTAAAATTTAAGACTGAAA	1.96949	NA	NA	6	5722800	5723000	9 EnhWkCTCFATAC
DUP00000214	6	5432986	T	<DUP>	1560	PASS	TRUE	DUP	NA	5800660	21	60	5to3	-1,1	-1,1	60	0	0	5	0.960526	TACCCTGTACTTATCAGAGAGCTTTGCTAGAACAGCATCCAGCCAGGCTGCAGAGCACGGGCCTGTTGTAAGTATAGGTGGTGCCAGTCTGTAATGTTTTTATGTTCAAAGTTTTCTAAAATTGGCACTGTTTAAAATTTAAGACTGAAA	1.96949	NA	NA	6	5723000	5723200	11 ReprWkCTCF
DUP00000214	6	5432986	T	<DUP>	1560	PASS	TRUE	DUP	NA	5800660	21	60	5to3	-1,1	-1,1	60	0	0	5	0.960526	TACCCTGTACTTATCAGAGAGCTTTGCTAGAACAGCATCCAGCCAGGCTGCAGAGCACGGGCCTGTTGTAAGTATAGGTGGTGCCAGTCTGTAATGTTTTTATGTTCAAAGTTTTCTAAAATTGGCACTGTTTAAAATTTAAGACTGAAA	1.96949	NA	NA	6	5723200	5725000	15 Quies
DUP00000214	6	5432986	T	<DUP>	1560	PASS	TRUE	DUP	NA	5800660	21	60	5to3	-1,1	-1,1	60	0	0	5	0.960526	TACCCTGTACTTATCAGAGAGCTTTGCTAGAACAGCATCCAGCCAGGCTGCAGAGCACGGGCCTGTTGTAAGTATAGGTGGTGCCAGTCTGTAATGTTTTTATGTTCAAAGTTTTCTAAAATTGGCACTGTTTAAAATTTAAGACTGAAA	1.96949	NA	NA	6	5725000	5725600	10 ATAC
DUP00000214	6	5432986	T	<DUP>	1560	PASS	TRUE	DUP	NA	5800660	21	60	5to3	-1,1	-1,1	60	0	0	5	0.960526	TACCCTGTACTTATCAGAGAGCTTTGCTAGAACAGCATCCAGCCAGGCTGCAGAGCACGGGCCTGTTGTAAGTATAGGTGGTGCCAGTCTGTAATGTTTTTATGTTCAAAGTTTTCTAAAATTGGCACTGTTTAAAATTTAAGACTGAAA	1.96949	NA	NA	6	5725600	5726200	15 Quies
DUP00000214	6	5432986	T	<DUP>	1560	PASS	TRUE	DUP	NA	5800660	21	60	5to3	-1,1	-1,1	60	0	0	5	0.960526	TACCCTGTACTTATCAGAGAGCTTTGCTAGAACAGCATCCAGCCAGGCTGCAGAGCACGGGCCTGTTGTAAGTATAGGTGGTGCCAGTCTGTAATGTTTTTATGTTCAAAGTTTTCTAAAATTGGCACTGTTTAAAATTTAAGACTGAAA	1.96949	NA	NA	6	5726200	5726800	10 ATAC
DUP00000214	6	5432986	T	<DUP>	1560	PASS	TRUE	DUP	NA	5800660	21	60	5to3	-1,1	-1,1	60	0	0	5	0.960526	TACCCTGTACTTATCAGAGAGCTTTGCTAGAACAGCATCCAGCCAGGCTGCAGAGCACGGGCCTGTTGTAAGTATAGGTGGTGCCAGTCTGTAATGTTTTTATGTTCAAAGTTTTCTAAAATTGGCACTGTTTAAAATTTAAGACTGAAA	1.96949	NA	NA	6	5726800	5727400	15 Quies
DUP00000214	6	5432986	T	<DUP>	1560	PASS	TRUE	DUP	NA	5800660	21	60	5to3	-1,1	-1,1	60	0	0	5	0.960526	TACCCTGTACTTATCAGAGAGCTTTGCTAGAACAGCATCCAGCCAGGCTGCAGAGCACGGGCCTGTTGTAAGTATAGGTGGTGCCAGTCTGTAATGTTTTTATGTTCAAAGTTTTCTAAAATTGGCACTGTTTAAAATTTAAGACTGAAA	1.96949	NA	NA	6	5727400	5728400	10 ATAC
DUP00000214	6	5432986	T	<DUP>	1560	PASS	TRUE	DUP	NA	5800660	21	60	5to3	-1,1	-1,1	60	0	0	5	0.960526	TACCCTGTACTTATCAGAGAGCTTTGCTAGAACAGCATCCAGCCAGGCTGCAGAGCACGGGCCTGTTGTAAGTATAGGTGGTGCCAGTCTGTAATGTTTTTATGTTCAAAGTTTTCTAAAATTGGCACTGTTTAAAATTTAAGACTGAAA	1.96949	NA	NA	6	5728400	5730000	15 Quies
DUP00000214	6	5432986	T	<DUP>	1560	PASS	TRUE	DUP	NA	5800660	21	60	5to3	-1,1	-1,1	60	0	0	5	0.960526	TACCCTGTACTTATCAGAGAGCTTTGCTAGAACAGCATCCAGCCAGGCTGCAGAGCACGGGCCTGTTGTAAGTATAGGTGGTGCCAGTCTGTAATGTTTTTATGTTCAAAGTTTTCTAAAATTGGCACTGTTTAAAATTTAAGACTGAAA	1.96949	NA	NA	6	5730000	5730400	10 ATAC
DUP00000214	6	5432986	T	<DUP>	1560	PASS	TRUE	DUP	NA	5800660	21	60	5to3	-1,1	-1,1	60	0	0	5	0.960526	TACCCTGTACTTATCAGAGAGCTTTGCTAGAACAGCATCCAGCCAGGCTGCAGAGCACGGGCCTGTTGTAAGTATAGGTGGTGCCAGTCTGTAATGTTTTTATGTTCAAAGTTTTCTAAAATTGGCACTGTTTAAAATTTAAGACTGAAA	1.96949	NA	NA	6	5730400	5731200	15 Quies
DUP00000214	6	5432986	T	<DUP>	1560	PASS	TRUE	DUP	NA	5800660	21	60	5to3	-1,1	-1,1	60	0	0	5	0.960526	TACCCTGTACTTATCAGAGAGCTTTGCTAGAACAGCATCCAGCCAGGCTGCAGAGCACGGGCCTGTTGTAAGTATAGGTGGTGCCAGTCTGTAATGTTTTTATGTTCAAAGTTTTCTAAAATTGGCACTGTTTAAAATTTAAGACTGAAA	1.96949	NA	NA	6	5731200	5732000	10 ATAC
DUP00000214	6	5432986	T	<DUP>	1560	PASS	TRUE	DUP	NA	5800660	21	60	5to3	-1,1	-1,1	60	0	0	5	0.960526	TACCCTGTACTTATCAGAGAGCTTTGCTAGAACAGCATCCAGCCAGGCTGCAGAGCACGGGCCTGTTGTAAGTATAGGTGGTGCCAGTCTGTAATGTTTTTATGTTCAAAGTTTTCTAAAATTGGCACTGTTTAAAATTTAAGACTGAAA	1.96949	NA	NA	6	5732000	5748000	14 ReprPCWk
DUP00000214	6	5432986	T	<DUP>	1560	PASS	TRUE	DUP	NA	5800660	21	60	5to3	-1,1	-1,1	60	0	0	5	0.960526	TACCCTGTACTTATCAGAGAGCTTTGCTAGAACAGCATCCAGCCAGGCTGCAGAGCACGGGCCTGTTGTAAGTATAGGTGGTGCCAGTCTGTAATGTTTTTATGTTCAAAGTTTTCTAAAATTGGCACTGTTTAAAATTTAAGACTGAAA	1.96949	NA	NA	6	5748000	5749800	10 ATAC
DUP00000214	6	5432986	T	<DUP>	1560	PASS	TRUE	DUP	NA	5800660	21	60	5to3	-1,1	-1,1	60	0	0	5	0.960526	TACCCTGTACTTATCAGAGAGCTTTGCTAGAACAGCATCCAGCCAGGCTGCAGAGCACGGGCCTGTTGTAAGTATAGGTGGTGCCAGTCTGTAATGTTTTTATGTTCAAAGTTTTCTAAAATTGGCACTGTTTAAAATTTAAGACTGAAA	1.96949	NA	NA	6	5749800	5751600	14 ReprPCWk
DUP00000214	6	5432986	T	<DUP>	1560	PASS	TRUE	DUP	NA	5800660	21	60	5to3	-1,1	-1,1	60	0	0	5	0.960526	TACCCTGTACTTATCAGAGAGCTTTGCTAGAACAGCATCCAGCCAGGCTGCAGAGCACGGGCCTGTTGTAAGTATAGGTGGTGCCAGTCTGTAATGTTTTTATGTTCAAAGTTTTCTAAAATTGGCACTGTTTAAAATTTAAGACTGAAA	1.96949	NA	NA	6	5751600	5752000	10 ATAC
DUP00000214	6	5432986	T	<DUP>	1560	PASS	TRUE	DUP	NA	5800660	21	60	5to3	-1,1	-1,1	60	0	0	5	0.960526	TACCCTGTACTTATCAGAGAGCTTTGCTAGAACAGCATCCAGCCAGGCTGCAGAGCACGGGCCTGTTGTAAGTATAGGTGGTGCCAGTCTGTAATGTTTTTATGTTCAAAGTTTTCTAAAATTGGCACTGTTTAAAATTTAAGACTGAAA	1.96949	NA	NA	6	5752000	5752200	14 ReprPCWk
DUP00000214	6	5432986	T	<DUP>	1560	PASS	TRUE	DUP	NA	5800660	21	60	5to3	-1,1	-1,1	60	0	0	5	0.960526	TACCCTGTACTTATCAGAGAGCTTTGCTAGAACAGCATCCAGCCAGGCTGCAGAGCACGGGCCTGTTGTAAGTATAGGTGGTGCCAGTCTGTAATGTTTTTATGTTCAAAGTTTTCTAAAATTGGCACTGTTTAAAATTTAAGACTGAAA	1.96949	NA	NA	6	5752200	5753800	13 ReprPC
DUP00000214	6	5432986	T	<DUP>	1560	PASS	TRUE	DUP	NA	5800660	21	60	5to3	-1,1	-1,1	60	0	0	5	0.960526	TACCCTGTACTTATCAGAGAGCTTTGCTAGAACAGCATCCAGCCAGGCTGCAGAGCACGGGCCTGTTGTAAGTATAGGTGGTGCCAGTCTGTAATGTTTTTATGTTCAAAGTTTTCTAAAATTGGCACTGTTTAAAATTTAAGACTGAAA	1.96949	NA	NA	6	5753800	5757400	14 ReprPCWk
DUP00000214	6	5432986	T	<DUP>	1560	PASS	TRUE	DUP	NA	5800660	21	60	5to3	-1,1	-1,1	60	0	0	5	0.960526	TACCCTGTACTTATCAGAGAGCTTTGCTAGAACAGCATCCAGCCAGGCTGCAGAGCACGGGCCTGTTGTAAGTATAGGTGGTGCCAGTCTGTAATGTTTTTATGTTCAAAGTTTTCTAAAATTGGCACTGTTTAAAATTTAAGACTGAAA	1.96949	NA	NA	6	5757400	5758000	13 ReprPC
DUP00000214	6	5432986	T	<DUP>	1560	PASS	TRUE	DUP	NA	5800660	21	60	5to3	-1,1	-1,1	60	0	0	5	0.960526	TACCCTGTACTTATCAGAGAGCTTTGCTAGAACAGCATCCAGCCAGGCTGCAGAGCACGGGCCTGTTGTAAGTATAGGTGGTGCCAGTCTGTAATGTTTTTATGTTCAAAGTTTTCTAAAATTGGCACTGTTTAAAATTTAAGACTGAAA	1.96949	NA	NA	6	5758000	5767600	14 ReprPCWk
DUP00000214	6	5432986	T	<DUP>	1560	PASS	TRUE	DUP	NA	5800660	21	60	5to3	-1,1	-1,1	60	0	0	5	0.960526	TACCCTGTACTTATCAGAGAGCTTTGCTAGAACAGCATCCAGCCAGGCTGCAGAGCACGGGCCTGTTGTAAGTATAGGTGGTGCCAGTCTGTAATGTTTTTATGTTCAAAGTTTTCTAAAATTGGCACTGTTTAAAATTTAAGACTGAAA	1.96949	NA	NA	6	5767600	5768000	10 ATAC
DUP00000214	6	5432986	T	<DUP>	1560	PASS	TRUE	DUP	NA	5800660	21	60	5to3	-1,1	-1,1	60	0	0	5	0.960526	TACCCTGTACTTATCAGAGAGCTTTGCTAGAACAGCATCCAGCCAGGCTGCAGAGCACGGGCCTGTTGTAAGTATAGGTGGTGCCAGTCTGTAATGTTTTTATGTTCAAAGTTTTCTAAAATTGGCACTGTTTAAAATTTAAGACTGAAA	1.96949	NA	NA	6	5768000	5769600	15 Quies
DUP00000214	6	5432986	T	<DUP>	1560	PASS	TRUE	DUP	NA	5800660	21	60	5to3	-1,1	-1,1	60	0	0	5	0.960526	TACCCTGTACTTATCAGAGAGCTTTGCTAGAACAGCATCCAGCCAGGCTGCAGAGCACGGGCCTGTTGTAAGTATAGGTGGTGCCAGTCTGTAATGTTTTTATGTTCAAAGTTTTCTAAAATTGGCACTGTTTAAAATTTAAGACTGAAA	1.96949	NA	NA	6	5769600	5769800	11 ReprWkCTCF
DUP00000214	6	5432986	T	<DUP>	1560	PASS	TRUE	DUP	NA	5800660	21	60	5to3	-1,1	-1,1	60	0	0	5	0.960526	TACCCTGTACTTATCAGAGAGCTTTGCTAGAACAGCATCCAGCCAGGCTGCAGAGCACGGGCCTGTTGTAAGTATAGGTGGTGCCAGTCTGTAATGTTTTTATGTTCAAAGTTTTCTAAAATTGGCACTGTTTAAAATTTAAGACTGAAA	1.96949	NA	NA	6	5769800	5770000	9 EnhWkCTCFATAC
DUP00000214	6	5432986	T	<DUP>	1560	PASS	TRUE	DUP	NA	5800660	21	60	5to3	-1,1	-1,1	60	0	0	5	0.960526	TACCCTGTACTTATCAGAGAGCTTTGCTAGAACAGCATCCAGCCAGGCTGCAGAGCACGGGCCTGTTGTAAGTATAGGTGGTGCCAGTCTGTAATGTTTTTATGTTCAAAGTTTTCTAAAATTGGCACTGTTTAAAATTTAAGACTGAAA	1.96949	NA	NA	6	5770000	5770600	11 ReprWkCTCF
DUP00000214	6	5432986	T	<DUP>	1560	PASS	TRUE	DUP	NA	5800660	21	60	5to3	-1,1	-1,1	60	0	0	5	0.960526	TACCCTGTACTTATCAGAGAGCTTTGCTAGAACAGCATCCAGCCAGGCTGCAGAGCACGGGCCTGTTGTAAGTATAGGTGGTGCCAGTCTGTAATGTTTTTATGTTCAAAGTTTTCTAAAATTGGCACTGTTTAAAATTTAAGACTGAAA	1.96949	NA	NA	6	5770600	5778400	14 ReprPCWk
DUP00000214	6	5432986	T	<DUP>	1560	PASS	TRUE	DUP	NA	5800660	21	60	5to3	-1,1	-1,1	60	0	0	5	0.960526	TACCCTGTACTTATCAGAGAGCTTTGCTAGAACAGCATCCAGCCAGGCTGCAGAGCACGGGCCTGTTGTAAGTATAGGTGGTGCCAGTCTGTAATGTTTTTATGTTCAAAGTTTTCTAAAATTGGCACTGTTTAAAATTTAAGACTGAAA	1.96949	NA	NA	6	5778400	5786800	15 Quies
DUP00000214	6	5432986	T	<DUP>	1560	PASS	TRUE	DUP	NA	5800660	21	60	5to3	-1,1	-1,1	60	0	0	5	0.960526	TACCCTGTACTTATCAGAGAGCTTTGCTAGAACAGCATCCAGCCAGGCTGCAGAGCACGGGCCTGTTGTAAGTATAGGTGGTGCCAGTCTGTAATGTTTTTATGTTCAAAGTTTTCTAAAATTGGCACTGTTTAAAATTTAAGACTGAAA	1.96949	NA	NA	6	5786800	5787000	11 ReprWkCTCF
DUP00000214	6	5432986	T	<DUP>	1560	PASS	TRUE	DUP	NA	5800660	21	60	5to3	-1,1	-1,1	60	0	0	5	0.960526	TACCCTGTACTTATCAGAGAGCTTTGCTAGAACAGCATCCAGCCAGGCTGCAGAGCACGGGCCTGTTGTAAGTATAGGTGGTGCCAGTCTGTAATGTTTTTATGTTCAAAGTTTTCTAAAATTGGCACTGTTTAAAATTTAAGACTGAAA	1.96949	NA	NA	6	5787000	5787200	9 EnhWkCTCFATAC
DUP00000214	6	5432986	T	<DUP>	1560	PASS	TRUE	DUP	NA	5800660	21	60	5to3	-1,1	-1,1	60	0	0	5	0.960526	TACCCTGTACTTATCAGAGAGCTTTGCTAGAACAGCATCCAGCCAGGCTGCAGAGCACGGGCCTGTTGTAAGTATAGGTGGTGCCAGTCTGTAATGTTTTTATGTTCAAAGTTTTCTAAAATTGGCACTGTTTAAAATTTAAGACTGAAA	1.96949	NA	NA	6	5787200	5792400	14 ReprPCWk
DUP00000214	6	5432986	T	<DUP>	1560	PASS	TRUE	DUP	NA	5800660	21	60	5to3	-1,1	-1,1	60	0	0	5	0.960526	TACCCTGTACTTATCAGAGAGCTTTGCTAGAACAGCATCCAGCCAGGCTGCAGAGCACGGGCCTGTTGTAAGTATAGGTGGTGCCAGTCTGTAATGTTTTTATGTTCAAAGTTTTCTAAAATTGGCACTGTTTAAAATTTAAGACTGAAA	1.96949	NA	NA	6	5792400	5793000	10 ATAC
DUP00000214	6	5432986	T	<DUP>	1560	PASS	TRUE	DUP	NA	5800660	21	60	5to3	-1,1	-1,1	60	0	0	5	0.960526	TACCCTGTACTTATCAGAGAGCTTTGCTAGAACAGCATCCAGCCAGGCTGCAGAGCACGGGCCTGTTGTAAGTATAGGTGGTGCCAGTCTGTAATGTTTTTATGTTCAAAGTTTTCTAAAATTGGCACTGTTTAAAATTTAAGACTGAAA	1.96949	NA	NA	6	5793000	5795000	15 Quies
DUP00000214	6	5432986	T	<DUP>	1560	PASS	TRUE	DUP	NA	5800660	21	60	5to3	-1,1	-1,1	60	0	0	5	0.960526	TACCCTGTACTTATCAGAGAGCTTTGCTAGAACAGCATCCAGCCAGGCTGCAGAGCACGGGCCTGTTGTAAGTATAGGTGGTGCCAGTCTGTAATGTTTTTATGTTCAAAGTTTTCTAAAATTGGCACTGTTTAAAATTTAAGACTGAAA	1.96949	NA	NA	6	5795000	5795400	10 ATAC
DUP00000214	6	5432986	T	<DUP>	1560	PASS	TRUE	DUP	NA	5800660	21	60	5to3	-1,1	-1,1	60	0	0	5	0.960526	TACCCTGTACTTATCAGAGAGCTTTGCTAGAACAGCATCCAGCCAGGCTGCAGAGCACGGGCCTGTTGTAAGTATAGGTGGTGCCAGTCTGTAATGTTTTTATGTTCAAAGTTTTCTAAAATTGGCACTGTTTAAAATTTAAGACTGAAA	1.96949	NA	NA	6	5795400	5802600	15 Quies
DEL00000234	6	52210807	T	<DEL>	180	PASS	TRUE	DEL	NA	52210901	0	0	3to5	-6,6	-6,6	60	0	7	3	1	CTTAAGACTGACTGGTTTGATAGCCACATTTTTTAATAATTGTAGAATATACGCAGGGTGCACTTC	1.93967	NA	NA	6	52205000	52213600	14 ReprPCWk
DEL00000246	6	77510693	T	<DEL>	234	PASS	TRUE	DEL	NA	77510741	0	0	3to5	-2,2	-2,2	60	0	1	4	0.965517	AAAGCAAGGGGATTCCAGCAAAGCATCTACTTCTACTTCATTGACTCAACTTATATATAAGTTATATAACTTATATAACATATAAGTTATATAAGCATATAACAACAAACTGTTGGAAAATTCTTAAAGAGATAGTAATAC	1.82417	NA	NA	6	77259000	77813000	15 Quies
DEL00000255	6	100550002	T	<DEL>	192	PASS	TRUE	DEL	NA	100550373	0	0	3to5	-10,10	-10,10	60	0	10	4	0.992857	CTCTTTCACTTTCATCAAGAGGCTCTTTAGTTCTTCTTCGATTTCTGCCATAAGGGTGGTGTCATCTGCACCATCTGACCTGCCTCTAGAGAAACCTGTATGCAGGTCAGATGGTTGGCCTACAAAGAAAGAATATATTA	1.9774	NA	NA	6	100393800	100659600	15 Quies
BND00000258	6	109018670	A	]1:6043133]A	2334	PASS	TRUE	BND	1	109018671	2	60	5to3	-1,1	-1,1	60	0	0	37	0.969298	CGAAGTGGAGAAGGGTTCCATGTGAACAGCAGTTGAACATGGGTCAGTCGGTCCTGAGAGATGGGCGAGCGCCGTTCCGAAGGGACGGGCGATGGCCTCCGTTGCCCTCAGCCGATCGAAAGGGAGTCGGGTTCAGATCCCCGAATCCGGAGTGGCGGAGATGGGCGCCGCGAGGCGTCCAGTGCGGTAACGCAACCGATCCCGGAGAAGCCGGCGGGAGCCCC	1.90934	NA	6043133	6	109003800	109027200	15 Quies
DEL00000278	7	74034279	T	<DEL>	180	PASS	TRUE	DEL	NA	74034844	0	0	3to5	-6,6	-6,6	60	0	5	3	0.983051	AACCCTTAGAATTTCCTGTGTAATACGGGTGTCTTTGTCATTCGCAAGCCCCTTTGGATTTTGTTTAAATAATCCAAAGTGAAGATTAAAAACAAGAAGCAAGGTGTTTTTTTTTTTT	1.90464	NA	NA	7	74032000	74035600	15 Quies
DEL00000279	7	83200151	T	<DEL>	348	PASS	TRUE	DEL	NA	83201239	3	60	3to5	-3,3	-3,3	60	0	2	3	1	TTCTTGAGATAGAATCTAAGCCTGTTATGATGCTGTTTATCTTCTATCATATAATCAAGAGTTGGGTACACTCCCAA	1.92754	NA	NA	7	83199200	83211800	15 Quies
DEL00000293	8	29339254	A	<DEL>	180	PASS	TRUE	DEL	NA	29339284	0	0	3to5	-22,22	-22,22	60	0	21	3	0.982456	AGTTTGTTTTACTTTTTAGATTCCACATGTAAGTGATATCATATAGTATTTGTCTTTCTCTGGTTGACATTACATTTATCATAATACCTTTCACGTTCATCTATGTTGTTTT	1.78078	NA	NA	8	29336000	29360400	15 Quies
BND00000296	8	34789057	C	C]6:5445762]	1052	PASS	TRUE	BND	6	34789058	20	43	3to3	-25,25	-25,25	60	0	27	4	1	GACGGGCAGCAGCCGTCGTCGCGCTCCGATTCTCAGGTCCCTTTTCGGGCGCCATCTGCCCGTGCCAGCCGGCAAAGTCGATCAGGTCCCAAGAACGTGCGCGGCGCGGCTGAGAAAGAAAACTATAGCAAAAGAATTCTACAACAAAGA	1.96362	NA	5445762	8	34448000	34796600	15 Quies
DEL00000299	8	39986984	A	<DEL>	240	PASS	TRUE	DEL	NA	39987015	0	0	3to5	-12,12	-12,12	60	0	13	4	0.992537	ATGAACAGGTATGTCTGTTTATTTAAGTCTATAATTTCTTTCATCAGTGTCCTGTAATGTTCAACTGTAGATCCCATCCATACATTTCATTAGATATATAAGCTATTTCAAATAATATTAATATTTTAAAAGT	1.81089	NA	NA	8	39986000	39988200	15 Quies
INS00000303	8	61338393	T	<INS>	180	PASS	TRUE	INS	NA	61338394	0	0	NtoN	-2,2	-2,2	60	26	1	3	1	ACTCTTTTTCACTCTCCCTAATACTAGTACTTTGTTATTACTATTTACTTTAAATTACCAACCACAGCCTTACCAAGCTTTTTATTATTTATTCACTATAGGTATAGCCTT	1.77507	26	NA	8	61331000	61344400	14 ReprPCWk
DEL00000308	8	74297520	C	<DEL>	163	PASS	TRUE	DEL	NA	74298091	0	0	3to5	-22,22	-22,22	60	0	23	3	1	ACCCCCATGGATTGTAACCCACTAGGCTCCTCTGTCCATGGCATTCTCCAGGCAAGAATTCTGGGGTGGGTTGCCATCCCCTTCTCCAGTGGAAAAATGTGATATATATACATACAATAAAATATTATTCTGC	1.98304	NA	NA	8	74287000	74301400	14 ReprPCWk
DEL00000317	8	102026540	C	<DEL>	420	PASS	TRUE	DEL	NA	102028906	4	60	3to5	-20,20	-20,20	60	0	19	3	0.989362	GATCAATTTTTTTTTTAGATTAATGCCTCTTCTATTTTATGAATTCTTTTTAACAGTTGAGTCAAATTTCACAGTAGCATCAGCTCTCCCTTA	1.81634	NA	NA	8	102026200	102027000	8 EnhPoisATAC
DEL00000317	8	102026540	C	<DEL>	420	PASS	TRUE	DEL	NA	102028906	4	60	3to5	-20,20	-20,20	60	0	19	3	0.989362	GATCAATTTTTTTTTTAGATTAATGCCTCTTCTATTTTATGAATTCTTTTTAACAGTTGAGTCAAATTTCACAGTAGCATCAGCTCTCCCTTA	1.81634	NA	NA	8	102027000	102027200	7 EnhPois
DEL00000317	8	102026540	C	<DEL>	420	PASS	TRUE	DEL	NA	102028906	4	60	3to5	-20,20	-20,20	60	0	19	3	0.989362	GATCAATTTTTTTTTTAGATTAATGCCTCTTCTATTTTATGAATTCTTTTTAACAGTTGAGTCAAATTTCACAGTAGCATCAGCTCTCCCTTA	1.81634	NA	NA	8	102027200	102038200	14 ReprPCWk
DEL00000333	9	39956442	T	<DEL>	408	PASS	TRUE	DEL	NA	39958309	4	60	3to5	-18,18	-18,18	60	0	17	3	1	GAAATGACCTTTGCCTGAAAAAAAGGGGCTCCATACATGAGGATTAAGCAGATGGTCTTTTAAAGCAAAACAAAAACAAAAACTCCCCAT	1.89698	NA	NA	9	39955000	39957800	1 TssA
DEL00000333	9	39956442	T	<DEL>	408	PASS	TRUE	DEL	NA	39958309	4	60	3to5	-18,18	-18,18	60	0	17	3	1	GAAATGACCTTTGCCTGAAAAAAAGGGGCTCCATACATGAGGATTAAGCAGATGGTCTTTTAAAGCAAAACAAAAACAAAAACTCCCCAT	1.89698	NA	NA	9	39957800	39958200	3 TxFlnk
DEL00000333	9	39956442	T	<DEL>	408	PASS	TRUE	DEL	NA	39958309	4	60	3to5	-18,18	-18,18	60	0	17	3	1	GAAATGACCTTTGCCTGAAAAAAAGGGGCTCCATACATGAGGATTAAGCAGATGGTCTTTTAAAGCAAAACAAAAACAAAAACTCCCCAT	1.89698	NA	NA	9	39958200	39958800	7 EnhPois
DEL00000338	9	47599457	G	<DEL>	180	PASS	TRUE	DEL	NA	47599490	0	0	3to5	-4,4	-4,4	60	0	4	3	0.972414	ATTCATGGGGTCACAAAAAGTTGGACACGACTCAGCGACTGAACTGAACTGATCCATGTTGCTACAATGGCATTATTTCATTCTTTGTTGTTGTTGAGGAACCACTGCACTGTTTTCCATAGTGGCTGTACGAATTTACACTCCT	1.97576	NA	NA	9	47529400	48057800	15 Quies
DEL00000350	9	84545729	T	<DEL>	480	PASS	TRUE	DEL	NA	84547025	5	60	3to5	-9,9	-9,9	60	0	8	3	1	GTACAATTGATTTAAGAAAAATACCAAATAACATTTGCTTTTTTATTTTCTTCTGCATTAATTCACTTGATAAACAATGATTAAGATCCTGACTCATGCAAATACTATAATAAATTCTGGA	1.80072	NA	NA	9	84415200	84671600	15 Quies
DEL00000381	10	25259980	C	<DEL>	180	PASS	TRUE	DEL	NA	25260058	0	0	3to5	-9,9	-9,9	60	0	8	3	0.97619	TCATAGATGAATGGATAAAGAAGATCTAGATGATAGATAGATCAATATAGATATAAATAGTGAAATATTACCATAAAAAAGTAA	1.67387	NA	NA	10	25246600	25286600	15 Quies
DEL00000392	10	63703080	T	<DEL>	300	PASS	TRUE	DEL	NA	63705389	2	60	3to5	-16,16	-16,16	60	0	15	3	1	GATGCAGATAATTCCCAAATTATACTTTGAGATATCTGAATTGAGTGGTTATTTTTCAATGCAATATCTGTTTTAATAGGAATTTGATTTTCAGTCATGCC	1.86159	NA	NA	10	63514200	63844200	15 Quies
DEL00000396	10	70644449	G	<DEL>	180	PASS	TRUE	DEL	NA	70644504	0	0	3to5	-3,3	-3,3	60	0	3	3	1	AAAAAAGAAAGGAGATGATCAGTTTTTCTTTGTGGAAATAATCTTTGGCTTAACTGAGGCAGTGAAAGAAGGGATGAATGAAGAGAATTAGGACATAAAGTC	1.82681	NA	NA	10	70640200	70648400	15 Quies
DEL00000400	10	95812766	G	<DEL>	180	PASS	TRUE	DEL	NA	95812867	0	0	3to5	-1,1	-1,1	60	0	0	3	0.971429	ACTATTATCTTTGACACCTTGACTTTCTGACAGTCCATTATTTTGAATTAAGATTTTTCCCTTACTGGAAACTACTCAAATATGCTCTAAAAATTTCAAGACA	1.85103	NA	NA	10	95670000	95875800	15 Quies
DEL00000417	11	35700042	T	<DEL>	180	PASS	TRUE	DEL	NA	35700637	0	0	3to5	-4,4	-4,4	60	0	3	3	0.986486	CCCAAGCTTTTACTTTAGTCCCATTGACTATTGCATCTCTATACCATCTCATTTCAACTGTAGCCCCTGTTAGG	1.89839	NA	NA	11	35691400	35734400	15 Quies
DEL00000445	12	6486073	G	<DEL>	180	PASS	TRUE	DEL	NA	6486248	0	0	3to5	-6,6	-6,6	60	0	5	3	0.971429	CATATGTCCTTTTGACTTTGTTCTTGACCAGCGACTAATGGTCGCTACTCTGGGAATATGCCAATAAAGGGAAAGTTTTGAGTATGGGTTTGTTAATGGGTGTGT	1.92692	NA	NA	12	5342600	7419200	15 Quies
DEL00000488	12	78780741	A	<DEL>	180	PASS	TRUE	DEL	NA	78780777	0	0	3to5	-4,4	-4,4	60	0	3	3	0.991228	CAGGTGCAGTTGGGGAGTTATTCAAATAAACAAGATACTGAGTAATGAGCTGTATTTTACATGCCCCACTAATCTGTGTGATCTGGAAGCCTGCTCCCTGTGATAAAATAGACT	1.97422	NA	NA	12	78776000	78789600	14 ReprPCWk
DEL00000495	13	363603	C	<DEL>	180	PASS	TRUE	DEL	NA	363634	0	0	3to5	-22,22	-22,22	60	0	24	3	0.966387	CATAAAGTGAAATGAGACAGAAAAACAAAAACATATATTTTATCTTCATATATATATATATATATTCGTATATATGAATTTATACGTTTATCTGTCTATCTATAGGCTTCCATAGTAGC	1.78566	NA	NA	13	293000	550400	15 Quies
DEL00000501	13	14753210	T	<DEL>	180	PASS	TRUE	DEL	NA	14753311	0	0	3to5	-15,15	-15,15	60	0	14	3	0.991803	CCATATATCTAATTGCTGAAAACTAATAGATAAAAGTGGAATTTCTGCATTAAAGAATGTACGTAACTTTAAGTAGCATACTACAAAAATGCCTGCCAGATAGTAAATGCCAATTTCCAGTC	1.89057	NA	NA	13	14742800	14754800	14 ReprPCWk
DEL00000508	13	27041548	T	<DEL>	180	PASS	TRUE	DEL	NA	27042231	0	0	3to5	-10,10	-10,10	60	0	10	3	1	TGTTTGGCTGCTAAGTCATGTCTGACTCTTTGCAACTCCATGGACAGAGGAGCCTGGTGGACCACAGTTCATGGATTCATGAAGTTGAAATGAGTTGAACACGACTTAATGGCTAGACAATG	1.98417	NA	NA	13	27039200	27045000	14 ReprPCWk
DEL00000514	13	44819852	T	<DEL>	300	PASS	TRUE	DEL	NA	44821086	2	60	3to5	-9,9	-9,9	60	0	8	3	1	GTATTGGTTTTGCCATACATCAACATGAATCCGCCACGGGTGTACACATGTTCCCGATCCTATTTCTGTCTTGCTATATATACATTTGTTTGTTTTAAAATTGTCCCACTATAAACTTTGGAA	1.92164	NA	NA	13	44810600	44825200	15 Quies
DEL00000530	14	28745933	T	<DEL>	180	PASS	TRUE	DEL	NA	28745965	0	0	3to5	-34,34	-34,34	60	0	36	3	1	ATAAGAGGCAAGGAAAGAAAACAAATGGCAAATGAAGAAAATATAATGGAAAAAAGTCTTGCATTAAAACATATGAAAATTGTGATCAAACATTTTCCCAAGAACTTAAAACACTT	1.75855	NA	NA	14	28744600	28746800	15 Quies
DEL00000564	15	2671836	T	<DEL>	420	PASS	TRUE	DEL	NA	2679276	4	60	3to5	-9,9	-9,9	60	0	10	3	1	ATAAATTTTAATTTTAAATATAAAATTAAATTATAAAATATAAAATATAATAAATTAAAAATGTAAAATATATATG	1.11615	NA	NA	15	2233600	2716200	15 Quies
DEL00000567	15	3321504	C	<DEL>	299	PASS	TRUE	DEL	NA	3322716	2	60	3to5	-11,11	-11,11	60	0	11	3	0.97561	ATTATTTTATTATTGTGATTGCTGAGTAATATTCAACTGTATCATTCCCAGGCAAGAACTAGAGTGGGTTGCCATTTCTTTCTCCAATATATGTACCACATCTTTTTTATCCATTCATTTGT	1.86846	NA	NA	15	3110000	3474400	15 Quies
DEL00000581	15	31959228	G	<DEL>	180	PASS	TRUE	DEL	NA	31959263	0	0	3to5	-3,3	-3,3	60	0	2	3	1	GAAATGGCAACCCACTCCAGTATTCTTGCCTGGGAAATCCCATGGATAGAGGAGAGTCGGACACAACTTAGAGACTAAACAACAAAACAACATTAATGTATAAAATCAAGCAGTTCAGCA	1.92044	NA	NA	15	31959000	31959400	13 ReprPC
DEL00000639	16	47432791	G	<DEL>	180	PASS	TRUE	DEL	NA	47433169	0	0	3to5	-11,11	-11,11	60	0	12	3	1	GAGTACTGGAAAGACCATAGCTTTGATTATATGGACTGCTTTTAAAATACTGTTATATGGTTGATGGAAAGGGAAGAACTGCTGTATTCAGTATGTTTCCCCT	1.9285	NA	NA	16	47432200	47435600	7 EnhPois
INS00000652	16	67042959	A	<INS>	180	PASS	TRUE	INS	NA	67042960	0	0	NtoN	-16,16	-16,16	60	32	15	3	1	AATTTCCCAACTCTTCTCTTATGATTGATTCATAATTTCATTCTGTTGTGGTTTATTTTATTTTATTTTTTTTTCTGTTGTGGTTTAAAAACACACTTTGTATGATTTAATCCTTTTAAATGTCTGGAGACTTCTCTTATAGC	1.7502	32	NA	16	67042600	67061400	15 Quies
DEL00000658	17	2411525	T	<DEL>	180	PASS	TRUE	DEL	NA	2412184	0	0	3to5	-2,2	-2,2	60	0	1	3	0.991525	ATTCTGAATATGTGATGCTAACTATAAGGATAAAAGAACTCCACTTCTGCCATGCTGTTGTGAACTTTTCATTCAAGGTATGGTCAGAGCAACTAACTGAATGAAGAATGGGGACTTT	1.94751	NA	NA	17	2391200	2578600	15 Quies
DEL00000667	17	19513553	G	<DEL>	240	PASS	TRUE	DEL	NA	19513579	0	0	3to5	-2,2	-2,2	60	0	1	4	0.976471	ATTCACCTGGAGGATACCTTATCCAGCTGTGGGAAGATGTTAAGAGTGGAAGTGTAATTTGCCGGGTTCTCTTACCACTGGAA	1.97838	NA	NA	17	19296200	19728200	15 Quies
DEL00000671	17	23606434	A	<DEL>	360	PASS	TRUE	DEL	NA	23614174	3	60	3to5	-15,15	-15,15	60	0	14	3	1	AACCTGAGTTTATAAAATAAAGGTACATCATCTCAAACAAGAAAAGACTCTTAAAAGAAAAGACAGATAAATGAGTTTACAGAAATTTGG	1.78285	NA	NA	17	23567000	23616200	15 Quies
DEL00000676	17	27130364	A	<DEL>	180	PASS	TRUE	DEL	NA	27130659	0	0	3to5	-10,10	-10,10	60	0	11	3	0.968	AAAGAAGGTGTACATTTCGCTGTACACATAAAACTAACACAACATTCTAAATCAACTATTACTTCATTAAAAAAAATAAAAATTAAAAAATTTTAAACTATATACCTCTAAAATATAAGGAAA	1.66934	NA	NA	17	26901400	27464400	15 Quies
DEL00000697	18	14188311	T	<DEL>	180	PASS	TRUE	DEL	NA	14188413	0	0	3to5	-7,7	-7,7	60	0	8	3	0.964286	ACGTGGTAGTCATTTCTCCTTCATCTCACCTCGGGGTACTTGTTCTGGTGTTCTTTTCACCGTGTGTGCGTATGAATGCGTGCA	1.90742	NA	NA	18	14174200	14195400	13 ReprPC
DEL00000700	18	26619181	A	<DEL>	300	PASS	TRUE	DEL	NA	26619220	0	0	3to5	-2,2	-2,2	60	0	1	5	0.993289	TCTCCAGGAGTTTTTGCAAACATCAAAGAACACGACAGCTACGGCTCACCATCTTTCAGCTGTGATTAAAGTCAAATGATTTGCCCAAGCTAAGTTGTCTGTGGATTCTTCCAGGGATTGATGAATTTCCTTAAATATCTATAATGAGT	1.96351	NA	NA	18	26606000	26630600	14 ReprPCWk
DEL00000752	20	42674746	T	<DEL>	180	PASS	TRUE	DEL	NA	42674862	0	0	3to5	-1,1	-1,1	60	0	0	3	1	GCTGAGACACCAGGGAAGCCCAGCAAACTAGTATACCTACATTTAAAGAATGATCTCTCGATATATATTTTTTTCTATCCCTGTTTTTACATTTCTGAAATCTAGT	1.92169	NA	NA	20	42634800	42967800	15 Quies
DEL00000754	20	43721852	T	<DEL>	180	PASS	TRUE	DEL	NA	43724655	0	0	3to5	-4,4	-4,4	60	0	3	3	1	ATGTAGATTAGGACATGGATGGTAACAAAATTTAGTTCTGCAGATAAATTAAGTAAACAGAGTTACTCTATATAGCCTTGTCATAATCTTCCCAATTTTGGACT	1.89944	NA	NA	20	43697200	45082200	15 Quies
DEL00000755	20	43828126	G	<DEL>	180	PASS	TRUE	DEL	NA	43832335	0	0	3to5	-3,3	-3,3	60	0	3	3	0.993151	GTATTCTTGCTTGGAAAATTCCATGAACAGAAAATCCTGGGCTACAGTTTCCTGGCTTGAATCCACAGAGTATATAATGAATTAACATTGTGTATATATCTGTATATATATACAGACACACATAGATATATAAAGAATCTGGCTAC	1.91185	NA	NA	20	43697200	45082200	15 Quies
DEL00000757	20	46506179	A	<DEL>	100	PASS	TRUE	DEL	NA	46506615	0	0	3to5	-4,4	-4,4	36	0	3	3	0.953488	GATGCTGAAGGTGAAACTCTCATACTTCGGCCACCTGCTGGGAAGAGCTGACTCATTTGAAAAGACCCTGAGGCTGGGAAAGAATTGCTTAGTGGTATTTATGTCCTTCCACTGAGATTCAAATTCCCC	1.99603	NA	NA	20	46372800	47162600	15 Quies
DEL00000759	20	51286260	A	<DEL>	180	PASS	TRUE	DEL	NA	51286293	0	0	3to5	-21,21	-21,21	60	0	35	3	1	CCATTAACAGCTGAATGGATAAAACAGAAGATGTGTTTTATATATATATATATATATATATGTATATATATATATGCAACATAATATATAAATAAATATAAATAT	1.62391	NA	NA	20	51270200	51300200	15 Quies
BND00000769	21	673172	C	]8:10297075]C	2099	PASS	TRUE	BND	8	673173	33	60	5to3	-16,16	-16,16	60	0	15	6	0.980645	GTCCTGGTTTTAGCACTAAAAATCCCACATCTGGGAAAGCTCGGGGTTGCTGAGCCTTATATGCTGCTGCTGCTGCTAAGTCGCTTCATTCGTGTCCAACTCTATGTGACCCCATAGAAGGCAGCCCACTCAAATGAACTTGAAATGAAAAAGGA	1.99677	NA	10297075	21	668200	674200	14 ReprPCWk
DEL00000808	22	525206	C	<DEL>	169	PASS	TRUE	DEL	NA	525716	0	0	3to5	-31,31	-31,31	60	0	35	3	1	AAATTGTGCTTTCTTGCCTTTTCGTTGATGTTGTTCAGTCTCTCAGCCGTGTCCAACTCTTTGCAGCCCCATGGACTGTAGCAAGCCAGGCTTCTCTGTGCATGGAATTTTCCAGGCAAGAATACTGGAGTGGGTTGCCATTT	1.96211	NA	NA	22	503200	626800	15 Quies
DEL00000809	22	1527339	T	<DEL>	107	PASS	TRUE	DEL	NA	1527377	0	0	3to5	-2,2	-2,2	42	0	1	3	0.992	GAAGGCTGTCTTTTCACCTTGGTTAGAGTTTCTTTTGTTGTGCAGAAGCTTTTAATTTTAATTAAGTCCCATTTGTTTATTTTTGCTTTTATTTGTGACTTATGTCGGAGACTGTTTTGCCTATG	1.80206	NA	NA	22	1523200	1545200	15 Quies
DEL00000810	22	1742916	C	<DEL>	180	PASS	TRUE	DEL	NA	1743758	0	0	3to5	-14,14	-14,14	60	0	14	3	1	GGCATGGCTACCCACTCCACTATACTTGCTTGGAGAATCCCATGGACATAGGATACTTTGTATCCTACGTACAACACCTATGGTGAACTCTGTAC	1.98482	NA	NA	22	1741400	1753200	15 Quies
DEL00000819	23	5525710	G	<DEL>	164	PASS	TRUE	DEL	NA	5525756	0	0	3to5	-2,2	-2,2	60	0	1	3	0.975207	TCTCGAGTTGTGCTGTTTTACAAAATACACCGTAGAATTTGTTTACAGAGCGTAGAATAGTCCAGTTTTTAAAATTCTCATAGTTCAACTTATTCAGTGAAAGTCTGGATACCTACCATG	1.93129	NA	NA	23	5525400	5525800	8 EnhPoisATAC
BND00000852	23	38727087	A	A]5:28408738]	674	PASS	TRUE	BND	5	38727088	0	0	3to3	-5,5	-5,5	60	0	4	13	0.953846	AATAGAATAGTTATACAGGTAGTTATAAAAGTCCCAGTAGGGGATTATAGGTAGAAAGGGGAAACCTGGGGATAAAAAAGAAAAAAAAAAATGTATTTAAGATCATCACTTGACCAAGAGAAATTATTAAACATGGCAGTCTCAACTGAAAATGAAACAAATGAAGAATTCGATTTGAAAAAAAAAATAAATAA	1.75819	NA	28408738	23	38717000	38728600	15 Quies
DEL00000905	26	3359620	T	<DEL>	300	PASS	TRUE	DEL	NA	3360945	2	60	3to5	-12,12	-12,12	60	0	12	3	0.991667	CACTAGTTTGTATTGTATGAGAGGATTTTTGCATTTTGAATTTTCTTAAATCATTACACAGATACATTATATTACACACATCAAACCAAAAGGCAATTCATAGTTGGTTTTAAATATGAG	1.84774	NA	NA	26	3203600	3587800	15 Quies
BND00000931	27	6219484	G	[1:6042885[G	7722	PASS	TRUE	BND	1	6219485	111	60	5to5	-2,2	-2,2	60	0	1	20	0.960976	GGCGCCGGCAGTCGGAGAGGCGCGAGAGGGACGGGAGCCCGGGGCGCGGGGGGCCTCAAGGAGGAGAAGGGGGGTCACCCCTTTCCCCCCCCCAAACACCCCCCCACCCCACCCCACCCCCGCGGACGCTACGCCGCGACGAGTAGGAGGGCCGCTGCGGTGAGCCTTGAAGCCTAGGGCGCGGGCCCGGGTGGAGCCGCC	1.74984	NA	6042885	27	6214400	6242200	15 Quies
INS00000941	27	23617303	T	<INS>	180	PASS	TRUE	INS	NA	23617304	0	0	NtoN	-6,6	-6,6	60	26	6	3	1	TTCACTTGTCAATAGCACTGTCCTCCCGAAAAAGCATAAGTGTTTTGAAGTGGAGGTAAAAAGAAGGGTGATGACTTTGTATATGAATTTTGACTTGATGTTATTTTTAATGAATGCTAT	1.89361	26	NA	27	23616400	23620800	15 Quies
DEL00000942	27	31942924	A	<DEL>	180	PASS	TRUE	DEL	NA	31942956	0	0	3to5	-9,9	-9,9	60	0	8	3	0.991525	GGTAAGAAATAAGGAAATTCGAAAAAATATTACTTGAGTTAATAGTATGCCAATATAGGTTCAATATATATATATATATATATATATATACACACAACAAATCCATTATAGTAATAAT	1.70643	NA	NA	27	31922400	32007800	15 Quies
DEL00000979	28	21629972	A	<DEL>	180	PASS	TRUE	DEL	NA	21630003	0	0	3to5	-5,5	-5,5	60	0	6	3	1	AATGCTTTAACTACATTTTACTAAACCCTACTATGTTTAACCATCCTATCAGCAAAGCTAGGAGTTTAAAATTAT	1.84418	NA	NA	28	21342200	21855800	15 Quies
DEL00000981	28	22031214	C	<DEL>	180	PASS	TRUE	DEL	NA	22031673	0	0	3to5	-8,8	-8,8	60	0	7	3	1	ATGTGGGCCAATTAATCATTTTGACTGAAGAGAAAAGGGCAAAAGACGGAAAAAATATTCAGAATTAAAAATGAATGCATCAAT	1.81068	NA	NA	28	21994400	22084200	15 Quies
DEL00001001	29	19944498	G	<DEL>	180	PASS	TRUE	DEL	NA	19944864	0	0	3to5	-11,11	-11,11	60	0	12	3	0.991935	CACTACAGAGCACTGAGTAGGGTTCCTGAACTATGCAGTAGGCTCTCACTGGTTATCTATTTTGTACATAGTATCAAGAGCGTATGTATGTTAATCCTAAAGTTCCAATTTTTTCCACCCCCTG	1.96785	NA	NA	29	19906400	19966800	15 Quies
DEL00001002	29	21867936	G	<DEL>	180	PASS	TRUE	DEL	NA	21867984	0	0	3to5	-2,2	-2,2	60	0	1	3	1	AAACTTGCTTATAGTTTCCTTTGCTGTGCAAAAGCTTTTAAGTGGGAGATGGGTCATAGAGGATCTTGCTTTGATTTATATCATCGAGTGTTCTGCCT	1.91906	NA	NA	29	21668200	22039200	15 Quies
DEL00001017	29	38594375	T	<DEL>	180	PASS	TRUE	DEL	NA	38594402	0	0	3to5	-13,13	-13,13	60	0	17	3	0.990291	GAAAGGGATATTAAAGTCTCCCACAATTTTTGTGTTATTGTTAATTTATGTATATATATATATATACATTGGCTGAACTAGGTATTCATTGCTGCTCAGGACT	1.86704	NA	NA	29	38477600	39929600	15 Quies
DEL00001038	X	11546504	G	<DEL>	376	PASS	TRUE	DEL	NA	11548759	4	60	3to5	-9,9	-9,9	60	0	9	3	1	TAGTGTACTGTTCTGCTCTGTCTAAACAATCTCATTCGTGACTTTATGATGTATTTAGGCACAATGCTAAGCTCTAACTGCCGTAATCT	1.93768	NA	NA	X	10718600	11966400	15 Quies
DEL00001041	X	18689062	T	<DEL>	431	PASS	TRUE	DEL	NA	18690179	5	60	3to5	-1,1	-1,1	51	0	0	3	0.973684	AAATCATGCCTGGGAATTGAACATGAGCTATTCCTTTGTTAGGCTAGTGTGGTGACTAAAATGCTAGACACTTCTGTCATGAAGTGGCCCCTTTTCCTCTGCACATAAATACAT	1.97518	NA	NA	X	18688600	18697200	15 Quies
DEL00001055	X	35333606	A	<DEL>	180	PASS	TRUE	DEL	NA	35333730	0	0	3to5	-2,2	-2,2	60	0	1	3	1	TCAAATACGGGATATTATTTAAACCATGCAAAACCAGCTGAACCAAATACCTTTTTTCCCCTTATGATGTGAACTCTTAGGATTTACTCTCAATGACATTCATGTATAACATAAAGCACT	1.89512	NA	NA	X	35302200	35379800	15 Quies
DEL00001058	X	58223712	T	<DEL>	155	PASS	TRUE	DEL	NA	58224601	0	0	3to5	-13,13	-13,13	60	0	20	3	0.983333	AGCTAGAAATAATTACCGTGATTAATATTTCTTCCTTATGTCATGGGACCTAAAGTATTATTCGCTCAGTCGTGTCTTACTCTTTGTGACACCGTGGATTGTAGCCTGTCAGGCTTCTCT	1.94311	NA	NA	X	58183800	58514400	15 Quies
